tipo,semente,n_ajuste,n_grupos_ajuste,ari,status,diagnostico
semente,7,70,52,1.0,calculado,True
semente,21,70,52,1.0,calculado,True
semente,84,70,52,1.0,calculado,True
subamostra_80pct,100,56,46,1.0,calculado,True
subamostra_80pct,101,56,41,1.0,calculado,True
subamostra_80pct,102,56,46,1.0,calculado,True
subamostra_80pct,103,56,40,1.0,calculado,True
subamostra_80pct,104,56,43,1.0,calculado,True
subamostra_80pct,105,56,45,1.0,calculado,True
subamostra_80pct,106,56,44,1.0,calculado,True
subamostra_80pct,107,56,43,1.0,calculado,True
subamostra_80pct,108,56,40,1.0,calculado,True
subamostra_80pct,109,56,43,1.0,calculado,True
subamostra_80pct,110,56,44,1.0,calculado,True
subamostra_80pct,111,56,43,1.0,calculado,True
subamostra_80pct,112,56,43,1.0,calculado,True
subamostra_80pct,113,56,41,1.0,calculado,True
subamostra_80pct,114,56,43,1.0,calculado,True
subamostra_80pct,115,56,41,1.0,calculado,True
subamostra_80pct,116,56,45,1.0,calculado,True
subamostra_80pct,117,56,43,1.0,calculado,True
subamostra_80pct,118,56,43,1.0,calculado,True
subamostra_80pct,119,56,43,1.0,calculado,True
subamostra_grupos_80pct,200,53,41,1.0,calculado,True
subamostra_grupos_80pct,201,55,41,1.0,calculado,True
subamostra_grupos_80pct,202,52,41,0.05539328852212288,calculado,True
subamostra_grupos_80pct,203,59,41,1.0,calculado,True
subamostra_grupos_80pct,204,56,41,1.0,calculado,True
subamostra_grupos_80pct,205,51,41,1.0,calculado,True
subamostra_grupos_80pct,206,49,41,1.0,calculado,True
subamostra_grupos_80pct,207,55,41,1.0,calculado,True
subamostra_grupos_80pct,208,59,41,1.0,calculado,True
subamostra_grupos_80pct,209,59,41,1.0,calculado,True
subamostra_grupos_80pct,210,56,41,1.0,calculado,True
subamostra_grupos_80pct,211,57,41,1.0,calculado,True
subamostra_grupos_80pct,212,55,41,1.0,calculado,True
subamostra_grupos_80pct,213,57,41,1.0,calculado,True
subamostra_grupos_80pct,214,52,41,1.0,calculado,True
subamostra_grupos_80pct,215,52,41,1.0,calculado,True
subamostra_grupos_80pct,216,53,41,1.0,calculado,True
subamostra_grupos_80pct,217,55,41,1.0,calculado,True
subamostra_grupos_80pct,218,57,41,1.0,calculado,True
subamostra_grupos_80pct,219,58,41,1.0,calculado,True
