fonte,competencia,codigo,descricao,classe,grupo_particao,cluster,pc1,pc2,diagnostico
der_es,2026-05,110101,"Chapisco com argamassa de cimento e areia média ou grossa lavada no traço 1:3, espessura 5 mm, preparo manual",revestimentos_forros,v_a2c8ab32bb99749e,0,-0.5291501671926113,0.9706303030991841,True
der_es,2026-05,110201,Forro de gesso acabamento tipo liso,revestimentos_forros,v_d2a347430692cccd,0,-3.6349963396502605,-3.0193666647213244,True
der_es,2026-05,110210,"Forro em réguas de PVC branco L = 20 cm, frisado, estruturado por perfis de aço galvanizado e tirantes rígidos fabricado de acordo com a NBR-14285, fornecimento e instalação",revestimentos_forros,v_252342c7f49f80e6,0,0.41882473884802696,-1.8715091360016154,True
der_es,2026-05,110301,"Emboço de argamassa de cimento, cal hidratada CH1 e areia lavada traço 1:0.5:6, espessura 20 mm",revestimentos_forros,v_4c59f65b4cddf39b,0,0.5055474542916544,1.3534018940947161,True
der_es,2026-05,110302,"Reboco tipo paulista de argamassa de cimento, cal hidratada CH1 e areia lavada traço 1:0.5:6, espessura 25 mm",revestimentos_forros,v_4c59f65b4cddf39b,0,1.109703809101329,1.525029851715071,True
der_es,2026-05,110401,"Recolocação de forro de madeira existente, com aproveitamento integral do material, incluindo desmontagem, limpeza e remontagem das peças",revestimentos_forros,v_fe6416f493ddd855,0,1.7452936766006273,2.3290092805640565,True
der_es,2026-05,120101,"Chapisco com argamassa de cimento e areia média ou grossa lavada no traço 1:3, espessura 5 mm, preparo manual",revestimentos_forros,v_a2c8ab32bb99749e,0,-0.6231054474451941,0.7533472018199546,True
der_es,2026-05,120201,"Azulejo branco 15 x 15 cm, juntas a prumo, assentado com argamassa de cimento colante, inclusive rejuntamento com cimento branco, marcas de referência Eliane, Cecrisa ou Portobello",revestimentos_forros,v_f642d35ec76032eb,0,-0.8335029941558953,-1.955089222167761,True
der_es,2026-05,120221,"Pastilha cerâmica branca 5 x 5 cm, assentada com argamassa de cimento colante e rejunte pré-fabricado, marcas de referência Atlas, Jatobá, NGK ou equivalentwe",revestimentos_forros,v_65fe89dd42f9233b,0,-0.7643042370460219,-2.333184204641042,True
der_es,2026-05,120224,"Assentamento de revestimento cerâmico com cimento colante, excl. rejuntamento e cerâmica",revestimentos_forros,v_6c1322bcdadbc4aa,0,-0.5313339641437668,1.4772050126007967,True
der_es,2026-05,120232,"Cerâmica 10 x 10 cm, branco brilhante ref Galeria Mesh BR telada, ELIANE, STRUFALDI, CERAL, empregando argamassa colante, inclusive rejuntamento junta plus cinza claro esp. 3 mm",revestimentos_forros,v_9e2c420e28f08f02,0,-1.161636751030596,-2.3912289182853437,True
der_es,2026-05,120241,"Cerâmica retificada, acabamento brilhante, dim. 32x60cm, ref. TRADIZIONALLE BIANCO Biancogres/equiv. assentado com argamassa de cimento colante, inclusive rejuntamento com argamassapre-fabricada para rejunte",revestimentos_forros,v_17b10d9c9dcce781,0,-0.7048324374315461,-1.5683406287412212,True
der_es,2026-05,120301,"Emboço de argamassa de cimento, cal hidratada CH1 e areia média ou grossa lavada no traço 1:0.5:6, espessura 20 mm",revestimentos_forros,v_4c59f65b4cddf39b,0,0.38807030372174156,1.2607809903783005,True
der_es,2026-05,120302,"Reboco de argamassa de cimento, cal hidratada CH1 e areia média ou grossa lavada no traço 1:0.5:6, espessura 5mm",revestimentos_forros,v_4c59f65b4cddf39b,0,0.48355799421639845,1.8994434816394725,True
der_es,2026-05,120303,"Reboco tipo paulista de argamassa de cimento, cal hidratada CH1 e areia média ou grossa lavada no traço 1:0.5:6, espessura 25 mm",revestimentos_forros,v_4c59f65b4cddf39b,0,0.932179203293045,1.463565411382534,True
der_es,2026-05,120304,"Reboco de argamassa de cimento, cal hidratada CH1 e areia média ou grossa lavada no traço 1:0.5:6, com impermeabilizante para revestimentos (caixas, fossas, filtros, cisternas, etc...)",revestimentos_forros,v_cfc46a1e6fee449f,0,1.1633108965801078,1.059058053896687,True
der_es,2026-05,120308,"Chapisco de argamassa de cimento e areia média ou grossa lavada no traço 1:3, espessura 5mm, com utilização de impermeabilizante",revestimentos_forros,v_a362869115671df5,0,-0.38675141885409314,0.42965760072112974,True
der_es,2026-05,130103,"Regularização de base para revestimento cerâmico, com argamassa de cimento e areia no traço 1:5, espessura: 3 cm",pisos,v_a2c8ab32bb99749e,0,-0.4480589209985316,0.49803921652513894,True
der_es,2026-05,130104,"Regularização de base p/ revestimento cerâmico, com argamassa de cimento e areia no traço 1:5, espessura 5cm",pisos,v_a2c8ab32bb99749e,0,-0.3281759121297798,0.33740810972979635,True
der_es,2026-05,130109,"Lastro regularizado e impermeabilizado de concreto não estrutural, espessura de 8 cm",pisos,v_33eecbd3c316d76e,0,0.5720467784342794,-0.8796066597637798,True
der_es,2026-05,130110,"Lastro regularizado de concreto não estrutural, espessura de 8 cm",pisos,v_7374736633a4f48d,0,0.4497777984063655,-0.27812936505069613,True
der_es,2026-05,130111,"Lastro impermeabilizado de concreto não estrutural, espessura de 6 cm",pisos,v_33eecbd3c316d76e,0,0.3855693625097822,-0.827970996773967,True
der_es,2026-05,130112,"Lastro de concreto não estrutural, espessura de 6 cm",pisos,v_7374736633a4f48d,0,0.2630858351744711,-0.22713857274048452,True
der_es,2026-05,130113,"Lastro impermeabilizado de concreto não estrutural, espessura de 8cm",pisos,v_33eecbd3c316d76e,0,0.5929062677764138,-0.8537671211120608,True
der_es,2026-05,130202,"Piso cimentado liso com 1.5 cm de espessura, de argamassa de cimento e areia no traço 1:3 e juntas plásticas em quadros de 1 m",pisos,v_e2e52cba3a2ef983,0,0.5976705932616296,0.9139696678110704,True
der_es,2026-05,130205,"Piso de tábuas corridas de Peroba de 15cm sobre caibros de 5x6cm espaçados de 50cm, fixados com argamassa de cimento e areia no traço 1:5",pisos,v_a0bae2d76326d8c8,0,2.2567200826535134,-2.1719567251378966,True
der_es,2026-05,130209,"Piso de cimentado camurçado executado com argamassa de cimento e areia no traço 1:3, esp. 3.0cm",pisos,v_4084768b50e6b216,0,0.31638885356745794,-0.12684903396131858,True
der_es,2026-05,130210,"Piso cimentado liso com 1.5 cm de espessura, em argamassa de cimento e areia no traço 1:3 e juntas plásticas em quadros de 1 m colorido com corante tipo Xadrez ou equivalente",pisos,v_081d020777014708,0,0.6311652350797824,0.0456609292226845,True
der_es,2026-05,130211,"Fornecimento e instalação de Piso Paviflex dim. 30x30cm, esp. 2mm linha Chroma Concept ref. Fademac ou equivalente",pisos,v_69517c5e98ee3893,0,-3.6349963396502583,-3.0193666647213258,True
der_es,2026-05,130222,"Revestimento de piso com placas de borracha plurigoma preto pastilhado ou equivalente, inclusive arremate",pisos,v_67238874b06f5313,0,-3.6349963396502583,-3.0193666647213258,True
der_es,2026-05,130223,"Assentamento de piso cerâmico, com utilização de cimento colante, excl. rejuntamento e cerâmica",pisos,v_8068b6772e214165,0,-0.6120740889862126,1.3387155681569767,True
der_es,2026-05,130225,"Rejuntamento de piso cerâmico, usando cimento branco, para juntas de no máximo 3mm de espessura",pisos,v_948103301b8dacda,0,-0.37741323793557735,2.1352112506904093,True
der_es,2026-05,130226,"Rejuntamento empregando argamassa para rejunte, esp. 5mm",pisos,v_aa2a63f981912262,0,-0.9608747669838377,0.38148505704900176,True
der_es,2026-05,130228,"Assentamento e rejuntamento de piso em porcelanato (dimensões superiores a 30x30cm) utilizando dupla colagem de argamassa colante para porcelanato tipo ACIII, exclusive fornecimento do porcelanato e do rejunte",pisos,v_daf99c12b1dacd5e,0,-0.07540857148932667,1.2846921852915338,True
der_es,2026-05,130230,"Piso argamassa alta resistência tipo granilite ou equiv de qualidade comprovada, esp de 10mm, com juntas plástica em quadros de 1m, na cor natural, com acabamento anti-derrapante mecanizado, inclusive regularização e=3.0cm",pisos,v_18b17ced41ec4192,1,7.407041853376264,-2.41491825538298,True
der_es,2026-05,130231,"Piso argamassa alta resistência tipo granilite ou equiv de qualidade comprovada, esp de 10mm, com juntas plástica em quadros de 1m, na cor natural, com acabamento polido mecanizado, inclusive regularização e=3.0cm",pisos,v_18b17ced41ec4192,1,7.950525829251338,-2.5388337021098812,True
der_es,2026-05,130233,"Porcelanato esmaltado, acabamento acetinado, dim. 60x60cm, ref. de cor CIMENTO CINZA BOLD Portobello/equiv, utilizando dupla colagem de argamassa colante para porcelanato tipo ACIII e rejunte 3mm para porcelanato",pisos,v_9d39b35ba93fa234,0,-0.35713407869994807,-1.5000668271394957,True
der_es,2026-05,130234,"Porcelanato natural retificado, acabamento acetinado, dim. 60x60cm, ref. PLATINA NA Eliane/equiv, utilizando dupla colagem de argamassa colante para porcelanato tipo ACIII e rejunte e rejunte 3mm para porcelanato",pisos,v_707677f9757aa1ea,0,-0.5532210066492035,-2.089450641932264,True
der_es,2026-05,130236,"Piso cerâmico esmaltado, PEI 5, acabamento semibrilho, dim. 45x45cm, ref. de cor CARGO PLUS WHITE Eliane/equiv. assentado com argamassa de cimento colante, inclusive rejuntamento",pisos,v_41d7784f76cc4bf7,0,-0.7868669300358396,-1.7107205895861115,True
der_es,2026-05,130237,"Assentamento e rejuntamento de piso em porcelanato (dimensões superiores a 30x30cm) utilizando dupla colagem de argamassa colante para porcelanato tipo ACII/ACIII, exclusive fornecimento do porcelanato e do rejunte",pisos,v_daf99c12b1dacd5e,0,-0.07540857148932667,1.2846921852915338,True
der_es,2026-05,130403,"Recomposição de piso cimentado, com argamassa de cimento e areia no traço 1:3, com 2 cm de espessura, incl. lastro",pisos,v_c6225bc81a0200b7,1,4.377895948178953,-1.0030430658237204,True
der_es,2026-05,190101,"Emassamento de paredes e forros, com duas demãos de massa corrida, referência Suvinil, Coral, Metalatex ou equivalente, inclusive uma demão de liquido selador PVA, referência Suvinil, Coral ou Metalatex ou equivalente",pintura,v_757a95c8a3cb40b3,0,-0.036942882284735024,1.0252407497932572,True
der_es,2026-05,190102,"Emassamento de paredes e forros, com duas demãos de massa à base de óleo, marcas de referência Suvinil, Coral ou Metalatex",pintura,v_5f1fa37a37d0d251,0,-0.5934464180494046,0.321527424960283,True
der_es,2026-05,190103,"Emassamento de paredes e forros, com duas demãos de massa acrílica premium, referência Suvinil, Coral ou Sherwin Williams ou equivalente, inclusive uma demão de liquido selador acrílico, referência Suvinil, Coral ou Metalatex ou equivalente",pintura,v_f5f7fcbc7ffe43f8,0,-0.21471288788551438,0.4909126069002574,True
der_es,2026-05,190104,"Pintura em paredes e forros, aplicação manual, com três demãos de tinta látex premium, referência Suvinil, Coral e Metalatex, inclusive uma demão de liquido selador PVA, referência Suvinil, Coral ou Metalatex ou equivalente",pintura,v_d8aaef5ba56b0143,0,0.0661733429500693,0.9447805515480215,True
der_es,2026-05,190105,"Pintura em paredes e forros, aplicação manual, com três demãos de tinta esmalte sintético premium, acabamento fosco, referência Suvinil, Coral ou Metalatex, inclusive uma demão de liquido selador acrílico, referência Suvinil, Coral ou Metalatex ou equivalente",pintura,v_61253787c539a966,0,0.14541875574260937,0.21366054593425768,True
der_es,2026-05,190106,"Pintura em paredes e forros, aplicação manual, com três demão de tinta látex acrílico premium, referência Coral e Metalatex, inclusive uma demão de liquido selador acrílico, referência Suvinil, Coral ou Metalatex ou equivalente",pintura,v_7772aff8ada6665c,0,0.04011591311077663,0.8661334214613168,True
der_es,2026-05,190107,Pintura com nata de cimento sobre superfície áspera a três demãos,pintura,v_c26285872c899de9,0,-1.2503892154744942,1.8622581477140192,True
der_es,2026-05,190108,"Pintura a cal (tipo caiação), sobre paredes e forros, a três demãos",pintura,v_1ddc5f355b91f535,0,-0.19163138844891167,1.7702209046181725,True
der_es,2026-05,190114,"Preparo em paredes e forros, aplicação manual, com uma demão de líquido selador acrílico, referência Suvinil, Coral ou Metalatex ou equivalente",pintura,v_9591742a2e6b7c64,0,-1.1490465241091885,0.3108104786705775,True
der_es,2026-05,190115,"Pintura, sobre paredes e forros, aplicação manual, com duas demãos de tinta látex PVA premium, referência Suvinil, Coral e Metalatex, inclusive uma demão de liquido selador PVA, referência Suvinil, Coral ou Metalatex ou equivalente",pintura,v_d8aaef5ba56b0143,0,0.026128850502319684,1.019780254198745,True
der_es,2026-05,190116,"Pintura, sobre paredes e forros, aplicação manual, com duas demãos de tinta esmalte sintético, referência Suvinil, Coral e Metalatex, inclusive uma demão de liquido selador PVA, referência Suvinil, Coral ou Metalatex ou equivalente",pintura,v_61253787c539a966,0,0.11027818886544818,0.3151218624984137,True
der_es,2026-05,190117,"Pintura sobre paredes e forros, aplicação manual, com duas demãos de tinta látex acrílico premium, acabamento fosco, referência Suvinil, Coral e Metalatex, inclusive uma demão de liquido selador acrílico, referência Suvinil, Coral ou Metalatex",pintura,v_7772aff8ada6665c,0,-0.004351906682943148,0.9395595601429315,True
der_es,2026-05,190121,"Preparo em paredes e forros, aplicação manual, com uma demão de líquido selador PVA, referência Suvinil, Coral ou Metalatex ou equivalente",pintura,v_dfc2cd0a407647a1,0,-1.0984443841423688,0.45151056044859833,True
der_es,2026-05,190201,"Pintura sobre concreto ou blocos cerâmicos aparentes, aplicação manual, com duas demãos de verniz acrílico a base de água, acabamento fosco, referência Suvinil, Coral, Metalatex ou equivalente",pintura,v_42425ef1b6be46c9,0,-1.3589133368443116,-0.5544269386056593,True
der_es,2026-05,190202,"Pintura sobre concreto ou blocos cerâmicos aparentes, aplicação manual, com uma demão de silicone incolor, referência Suvinil, Sika, Vedacit ou equivalente",pintura,v_75e4f5dfca1df21a,0,-1.1573582169481658,-0.07884891262212863,True
der_es,2026-05,190203,"Pintura sobre concreto ou blocos de concreto, aplicação manual, com três demãos de tinta látex acrílico premium, referência Suvinil, Coral e Metalatex, inclusive uma demão de liquido selador acrílico, referência Suvinil, Coral ou Metalatex ou equivalente",pintura,v_7772aff8ada6665c,0,-0.15541145012533383,0.48030611285633135,True
der_es,2026-05,190204,"Pintura sobre cobogós de concreto, aplicação manual, com duas demãos de tinta látex acrílico premium, referência Suvinil, Coral e Metalatex, inclusive uma demão de liquido selador acrílico, referência Suvinil, Coral ou Metalatex ou equivalente",pintura,v_7772aff8ada6665c,0,0.3565045961290213,1.3612656073725122,True
der_es,2026-05,190205,"Pintura a cal de meio-fio (tipo a caiação), aplicação manual, a três demãos",pintura,v_595768cdbb1e50d7,0,-0.9738037469263194,1.4641307571800213,True
der_es,2026-05,190211,"Pintura sobre concreto ou blocos de concreto, aplicação manual, com duas demãos de tinta látex PVA premium, referência Suvinil, Coral e Metalatex, inclusive uma demão de liquido selador PVA, referência Suvinil, Coral ou Metalatex ou equivalente",pintura,v_d8aaef5ba56b0143,0,0.026128850502319684,1.019780254198745,True
der_es,2026-05,190301,"Emassamento de esquadrias e elementos de madeira, com duas demãos de massa à base água, referência Suvinil, Coral, Sherwin Williams ou equivalente, inclusive uma demão de fundo nivelador alquídico branco, referência Suvinil, Coral ou Metalatex ou equivalente",pintura,v_fa471d6fbc85cb1f,0,-0.15717026756222882,-0.7356934694852452,True
der_es,2026-05,190302,"Pintura de esquadrias e elementos de madeira, aplicação manual, com duas demãos de tinta esmalte sintético referência Suvinil, Coral ou Metalatex, inclusive fundo branco nivelador, referência Suvinil, Coral e Metalatex ou equivalente",pintura,v_6822f94c8991cc97,0,-0.3192733312206813,-0.987714580760659,True
der_es,2026-05,190303,"Pintura de esquadrias e elementos de madeira, aplicação manual, com três demão de verniz brilhante incolor, linha Premium Copal, referência Suvinil, Eucatex, Montana ou equivalente",pintura,v_0cc70a5c3843afef,0,-0.3454749768070832,-0.03236424389287912,True
der_es,2026-05,190306,"Pintura de esquadrias e elementos de madeira, aplicação manual, com três demãos de verniz fosco incolor, linha Tripla Proteção Premium, referência Suvinil, Coral, Metalatex ou equivalente",pintura,v_e9bc00073fb6ee06,0,-0.3069679236072613,0.08337745367307157,True
der_es,2026-05,190307,"Pintura fundo nivelador alquídico branco, aplicada a rolo, pincel ou trincha, em madeira, a uma demão, referência Suvinil, Coral ou equivalente",pintura,v_cb7a5527c7241bcc,0,-1.7433541981075091,-1.6624038995432677,True
der_es,2026-05,190417,"Pintura sobre metal, aplicação manual, com duas demãos de tinta esmalte sintético, referência Suvinil, Coral ou Metalatex, inclusive uma demão de fundo anticorrosivo",pintura,v_86ab5625ffedec06,0,0.6110367176957784,0.7014893485553774,True
der_es,2026-05,190418,Pintura de superfície metálica com uma demão de primer Epoxi e duas demãos de tinta à base de Epoxi,pintura,v_73f93b538ab65f9b,0,-0.4972426502752891,-1.327279282327732,True
der_es,2026-05,190602,"Pintura sobre piso, aplicação manual, com duas demãos de tinta à base de resinas acrílicas, marcas de referência Suvinil, Coral, Sherwin Williams NovaCor, Metalatex ou equivalente",pintura,v_3baf6fc9b7674dd5,0,-0.5380151660445518,1.3920023011886926,True
der_es,2026-05,190603,"Pintura sobre pisos, marcas de referência Novacor, Coral ou Suvinil, a duas demãos, Linha Premium",pintura,v_275690d2e0c703e6,0,-0.19307341098040653,2.10319891479877,True
der_es,2026-05,190605,"Aplicação de tinta epóxi de alta espessura semibrilhante sobre piso de concreto a três demãos, inclusive selador epóxi a uma demão - Ref. Intergard 2005 e 2001 - Internacional ou equivalente",pintura,v_62d90b1f682f60e4,0,-0.629800925646743,-0.6994360826392324,True
