fonte,codigo,competencia_alvo,descricao,descricao_alvo,unidade,custo_t,custo_observado,custo_previsto,ape,mudanca_tecnica_alvo,localizador,localizador_alvo,arquivo_sha256_alvo
sinapi_es,95139,2026-03,"TALHA MANUAL DE CORRENTE, CAPACIDADE DE 2 TON. COM ELEVAÇÃO DE 3 M - CHP DIURNO. AF_07/2016","TALHA MANUAL DE CORRENTE, CAPACIDADE DE 2 TON. COM ELEVAÇÃO DE 3 M - CHP DIURNO. AF_07/2016",CHP,0.04,0.03,0.9930369565462952,3210.1231884876506,False,SINAPI-2026-02-formato-xlsx/SINAPI_Referência_2026_02.xlsx!CSD!S1850,SINAPI_Referência_2026_03.xlsx!CSD!S1850,d1651f842bd24c6d66052e41b4c661fd9e7ce9cb4367fe468aab84dcaca210bc
sinapi_es,95139,2026-04,"TALHA MANUAL DE CORRENTE, CAPACIDADE DE 2 TON. COM ELEVAÇÃO DE 3 M - CHP DIURNO. AF_07/2016","TALHA MANUAL DE CORRENTE, CAPACIDADE DE 2 TON. COM ELEVAÇÃO DE 3 M - CHP DIURNO. AF_07/2016",CHP,0.03,0.03,0.9830887753676224,3176.9625845587416,False,SINAPI_Referência_2026_03.xlsx!CSD!S1850,SINAPI_Referência_2026_04.xlsx!CSD!S1850,aeb74337285a33598cc4b764708a18a64445c23a1da57aca00f8c61aff8171b1
sinapi_es,95139,2026-05,"TALHA MANUAL DE CORRENTE, CAPACIDADE DE 2 TON. COM ELEVAÇÃO DE 3 M - CHP DIURNO. AF_07/2016","TALHA MANUAL DE CORRENTE, CAPACIDADE DE 2 TON. COM ELEVAÇÃO DE 3 M - CHP DIURNO. AF_07/2016",CHP,0.03,0.03,0.9830887753676224,3176.9625845587416,False,SINAPI_Referência_2026_04.xlsx!CSD!S1850,SINAPI_Referência_2026_05.xlsx!CSD!S1850,928df42a952625eb12d41baf2b5ab17e1207af6e7881cb9f1c7fcac4708400e3
sinapi_es,95140,2026-03,"TALHA MANUAL DE CORRENTE, CAPACIDADE DE 2 TON. COM ELEVAÇÃO DE 3 M - CHI DIURNO. AF_07/2016","TALHA MANUAL DE CORRENTE, CAPACIDADE DE 2 TON. COM ELEVAÇÃO DE 3 M - CHI DIURNO. AF_07/2016",CHI,0.03,0.02,0.5440899440509057,2620.4497202545285,False,SINAPI-2026-02-formato-xlsx/SINAPI_Referência_2026_02.xlsx!CSD!S1849,SINAPI_Referência_2026_03.xlsx!CSD!S1849,d1651f842bd24c6d66052e41b4c661fd9e7ce9cb4367fe468aab84dcaca210bc
sinapi_es,95140,2026-04,"TALHA MANUAL DE CORRENTE, CAPACIDADE DE 2 TON. COM ELEVAÇÃO DE 3 M - CHI DIURNO. AF_07/2016","TALHA MANUAL DE CORRENTE, CAPACIDADE DE 2 TON. COM ELEVAÇÃO DE 3 M - CHI DIURNO. AF_07/2016",CHI,0.02,0.02,0.5341149500658721,2570.57475032936,False,SINAPI_Referência_2026_03.xlsx!CSD!S1849,SINAPI_Referência_2026_04.xlsx!CSD!S1849,aeb74337285a33598cc4b764708a18a64445c23a1da57aca00f8c61aff8171b1
der_es,990250,2026-05,"Caminhão pipa 6.000 l, peso bruto total 13.000 kg, distância entre eixos 4,80 m, potência 189 cv inclusive tanque de aço para transporte de água, capacidade 6 m3 - manutenção","Lavadora de alta pressao (lava-jato) para agua fria, pressao de operacao entre 1400 e 1900 lib/pol2, vazao maxima entre 400 e 700 l/h - juros",h,38.77,0.03,38.735568129249216,129018.56043083072,True,TABELA REFERENCIAL OBRAS - DER-ES - 2026-04 - ABR/XLS/tab_DER-EDIFICAÇÕES_2026_04_servicos.xlsx!A1483,TABELA REFERENCIAL OBRAS - DER-ES - 2026-05 - MAI/XLS/tab_DER-EDIFICAÇÕES_2026_05_servicos.xlsx!A1488,9d7efd575c10dc676bc49f5acb5630fa9b3cd2b98449be07612e1891e8d213f6
der_es,990243,2026-05,"Caminhão basculante 6m3 toco, peso bruto total 16.000kg, carga útil máx. 11.130kg, dist. entre eixos 5,36m, pot. 185 cv, incl. caçamba metálica - manutenção","Cortadora de piso com motor 4 tempos a gasolina, potência de 13 hp, com disco de corte diamantado segmentado para concreto, diâmetro de 350 mm, furo de 1"" (14 x 1"") - juros",h,43.07,0.04,43.08846119508513,107621.15298771282,True,TABELA REFERENCIAL OBRAS - DER-ES - 2026-04 - ABR/XLS/tab_DER-EDIFICAÇÕES_2026_04_servicos.xlsx!A1476,TABELA REFERENCIAL OBRAS - DER-ES - 2026-05 - MAI/XLS/tab_DER-EDIFICAÇÕES_2026_05_servicos.xlsx!A1481,9d7efd575c10dc676bc49f5acb5630fa9b3cd2b98449be07612e1891e8d213f6
der_es,990253,2026-05,"Guindaste hidráulico autopropelido, com lança telescópica 40 m, capacidade máxima 60 t, potência 260 kw - manutenção","Betoneira capacidade nominal de 400 l, capacidade de mistura 280 l, motor elétrico trifásico potência de 2 cv, sem carregador - manutenção",h,160.17,0.29,160.16370667543256,55128.86437083882,True,TABELA REFERENCIAL OBRAS - DER-ES - 2026-04 - ABR/XLS/tab_DER-EDIFICAÇÕES_2026_04_servicos.xlsx!A1486,TABELA REFERENCIAL OBRAS - DER-ES - 2026-05 - MAI/XLS/tab_DER-EDIFICAÇÕES_2026_05_servicos.xlsx!A1491,9d7efd575c10dc676bc49f5acb5630fa9b3cd2b98449be07612e1891e8d213f6
der_es,990217,2026-05,"Guindaste hidráulico autopropelido, com lança telescópica 40 m, capacidade máxima 60 t, potência 260 kw - chi diurno","Cortadora de piso com motor 4 tempos a gasolina, potência de 13 hp, com disco de corte diamantado segmentado para concreto, diâmetro de 350 mm, furo de 1"" (14 x 1"") - chi diurno",chi,161.78,0.44,162.25377135178775,36775.857125406306,True,TABELA REFERENCIAL OBRAS - DER-ES - 2026-04 - ABR/XLS/tab_DER-EDIFICAÇÕES_2026_04_servicos.xlsx!A1450,TABELA REFERENCIAL OBRAS - DER-ES - 2026-05 - MAI/XLS/tab_DER-EDIFICAÇÕES_2026_05_servicos.xlsx!A1455,9d7efd575c10dc676bc49f5acb5630fa9b3cd2b98449be07612e1891e8d213f6
der_es,990255,2026-05,"Caminhão basculante 6m3 toco, peso bruto total 16.000 kg, carga útil máx. 11.130kg, dist. entre eixos 5,36m, pot. 185cv, incl. caçamba metálica - materiais na operação","Vibrador de imersão, diâmetro de ponteira 45mm, motor elétrico trifásico potência de 2 cv - manutenção",h,92.75,0.38,96.40151608639384,25268.82002273522,True,TABELA REFERENCIAL OBRAS - DER-ES - 2026-04 - ABR/XLS/tab_DER-EDIFICAÇÕES_2026_04_servicos.xlsx!A1488,TABELA REFERENCIAL OBRAS - DER-ES - 2026-05 - MAI/XLS/tab_DER-EDIFICAÇÕES_2026_05_servicos.xlsx!A1493,9d7efd575c10dc676bc49f5acb5630fa9b3cd2b98449be07612e1891e8d213f6
