fonte,competencia,codigo,descricao,unidade,grupo,custo,regime,publicado_em,arquivo_sha256,localizador,assinatura_tecnica,assinatura_tipo,status_composicao,motivo_exclusao,custo_recalculado_hierarquia,diferenca_reconciliacao,nicho_id,nicho,classe,custo_folhas_sem_truncamento,fracao_mao_obra,n_mao_obra,fracao_material,n_material,fracao_equipamento,n_equipamento,fracao_outros,n_outros,horas_mao_obra,horas_equipamento,n_recursos,n_recursos_preco_sp,diferenca_folhas_pct,assinatura_recursos,descricao_normalizada,grupo_particao
der_es,2026-05,110101,"Chapisco com argamassa de cimento e areia média ou grossa lavada no traço 1:3, espessura 5 mm, preparo manual",m2,TETOS E FORROS / REVESTIMENTO COM ARGAMASSA,8.25,sem_desoneracao,,9d7efd575c10dc676bc49f5acb5630fa9b3cd2b98449be07612e1891e8d213f6,TABELA REFERENCIAL OBRAS - DER-ES - 2026-05 - MAI/XLS/tab_DER-EDIFICAÇÕES_2026_05_servicos.xlsx!A372,ee7655c0177d1c5a464d2343a99238bc07316bb612104a67b56fb681927bd74c,descricao_unidade,ok,,8.25,0.0,revestimentos_forros,Revestimentos e forros,revestimentos_forros,8.271,0.718957804376738,2,0.281042195623262,2,0.0,0,0.0,0,0.25,0.0,4,0,0.2545454545454642,6b6c57a76265a11b939746760284eb618e4cf7b8e74961c871399ca08ca6fdec,chapisco com argamassa de cimento e areia media ou grossa lavada no traco # # espessura # mm preparo manual,v_a2c8ab32bb99749e
der_es,2026-05,110201,Forro de gesso acabamento tipo liso,m2,TETOS E FORROS / REBAIXAMENTOS,66.8,sem_desoneracao,,9d7efd575c10dc676bc49f5acb5630fa9b3cd2b98449be07612e1891e8d213f6,TABELA REFERENCIAL OBRAS - DER-ES - 2026-05 - MAI/XLS/tab_DER-EDIFICAÇÕES_2026_05_servicos.xlsx!A374,d7a170b73932173974ec7808e4ef144e8ddd8c5145516872f1557bd5dd4eeed0,descricao_unidade,ok,,66.8,0.0,revestimentos_forros,Revestimentos e forros,revestimentos_forros,66.8,0.0,0,1.0,1,0.0,0,0.0,0,0.0,0.0,1,0,0.0,41738b244941ced9ab9597abd90465d52266854ea27ffb7280b2c09f32aa7bf0,forro de gesso acabamento tipo liso,v_d2a347430692cccd
der_es,2026-05,110210,"Forro em réguas de PVC branco L = 20 cm, frisado, estruturado por perfis de aço galvanizado e tirantes rígidos fabricado de acordo com a NBR-14285, fornecimento e instalação",m2,TETOS E FORROS / REBAIXAMENTOS,84.08,sem_desoneracao,,9d7efd575c10dc676bc49f5acb5630fa9b3cd2b98449be07612e1891e8d213f6,TABELA REFERENCIAL OBRAS - DER-ES - 2026-05 - MAI/XLS/tab_DER-EDIFICAÇÕES_2026_05_servicos.xlsx!A375,726066346c8d1fc22a0bd04fdaa9b538c853e0b7b10e6379f4b663eab660a30a,descricao_unidade,ok,,84.08,0.0,revestimentos_forros,Revestimentos e forros,revestimentos_forros,84.11801799999999,0.37415289551876985,2,0.6258471044812302,7,0.0,0,0.0,0,0.8999999999999999,0.0,9,0,0.045216460513789115,c34aab7842367acaf82aec895a3bd351914a2e804d9292a66a350afd7bf4dd4c,forro em reguas de pvc branco l # cm frisado estruturado por perfis de aco galvanizado e tirantes rigidos fabricado de acordo com a nbr # fornecimento e instalacao,v_252342c7f49f80e6
der_es,2026-05,110301,"Emboço de argamassa de cimento, cal hidratada CH1 e areia lavada traço 1:0.5:6, espessura 20 mm",m2,"TETOS E FORROS / REVESTIMENTO EMPREGANDO ARGAMASSA DE CIMENTO, CAL E AREIA",45.82,sem_desoneracao,,9d7efd575c10dc676bc49f5acb5630fa9b3cd2b98449be07612e1891e8d213f6,TABELA REFERENCIAL OBRAS - DER-ES - 2026-05 - MAI/XLS/tab_DER-EDIFICAÇÕES_2026_05_servicos.xlsx!A377,66c6c5e32808547423cc22466cfc0c7ae21433b1c2d52cccfee551f52d5843ef,descricao_unidade,ok,,45.82,0.0,revestimentos_forros,Revestimentos e forros,revestimentos_forros,45.832600000000006,0.8392497916330297,2,0.1607502083669702,3,0.0,0,0.0,0,1.6,0.0,5,0,0.027498908773474818,f89ddfce5563f587fef19e33003df429dd68109563f94eedf8b491cf033aafe5,emboco de argamassa de cimento cal hidratada ch# e areia lavada traco # # # espessura # mm,v_4c59f65b4cddf39b
der_es,2026-05,110302,"Reboco tipo paulista de argamassa de cimento, cal hidratada CH1 e areia lavada traço 1:0.5:6, espessura 25 mm",m2,"TETOS E FORROS / REVESTIMENTO EMPREGANDO ARGAMASSA DE CIMENTO, CAL E AREIA",79.01,sem_desoneracao,,9d7efd575c10dc676bc49f5acb5630fa9b3cd2b98449be07612e1891e8d213f6,TABELA REFERENCIAL OBRAS - DER-ES - 2026-05 - MAI/XLS/tab_DER-EDIFICAÇÕES_2026_05_servicos.xlsx!A378,99287b9a69586d9d45e17ecb8e3af3d1199ecc251a25f2e93e5609ad8f38a343,descricao_unidade,ok,,79.01,0.0,revestimentos_forros,Revestimentos e forros,revestimentos_forros,79.02837499999998,0.8834659070239013,2,0.1165340929760988,3,0.0,0,0.0,0,2.8625,0.0,5,0,0.023256549803793953,f89ddfce5563f587fef19e33003df429dd68109563f94eedf8b491cf033aafe5,reboco tipo paulista de argamassa de cimento cal hidratada ch# e areia lavada traco # # # espessura # mm,v_4c59f65b4cddf39b
der_es,2026-05,110401,"Recolocação de forro de madeira existente, com aproveitamento integral do material, incluindo desmontagem, limpeza e remontagem das peças",m2,TETOS E FORROS / REVISÕES E REPAROS,135.58,sem_desoneracao,,9d7efd575c10dc676bc49f5acb5630fa9b3cd2b98449be07612e1891e8d213f6,TABELA REFERENCIAL OBRAS - DER-ES - 2026-05 - MAI/XLS/tab_DER-EDIFICAÇÕES_2026_05_servicos.xlsx!A380,66c1ae7ff5745044cdd705d4df8ef1827962cc4dff32b0b59748578bc8717184,descricao_unidade,ok,,135.58,0.0,revestimentos_forros,Revestimentos e forros,revestimentos_forros,135.60320000000002,0.9843720502171039,2,0.01562794978289598,1,0.0,0,0.0,0,5.2,0.0,3,0,0.01711166838766984,59f07a538e4c4f96fee8978ea7847964b0055a57c6d363e7562998c5cd8d9403,recolocacao de forro de madeira existente com aproveitamento integral do material incluindo desmontagem limpeza e remontagem das pecas,v_fe6416f493ddd855
der_es,2026-05,120101,"Chapisco com argamassa de cimento e areia média ou grossa lavada no traço 1:3, espessura 5 mm, preparo manual",m2,REVESTIMENTO DE PAREDES / REVESTIMENTO COM ARGAMASSA,7.2,sem_desoneracao,,9d7efd575c10dc676bc49f5acb5630fa9b3cd2b98449be07612e1891e8d213f6,TABELA REFERENCIAL OBRAS - DER-ES - 2026-05 - MAI/XLS/tab_DER-EDIFICAÇÕES_2026_05_servicos.xlsx!A383,ee7655c0177d1c5a464d2343a99238bc07316bb612104a67b56fb681927bd74c,descricao_unidade,ok,,7.2,0.0,revestimentos_forros,Revestimentos e forros,revestimentos_forros,7.217500000000001,0.6779355732594389,2,0.32206442674056107,2,0.0,0,0.0,0,0.2,0.0,4,0,0.24305555555556888,6b6c57a76265a11b939746760284eb618e4cf7b8e74961c871399ca08ca6fdec,chapisco com argamassa de cimento e areia media ou grossa lavada no traco # # espessura # mm preparo manual,v_a2c8ab32bb99749e
der_es,2026-05,120201,"Azulejo branco 15 x 15 cm, juntas a prumo, assentado com argamassa de cimento colante, inclusive rejuntamento com cimento branco, marcas de referência Eliane, Cecrisa ou Portobello",m2,REVESTIMENTO DE PAREDES / ACABAMENTOS,121.22,sem_desoneracao,,9d7efd575c10dc676bc49f5acb5630fa9b3cd2b98449be07612e1891e8d213f6,TABELA REFERENCIAL OBRAS - DER-ES - 2026-05 - MAI/XLS/tab_DER-EDIFICAÇÕES_2026_05_servicos.xlsx!A385,2c7438c22caa4579e8d01d354007bc7d1021c8c36b7b45aba0f4fe97dbce3b0e,descricao_unidade,ok,,121.22,0.0,revestimentos_forros,Revestimentos e forros,revestimentos_forros,121.2284,0.2166604525012291,2,0.7833395474987709,3,0.0,0,0.0,0,1.05,0.0,5,0,0.0069295495792729206,08254e5f9d4277ce6d0aa12c2517f4a00875378b72d89efaf699607d474132f6,azulejo branco # x # cm juntas a prumo assentado com argamassa de cimento colante inclusive rejuntamento com cimento branco marcas de referencia eliane cecrisa ou portobello,v_f642d35ec76032eb
der_es,2026-05,120221,"Pastilha cerâmica branca 5 x 5 cm, assentada com argamassa de cimento colante e rejunte pré-fabricado, marcas de referência Atlas, Jatobá, NGK ou equivalentwe",m2,REVESTIMENTO DE PAREDES / ACABAMENTOS,243.88,sem_desoneracao,,9d7efd575c10dc676bc49f5acb5630fa9b3cd2b98449be07612e1891e8d213f6,TABELA REFERENCIAL OBRAS - DER-ES - 2026-05 - MAI/XLS/tab_DER-EDIFICAÇÕES_2026_05_servicos.xlsx!A390,77a8eb90f6e0cab72b8e7922330e30a752b5941ea129636063b58d687d5ad6e2,descricao_unidade,ok,,243.88,0.0,revestimentos_forros,Revestimentos e forros,revestimentos_forros,243.8945,0.15046464762428016,2,0.8495353523757199,3,0.0,0,0.0,0,1.5,0.0,5,0,0.005945546990322364,e8563b079c774b9289844d3b6e5197173b4fb0e91d7ef7e24e07595d3fd9dee1,pastilha ceramica branca # x # cm assentada com argamassa de cimento colante e rejunte pre fabricado marcas de referencia atlas jatoba ngk ou equivalentwe,v_65fe89dd42f9233b
der_es,2026-05,120224,"Assentamento de revestimento cerâmico com cimento colante, excl. rejuntamento e cerâmica",m2,REVESTIMENTO DE PAREDES / ACABAMENTOS,19.3,sem_desoneracao,,9d7efd575c10dc676bc49f5acb5630fa9b3cd2b98449be07612e1891e8d213f6,TABELA REFERENCIAL OBRAS - DER-ES - 2026-05 - MAI/XLS/tab_DER-EDIFICAÇÕES_2026_05_servicos.xlsx!A391,a98dcf2eec77bec1544530e7be0fcd279da7253e5953f7ff18a3a9afa7bc14eb,descricao_unidade,ok,,19.3,0.0,revestimentos_forros,Revestimentos e forros,revestimentos_forros,19.3164,0.7810150959806175,2,0.2189849040193825,1,0.0,0,0.0,0,0.6,0.0,3,0,0.08497409326425315,51a65550f68ac65958710a4a2e679550a0fe62dcdecee97c3f11fc45d438c437,assentamento de revestimento ceramico com cimento colante excl rejuntamento e ceramica,v_6c1322bcdadbc4aa
der_es,2026-05,120232,"Cerâmica 10 x 10 cm, branco brilhante ref Galeria Mesh BR telada, ELIANE, STRUFALDI, CERAL, empregando argamassa colante, inclusive rejuntamento junta plus cinza claro esp. 3 mm",m2,REVESTIMENTO DE PAREDES / ACABAMENTOS,121.67,sem_desoneracao,,9d7efd575c10dc676bc49f5acb5630fa9b3cd2b98449be07612e1891e8d213f6,TABELA REFERENCIAL OBRAS - DER-ES - 2026-05 - MAI/XLS/tab_DER-EDIFICAÇÕES_2026_05_servicos.xlsx!A393,3c5a0ea9be3760410f59f86908f1f3f913fb62377234ced828b536021c6c78cd,descricao_unidade,ok,,121.67,0.0,revestimentos_forros,Revestimentos e forros,revestimentos_forros,121.689692,0.13120825385933266,2,0.8687917461406675,3,0.0,0,0.0,0,0.6276,0.0,5,0,0.016184762061306854,2672a8eef39c6b691f3f8e1c7dd692174651a1a2b51dbdadfe83f9560ba440cf,ceramica # x # cm branco brilhante ref galeria mesh br telada eliane strufaldi ceral empregando argamassa colante inclusive rejuntamento junta plus cinza claro esp # mm,v_9e2c420e28f08f02
der_es,2026-05,120241,"Cerâmica retificada, acabamento brilhante, dim. 32x60cm, ref. TRADIZIONALLE BIANCO Biancogres/equiv. assentado com argamassa de cimento colante, inclusive rejuntamento com argamassapre-fabricada para rejunte",m2,REVESTIMENTO DE PAREDES / ACABAMENTOS,90.92,sem_desoneracao,,9d7efd575c10dc676bc49f5acb5630fa9b3cd2b98449be07612e1891e8d213f6,TABELA REFERENCIAL OBRAS - DER-ES - 2026-05 - MAI/XLS/tab_DER-EDIFICAÇÕES_2026_05_servicos.xlsx!A394,9cc0879fde016776c6601d69c18a619000a84838bdd8ecd73c59d2f798988510,descricao_unidade,ok,,90.92,0.0,revestimentos_forros,Revestimentos e forros,revestimentos_forros,90.94117,0.2888174849740772,2,0.7111825150259228,3,0.0,0,0.0,0,1.05,0.0,5,0,0.023284205895290268,3384a9cba4604d5ba9f15516f2b70b36f294fa1b55a2d12efeb30766c5b515c4,ceramica retificada acabamento brilhante dim #x#cm ref tradizionalle bianco biancogres equiv assentado com argamassa de cimento colante inclusive rejuntamento com argamassapre fabricada para rejunte,v_17b10d9c9dcce781
der_es,2026-05,120301,"Emboço de argamassa de cimento, cal hidratada CH1 e areia média ou grossa lavada no traço 1:0.5:6, espessura 20 mm",m2,"REVESTIMENTO DE PAREDES / REVESTIMENTO EMPREGANDO ARGAMASSA DE CIMENTO, CAL E AREIA",40.92,sem_desoneracao,,9d7efd575c10dc676bc49f5acb5630fa9b3cd2b98449be07612e1891e8d213f6,TABELA REFERENCIAL OBRAS - DER-ES - 2026-05 - MAI/XLS/tab_DER-EDIFICAÇÕES_2026_05_servicos.xlsx!A396,8c522e85972302031bb2e1b93dd51a26a48b46f7affcda58dc6c7f035214464e,descricao_unidade,ok,,40.92,0.0,revestimentos_forros,Revestimentos e forros,revestimentos_forros,40.939600000000006,0.820037323276241,2,0.17996267672375887,3,0.0,0,0.0,0,1.4,0.0,5,0,0.04789833822092878,f89ddfce5563f587fef19e33003df429dd68109563f94eedf8b491cf033aafe5,emboco de argamassa de cimento cal hidratada ch# e areia media ou grossa lavada no traco # # # espessura # mm,v_4c59f65b4cddf39b
der_es,2026-05,120302,"Reboco de argamassa de cimento, cal hidratada CH1 e areia média ou grossa lavada no traço 1:0.5:6, espessura 5mm",m2,"REVESTIMENTO DE PAREDES / REVESTIMENTO EMPREGANDO ARGAMASSA DE CIMENTO, CAL E AREIA",29.03,sem_desoneracao,,9d7efd575c10dc676bc49f5acb5630fa9b3cd2b98449be07612e1891e8d213f6,TABELA REFERENCIAL OBRAS - DER-ES - 2026-05 - MAI/XLS/tab_DER-EDIFICAÇÕES_2026_05_servicos.xlsx!A397,cdf6b5993269e9335fbc321d01dceea050877e4ff35eed6fb19f48c5c5902f0f,descricao_unidade,ok,,29.03,0.0,revestimentos_forros,Revestimentos e forros,revestimentos_forros,29.046000000000003,0.9365867933622529,2,0.06341320663774701,3,0.0,0,0.0,0,1.13,0.0,5,0,0.0551153978642845,f89ddfce5563f587fef19e33003df429dd68109563f94eedf8b491cf033aafe5,reboco de argamassa de cimento cal hidratada ch# e areia media ou grossa lavada no traco # # # espessura #mm,v_4c59f65b4cddf39b
der_es,2026-05,120303,"Reboco tipo paulista de argamassa de cimento, cal hidratada CH1 e areia média ou grossa lavada no traço 1:0.5:6, espessura 25 mm",m2,"REVESTIMENTO DE PAREDES / REVESTIMENTO EMPREGANDO ARGAMASSA DE CIMENTO, CAL E AREIA",70.02,sem_desoneracao,,9d7efd575c10dc676bc49f5acb5630fa9b3cd2b98449be07612e1891e8d213f6,TABELA REFERENCIAL OBRAS - DER-ES - 2026-05 - MAI/XLS/tab_DER-EDIFICAÇÕES_2026_05_servicos.xlsx!A398,bd29d4f3bd7433c2c014fe33aaae91f10ebd7f460f7631a247cd8459c61bb8b2,descricao_unidade,ok,,70.02,0.0,revestimentos_forros,Revestimentos e forros,revestimentos_forros,70.0325,0.8684967693570842,2,0.1315032306429158,3,0.0,0,0.0,0,2.5,0.0,5,0,0.017852042273640165,f89ddfce5563f587fef19e33003df429dd68109563f94eedf8b491cf033aafe5,reboco tipo paulista de argamassa de cimento cal hidratada ch# e areia media ou grossa lavada no traco # # # espessura # mm,v_4c59f65b4cddf39b
der_es,2026-05,120304,"Reboco de argamassa de cimento, cal hidratada CH1 e areia média ou grossa lavada no traço 1:0.5:6, com impermeabilizante para revestimentos (caixas, fossas, filtros, cisternas, etc...)",m2,"REVESTIMENTO DE PAREDES / REVESTIMENTO EMPREGANDO ARGAMASSA DE CIMENTO, CAL E AREIA",76.22,sem_desoneracao,,9d7efd575c10dc676bc49f5acb5630fa9b3cd2b98449be07612e1891e8d213f6,TABELA REFERENCIAL OBRAS - DER-ES - 2026-05 - MAI/XLS/tab_DER-EDIFICAÇÕES_2026_05_servicos.xlsx!A399,00ebf3d3830ba5d4d838131bc88f627fb7305728c856cfbe8998517f79c76fae,descricao_unidade,ok,,76.22,0.0,revestimentos_forros,Revestimentos e forros,revestimentos_forros,76.24400000000001,0.8298292324641938,2,0.17017076753580607,4,0.0,0,0.0,0,2.6,0.0,6,0,0.03148779847810958,fb1b0933773780c543a03b6841e83d6c0a861c8dd816f23e1b241965273f04eb,reboco de argamassa de cimento cal hidratada ch# e areia media ou grossa lavada no traco # # # com impermeabilizante para revestimentos caixas fossas filtros cisternas etc,v_cfc46a1e6fee449f
der_es,2026-05,120308,"Chapisco de argamassa de cimento e areia média ou grossa lavada no traço 1:3, espessura 5mm, com utilização de impermeabilizante",m2,"REVESTIMENTO DE PAREDES / REVESTIMENTO EMPREGANDO ARGAMASSA DE CIMENTO, CAL E AREIA",9.07,sem_desoneracao,,9d7efd575c10dc676bc49f5acb5630fa9b3cd2b98449be07612e1891e8d213f6,TABELA REFERENCIAL OBRAS - DER-ES - 2026-05 - MAI/XLS/tab_DER-EDIFICAÇÕES_2026_05_servicos.xlsx!A400,1dc7e48bce2d1639c3c0b9e5fd612783ce654a581c24ff3a0bb6f92d398148ac,descricao_unidade,ok,,9.07,0.0,revestimentos_forros,Revestimentos e forros,revestimentos_forros,9.0944055,0.6538635208205748,2,0.3461364791794252,3,0.0,0,0.0,0,0.25,0.0,5,0,0.2690793825799372,6080b2d1c218e872412871b9b5c3e4ca83dd06424bcd2a2ea48f69ddb04b2186,chapisco de argamassa de cimento e areia media ou grossa lavada no traco # # espessura #mm com utilizacao de impermeabilizante,v_a362869115671df5
der_es,2026-05,130103,"Regularização de base para revestimento cerâmico, com argamassa de cimento e areia no traço 1:5, espessura: 3 cm",m2,PISOS INTERNOS E EXTERNOS / LASTRO DE CONTRAPISO,29.15,sem_desoneracao,,9d7efd575c10dc676bc49f5acb5630fa9b3cd2b98449be07612e1891e8d213f6,TABELA REFERENCIAL OBRAS - DER-ES - 2026-05 - MAI/XLS/tab_DER-EDIFICAÇÕES_2026_05_servicos.xlsx!A403,a33314a4cea8ee57350f8042f61721df13602afb631ea3219d03d15be62333fb,descricao_unidade,ok,,29.15,0.0,pisos,Pisos e acabamentos de borda,pisos,29.167700000000004,0.6360974639755619,2,0.36390253602443795,2,0.0,0,0.0,0,0.8,0.0,4,0,0.060720411663824816,6b6c57a76265a11b939746760284eb618e4cf7b8e74961c871399ca08ca6fdec,regularizacao de base para revestimento ceramico com argamassa de cimento e areia no traco # # espessura # cm,v_a2c8ab32bb99749e
der_es,2026-05,130104,"Regularização de base p/ revestimento cerâmico, com argamassa de cimento e areia no traço 1:5, espessura 5cm",m2,PISOS INTERNOS E EXTERNOS / LASTRO DE CONTRAPISO,45.33,sem_desoneracao,,9d7efd575c10dc676bc49f5acb5630fa9b3cd2b98449be07612e1891e8d213f6,TABELA REFERENCIAL OBRAS - DER-ES - 2026-05 - MAI/XLS/tab_DER-EDIFICAÇÕES_2026_05_servicos.xlsx!A404,47f104b3f4bd1457c65938d737ffa872a22db73f912ac33731019441a77f77e5,descricao_unidade,ok,,45.33,0.0,pisos,Pisos e acabamentos de borda,pisos,45.345699999999994,0.6099916860915148,2,0.39000831390848534,2,0.0,0,0.0,0,1.2,0.0,4,0,0.034634899624962245,6b6c57a76265a11b939746760284eb618e4cf7b8e74961c871399ca08ca6fdec,regularizacao de base p revestimento ceramico com argamassa de cimento e areia no traco # # espessura #cm,v_a2c8ab32bb99749e
der_es,2026-05,130109,"Lastro regularizado e impermeabilizado de concreto não estrutural, espessura de 8 cm",m2,PISOS INTERNOS E EXTERNOS / LASTRO DE CONTRAPISO,90.57,sem_desoneracao,,9d7efd575c10dc676bc49f5acb5630fa9b3cd2b98449be07612e1891e8d213f6,TABELA REFERENCIAL OBRAS - DER-ES - 2026-05 - MAI/XLS/tab_DER-EDIFICAÇÕES_2026_05_servicos.xlsx!A405,f50936ab4f0ea400afb082e5aef83407de65a4ac0a27024addeca6d3a679bccd,descricao_unidade,ok,,90.57,0.0,pisos,Pisos e acabamentos de borda,pisos,90.5943056,0.49797390356066706,2,0.5020260964393329,5,0.0,0,0.0,0,1.98,0.0,7,0,0.026836259246997084,9e1518f0546b7abba3c7ca28b58fa80a3e958ecfb03754d8a1407d822e54375d,lastro regularizado e impermeabilizado de concreto nao estrutural espessura de # cm,v_33eecbd3c316d76e
der_es,2026-05,130110,"Lastro regularizado de concreto não estrutural, espessura de 8 cm",m2,PISOS INTERNOS E EXTERNOS / LASTRO DE CONTRAPISO,78.53,sem_desoneracao,,9d7efd575c10dc676bc49f5acb5630fa9b3cd2b98449be07612e1891e8d213f6,TABELA REFERENCIAL OBRAS - DER-ES - 2026-05 - MAI/XLS/tab_DER-EDIFICAÇÕES_2026_05_servicos.xlsx!A406,3ae9964f6b197b523b714b0fce6a41babc9e9e018268af41f355fc0fe2f6e4fa,descricao_unidade,ok,,78.53,0.0,pisos,Pisos e acabamentos de borda,pisos,78.5463056,0.574356739701326,2,0.42564326029867405,4,0.0,0,0.0,0,1.98,0.0,6,0,0.020763529861193786,5bb0e940db289ff94db480848689bc56fd20ae0921b6ddfa1fb070f7ae06813c,lastro regularizado de concreto nao estrutural espessura de # cm,v_7374736633a4f48d
der_es,2026-05,130111,"Lastro impermeabilizado de concreto não estrutural, espessura de 6 cm",m2,PISOS INTERNOS E EXTERNOS / LASTRO DE CONTRAPISO,68.6,sem_desoneracao,,9d7efd575c10dc676bc49f5acb5630fa9b3cd2b98449be07612e1891e8d213f6,TABELA REFERENCIAL OBRAS - DER-ES - 2026-05 - MAI/XLS/tab_DER-EDIFICAÇÕES_2026_05_servicos.xlsx!A407,805e5ce2138542fe39a084592b8d93644cc569318cd88e1d83590cb02825151b,descricao_unidade,ok,,68.6,0.0,pisos,Pisos e acabamentos de borda,pisos,68.64222919999999,0.5030678694799732,2,0.496932130520027,5,0.0,0,0.0,0,1.5100000000000002,0.0,7,0,0.06155860058308192,9e1518f0546b7abba3c7ca28b58fa80a3e958ecfb03754d8a1407d822e54375d,lastro impermeabilizado de concreto nao estrutural espessura de # cm,v_33eecbd3c316d76e
der_es,2026-05,130112,"Lastro de concreto não estrutural, espessura de 6 cm",m2,PISOS INTERNOS E EXTERNOS / LASTRO DE CONTRAPISO,59.57,sem_desoneracao,,9d7efd575c10dc676bc49f5acb5630fa9b3cd2b98449be07612e1891e8d213f6,TABELA REFERENCIAL OBRAS - DER-ES - 2026-05 - MAI/XLS/tab_DER-EDIFICAÇÕES_2026_05_servicos.xlsx!A408,e29037a39ee31b07b5b04b64def3620b40ff7b58047ccf52bae7f27c7a48fa5e,descricao_unidade,ok,,59.57,0.0,pisos,Pisos e acabamentos de borda,pisos,59.606229199999994,0.5793303898512675,2,0.4206696101487326,4,0.0,0,0.0,0,1.5100000000000002,0.0,6,0,0.06081786133959034,5bb0e940db289ff94db480848689bc56fd20ae0921b6ddfa1fb070f7ae06813c,lastro de concreto nao estrutural espessura de # cm,v_7374736633a4f48d
der_es,2026-05,130113,"Lastro impermeabilizado de concreto não estrutural, espessura de 8cm",m2,PISOS INTERNOS E EXTERNOS / LASTRO DE CONTRAPISO,91.25,sem_desoneracao,,9d7efd575c10dc676bc49f5acb5630fa9b3cd2b98449be07612e1891e8d213f6,TABELA REFERENCIAL OBRAS - DER-ES - 2026-05 - MAI/XLS/tab_DER-EDIFICAÇÕES_2026_05_servicos.xlsx!A409,47a0a9d32fabfb9b2ba7b7fded3a42a412efe0363de7ed1c1e0b316714b1bc98,descricao_unidade,ok,,91.25,0.0,pisos,Pisos e acabamentos de borda,pisos,91.2940985,0.503068235018499,2,0.49693176498150093,5,0.0,0,0.0,0,2.0083,0.0,7,0,0.04832712328767566,9e1518f0546b7abba3c7ca28b58fa80a3e958ecfb03754d8a1407d822e54375d,lastro impermeabilizado de concreto nao estrutural espessura de #cm,v_33eecbd3c316d76e
der_es,2026-05,130202,"Piso cimentado liso com 1.5 cm de espessura, de argamassa de cimento e areia no traço 1:3 e juntas plásticas em quadros de 1 m",m2,PISOS INTERNOS E EXTERNOS / ACABAMENTOS,68.3,sem_desoneracao,,9d7efd575c10dc676bc49f5acb5630fa9b3cd2b98449be07612e1891e8d213f6,TABELA REFERENCIAL OBRAS - DER-ES - 2026-05 - MAI/XLS/tab_DER-EDIFICAÇÕES_2026_05_servicos.xlsx!A411,961ae1871d70a95ca52486148b8bd7cc75c26b58a12f8fc4c955df199cdb8296,descricao_unidade,ok,,68.3,0.0,pisos,Pisos e acabamentos de borda,pisos,68.3086,0.7625760153187153,2,0.23742398468128464,3,0.0,0,0.0,0,2.15,0.0,5,0,0.012591508052710504,a1355387a00e3930ebc95c8fd0aa77c2e17f8bf148799faead76f17bcf5e5455,piso cimentado liso com # cm de espessura de argamassa de cimento e areia no traco # # e juntas plasticas em quadros de # m,v_e2e52cba3a2ef983
der_es,2026-05,130205,"Piso de tábuas corridas de Peroba de 15cm sobre caibros de 5x6cm espaçados de 50cm, fixados com argamassa de cimento e areia no traço 1:5",m2,PISOS INTERNOS E EXTERNOS / ACABAMENTOS,443.81,sem_desoneracao,,9d7efd575c10dc676bc49f5acb5630fa9b3cd2b98449be07612e1891e8d213f6,TABELA REFERENCIAL OBRAS - DER-ES - 2026-05 - MAI/XLS/tab_DER-EDIFICAÇÕES_2026_05_servicos.xlsx!A412,3a5caa850c9309ca2717e14adae5d8e72e9254c6d21f543332ebaada90356e18,descricao_unidade,ok,,443.81,0.0,pisos,Pisos e acabamentos de borda,pisos,443.8211,0.2102311043796701,4,0.7897688956203299,5,0.0,0,0.0,0,3.75,0.0,9,0,0.002501070277821365,96790d4b77d2d2b31ebc8462c7f1682ec9bba63cf6e7019906baec6b765c7f64,piso de tabuas corridas de peroba de #cm sobre caibros de #x#cm espacados de #cm fixados com argamassa de cimento e areia no traco # #,v_a0bae2d76326d8c8
der_es,2026-05,130209,"Piso de cimentado camurçado executado com argamassa de cimento e areia no traço 1:3, esp. 3.0cm",m2,PISOS INTERNOS E EXTERNOS / ACABAMENTOS,96.95,sem_desoneracao,,9d7efd575c10dc676bc49f5acb5630fa9b3cd2b98449be07612e1891e8d213f6,TABELA REFERENCIAL OBRAS - DER-ES - 2026-05 - MAI/XLS/tab_DER-EDIFICAÇÕES_2026_05_servicos.xlsx!A414,8434daf263489e3429222f24356321ab1439eda74da7553149b8b9f47f4cc5c4,descricao_unidade,ok,,96.95,0.0,pisos,Pisos e acabamentos de borda,pisos,96.95952,0.5698357417610979,2,0.4301642582389022,3,0.0,0,0.0,0,2.3,0.0,5,0,0.009819494584832248,79de7fe0811233c8cafdaed873686f2605b87a88cdfa19160603144184a9c296,piso de cimentado camurcado executado com argamassa de cimento e areia no traco # # esp #cm,v_4084768b50e6b216
der_es,2026-05,130210,"Piso cimentado liso com 1.5 cm de espessura, em argamassa de cimento e areia no traço 1:3 e juntas plásticas em quadros de 1 m colorido com corante tipo Xadrez ou equivalente",m2,PISOS INTERNOS E EXTERNOS / ACABAMENTOS,81.84,sem_desoneracao,,9d7efd575c10dc676bc49f5acb5630fa9b3cd2b98449be07612e1891e8d213f6,TABELA REFERENCIAL OBRAS - DER-ES - 2026-05 - MAI/XLS/tab_DER-EDIFICAÇÕES_2026_05_servicos.xlsx!A415,ee68196dcca10f846850450ef9f7c005a65904f20dad52b39d6167b897862d30,descricao_unidade,ok,,81.84,0.0,pisos,Pisos e acabamentos de borda,pisos,81.8506,0.6364095070775291,2,0.363590492922471,4,0.0,0,0.0,0,2.15,0.0,6,0,0.012952101661774941,55df7f8711535a8f95d99478cf37967482d2ee0d1c5ec185d93aa1f5bac82fca,piso cimentado liso com # cm de espessura em argamassa de cimento e areia no traco # # e juntas plasticas em quadros de # m colorido com corante tipo xadrez ou equivalente,v_081d020777014708
der_es,2026-05,130211,"Fornecimento e instalação de Piso Paviflex dim. 30x30cm, esp. 2mm linha Chroma Concept ref. Fademac ou equivalente",m2,PISOS INTERNOS E EXTERNOS / ACABAMENTOS,269.0,sem_desoneracao,,9d7efd575c10dc676bc49f5acb5630fa9b3cd2b98449be07612e1891e8d213f6,TABELA REFERENCIAL OBRAS - DER-ES - 2026-05 - MAI/XLS/tab_DER-EDIFICAÇÕES_2026_05_servicos.xlsx!A416,e592a18e6408019c900f34a070a3d609864d5c28db0ebd8f850b3d3641fe104a,descricao_unidade,ok,,269.0,0.0,pisos,Pisos e acabamentos de borda,pisos,269.0,0.0,0,1.0,1,0.0,0,0.0,0,0.0,0.0,1,0,0.0,82e292ce3a766c8b38283baa7f2131a2aba6375cf8d0cd29b071c21409199a5e,fornecimento e instalacao de piso paviflex dim #x#cm esp #mm linha chroma concept ref fademac ou equivalente,v_69517c5e98ee3893
der_es,2026-05,130222,"Revestimento de piso com placas de borracha plurigoma preto pastilhado ou equivalente, inclusive arremate",m2,PISOS INTERNOS E EXTERNOS / ACABAMENTOS,198.1,sem_desoneracao,,9d7efd575c10dc676bc49f5acb5630fa9b3cd2b98449be07612e1891e8d213f6,TABELA REFERENCIAL OBRAS - DER-ES - 2026-05 - MAI/XLS/tab_DER-EDIFICAÇÕES_2026_05_servicos.xlsx!A417,42ceb5bc3940fc3dcb9ca95606cc8c530081006991a2010fcb43a236deea8ed0,descricao_unidade,ok,,198.1,0.0,pisos,Pisos e acabamentos de borda,pisos,198.1035,0.0,0,1.0,1,0.0,0,0.0,0,0.0,0.0,1,0,0.0017667844522980824,011ed1a9d1edd0434e52707040ad4796de1fe04f641d3c864eb1fa0c0211723e,revestimento de piso com placas de borracha plurigoma preto pastilhado ou equivalente inclusive arremate,v_67238874b06f5313
der_es,2026-05,130223,"Assentamento de piso cerâmico, com utilização de cimento colante, excl. rejuntamento e cerâmica",m2,PISOS INTERNOS E EXTERNOS / ACABAMENTOS,17.21,sem_desoneracao,,9d7efd575c10dc676bc49f5acb5630fa9b3cd2b98449be07612e1891e8d213f6,TABELA REFERENCIAL OBRAS - DER-ES - 2026-05 - MAI/XLS/tab_DER-EDIFICAÇÕES_2026_05_servicos.xlsx!A418,c71ca4c13d67ff73486887c424db7c22a35f151947f18a880cb7e32b961a1029,descricao_unidade,ok,,17.21,0.0,pisos,Pisos e acabamentos de borda,pisos,17.2234,0.7544038923789728,2,0.2455961076210272,1,0.0,0,0.0,0,0.52,0.0,3,0,0.07786170830912692,bcbe01b7a9145d3fdd0b7debb4c53df4b94fde034f66ff39cf4bcc1073b00c79,assentamento de piso ceramico com utilizacao de cimento colante excl rejuntamento e ceramica,v_8068b6772e214165
der_es,2026-05,130225,"Rejuntamento de piso cerâmico, usando cimento branco, para juntas de no máximo 3mm de espessura",m2,PISOS INTERNOS E EXTERNOS / ACABAMENTOS,12.38,sem_desoneracao,,9d7efd575c10dc676bc49f5acb5630fa9b3cd2b98449be07612e1891e8d213f6,TABELA REFERENCIAL OBRAS - DER-ES - 2026-05 - MAI/XLS/tab_DER-EDIFICAÇÕES_2026_05_servicos.xlsx!A419,304a9f3fbe69f637038e4a1508ea0bd951af17b10343bf234ed6de53b00fde7e,descricao_unidade,ok,,12.38,0.0,pisos,Pisos e acabamentos de borda,pisos,12.389,0.9023327145048027,2,0.09766728549519735,1,0.0,0,0.0,0,0.45,0.0,3,0,0.07269789983843751,67179e96cb4321ee623691913580ac88980fb019a2ec9cd6715c2d89812da8c9,rejuntamento de piso ceramico usando cimento branco para juntas de no maximo #mm de espessura,v_948103301b8dacda
der_es,2026-05,130226,"Rejuntamento empregando argamassa para rejunte, esp. 5mm",m2,PISOS INTERNOS E EXTERNOS / ACABAMENTOS,19.42,sem_desoneracao,,9d7efd575c10dc676bc49f5acb5630fa9b3cd2b98449be07612e1891e8d213f6,TABELA REFERENCIAL OBRAS - DER-ES - 2026-05 - MAI/XLS/tab_DER-EDIFICAÇÕES_2026_05_servicos.xlsx!A420,c3fee0dbe744f97cfd35994dd48ca7e5ee711ea726b73149c60cc636f2988e48,descricao_unidade,ok,,19.42,0.0,pisos,Pisos e acabamentos de borda,pisos,19.4372125,0.5751339087330551,2,0.4248660912669448,1,0.0,0,0.0,0,0.45,0.0,3,0,0.08863285272914216,7eb4366d6c4609e0be0b255a9cc2f6c558585fae7efe1bc4ba5f544c9ba6188e,rejuntamento empregando argamassa para rejunte esp #mm,v_aa2a63f981912262
der_es,2026-05,130228,"Assentamento e rejuntamento de piso em porcelanato (dimensões superiores a 30x30cm) utilizando dupla colagem de argamassa colante para porcelanato tipo ACIII, exclusive fornecimento do porcelanato e do rejunte",m2,PISOS INTERNOS E EXTERNOS / ACABAMENTOS,58.19,sem_desoneracao,,9d7efd575c10dc676bc49f5acb5630fa9b3cd2b98449be07612e1891e8d213f6,TABELA REFERENCIAL OBRAS - DER-ES - 2026-05 - MAI/XLS/tab_DER-EDIFICAÇÕES_2026_05_servicos.xlsx!A421,70b91fa0150f202763c74ae720659efbcf1bc4f21d95b6ce0a074d0039fa8295,descricao_unidade,ok,,58.19,0.0,pisos,Pisos e acabamentos de borda,pisos,58.197,0.7566884890973762,2,0.24331151090262385,1,0.0,0,0.0,0,1.8,0.0,3,0,0.012029558343366562,7585a9bf7f04b5fa90e439ed7c6e45831613817f83251f03125c189c9fc1b7f5,assentamento e rejuntamento de piso em porcelanato dimensoes superiores a #x#cm utilizando dupla colagem de argamassa colante para porcelanato tipo aciii exclusive fornecimento do porcelanato e do rejunte,v_daf99c12b1dacd5e
der_es,2026-05,130230,"Piso argamassa alta resistência tipo granilite ou equiv de qualidade comprovada, esp de 10mm, com juntas plástica em quadros de 1m, na cor natural, com acabamento anti-derrapante mecanizado, inclusive regularização e=3.0cm",m2,PISOS INTERNOS E EXTERNOS / ACABAMENTOS,153.29,sem_desoneracao,,9d7efd575c10dc676bc49f5acb5630fa9b3cd2b98449be07612e1891e8d213f6,TABELA REFERENCIAL OBRAS - DER-ES - 2026-05 - MAI/XLS/tab_DER-EDIFICAÇÕES_2026_05_servicos.xlsx!A422,34f30609ea2e764f788b3c716d4fcbd8e30a3714c3cf5f3bcf504da70540679f,descricao_unidade,ok,,153.29,0.0,pisos,Pisos e acabamentos de borda,pisos,153.3602610496,0.6425328134263567,3,0.34934447576789474,6,0.008122710805748522,1,0.0,0,3.9999999999999996,0.0,10,0,0.04583537712833221,ae172776cfc2f894af44a321aadc6a38e5811fc0402d5558f26d90b812376c30,piso argamassa alta resistencia tipo granilite ou equiv de qualidade comprovada esp de #mm com juntas plastica em quadros de #m na cor natural com acabamento anti derrapante mecanizado inclusive regularizacao e #cm,v_18b17ced41ec4192
der_es,2026-05,130231,"Piso argamassa alta resistência tipo granilite ou equiv de qualidade comprovada, esp de 10mm, com juntas plástica em quadros de 1m, na cor natural, com acabamento polido mecanizado, inclusive regularização e=3.0cm",m2,PISOS INTERNOS E EXTERNOS / ACABAMENTOS,169.23,sem_desoneracao,,9d7efd575c10dc676bc49f5acb5630fa9b3cd2b98449be07612e1891e8d213f6,TABELA REFERENCIAL OBRAS - DER-ES - 2026-05 - MAI/XLS/tab_DER-EDIFICAÇÕES_2026_05_servicos.xlsx!A423,401c93c635077fecf165e6becdb0f2aa3c2647118bdd948d82fa1c2375ba0368,descricao_unidade,ok,,169.23,0.0,pisos,Pisos e acabamentos de borda,pisos,169.297901312,0.6526919361886249,3,0.33811051144992943,6,0.009197552361445779,1,0.0,0,4.475,0.0,10,0,0.0401236849258427,ae172776cfc2f894af44a321aadc6a38e5811fc0402d5558f26d90b812376c30,piso argamassa alta resistencia tipo granilite ou equiv de qualidade comprovada esp de #mm com juntas plastica em quadros de #m na cor natural com acabamento polido mecanizado inclusive regularizacao e #cm,v_18b17ced41ec4192
der_es,2026-05,130233,"Porcelanato esmaltado, acabamento acetinado, dim. 60x60cm, ref. de cor CIMENTO CINZA BOLD Portobello/equiv, utilizando dupla colagem de argamassa colante para porcelanato tipo ACIII e rejunte 3mm para porcelanato",m2,PISOS INTERNOS E EXTERNOS / ACABAMENTOS,142.59,sem_desoneracao,,9d7efd575c10dc676bc49f5acb5630fa9b3cd2b98449be07612e1891e8d213f6,TABELA REFERENCIAL OBRAS - DER-ES - 2026-05 - MAI/XLS/tab_DER-EDIFICAÇÕES_2026_05_servicos.xlsx!A424,0e65256e183bdad3e7ea6aba1b012ee7a2fe0e7f2ba74ea2b30f0c568c99fd0c,descricao_unidade,ok,,142.59,0.0,pisos,Pisos e acabamentos de borda,pisos,142.60684000000003,0.30880005475193195,2,0.6911999452480678,3,0.0,0,0.0,0,1.8,0.0,5,0,0.011810084858707052,74c9b40ee9b5d05851f2caa4910d778444cdfde180f03f01568faf43df23d15f,porcelanato esmaltado acabamento acetinado dim #x#cm ref de cor cimento cinza bold portobello equiv utilizando dupla colagem de argamassa colante para porcelanato tipo aciii e rejunte #mm para porcelanato,v_9d39b35ba93fa234
der_es,2026-05,130234,"Porcelanato natural retificado, acabamento acetinado, dim. 60x60cm, ref. PLATINA NA Eliane/equiv, utilizando dupla colagem de argamassa colante para porcelanato tipo ACIII e rejunte e rejunte 3mm para porcelanato",m2,PISOS INTERNOS E EXTERNOS / ACABAMENTOS,221.45,sem_desoneracao,,9d7efd575c10dc676bc49f5acb5630fa9b3cd2b98449be07612e1891e8d213f6,TABELA REFERENCIAL OBRAS - DER-ES - 2026-05 - MAI/XLS/tab_DER-EDIFICAÇÕES_2026_05_servicos.xlsx!A425,ac6ba01e3058e7d0fb18fcdb5797a48ab393083eddb55304932a3c94f26d3621,descricao_unidade,ok,,221.45,0.0,pisos,Pisos e acabamentos de borda,pisos,221.47324000000003,0.19883666306593067,2,0.8011633369340692,3,0.0,0,0.0,0,1.8,0.0,5,0,0.01049446827728331,44f382b579cd65f538c4ca47d0aea887557e2835de197ab61fbde4d4be3a7063,porcelanato natural retificado acabamento acetinado dim #x#cm ref platina na eliane equiv utilizando dupla colagem de argamassa colante para porcelanato tipo aciii e rejunte e rejunte #mm para porcelanato,v_707677f9757aa1ea
der_es,2026-05,130236,"Piso cerâmico esmaltado, PEI 5, acabamento semibrilho, dim. 45x45cm, ref. de cor CARGO PLUS WHITE Eliane/equiv. assentado com argamassa de cimento colante, inclusive rejuntamento",m2,PISOS INTERNOS E EXTERNOS / ACABAMENTOS,92.43,sem_desoneracao,,9d7efd575c10dc676bc49f5acb5630fa9b3cd2b98449be07612e1891e8d213f6,TABELA REFERENCIAL OBRAS - DER-ES - 2026-05 - MAI/XLS/tab_DER-EDIFICAÇÕES_2026_05_servicos.xlsx!A426,2bf825decb658a7cec73f841c7e43304c2eae3d8a227a97fbb078dd518a93954,descricao_unidade,ok,,92.43,0.0,pisos,Pisos e acabamentos de borda,pisos,92.4444,0.26148041417327605,2,0.7385195858267241,3,0.0,0,0.0,0,0.97,0.0,5,0,0.01557935735150369,5d0cbf28e758077c9876aadbae6e6eeb3e9762205481a9884e3df14509702023,piso ceramico esmaltado pei # acabamento semibrilho dim #x#cm ref de cor cargo plus white eliane equiv assentado com argamassa de cimento colante inclusive rejuntamento,v_41d7784f76cc4bf7
der_es,2026-05,130237,"Assentamento e rejuntamento de piso em porcelanato (dimensões superiores a 30x30cm) utilizando dupla colagem de argamassa colante para porcelanato tipo ACII/ACIII, exclusive fornecimento do porcelanato e do rejunte",m2,PISOS INTERNOS E EXTERNOS / ACABAMENTOS,58.19,sem_desoneracao,,9d7efd575c10dc676bc49f5acb5630fa9b3cd2b98449be07612e1891e8d213f6,TABELA REFERENCIAL OBRAS - DER-ES - 2026-05 - MAI/XLS/tab_DER-EDIFICAÇÕES_2026_05_servicos.xlsx!A427,507a1c1ddb28bfefb5bc7cc3a289186288d2bb73839fc8e2e8b91ad28356af94,descricao_unidade,ok,,58.19,0.0,pisos,Pisos e acabamentos de borda,pisos,58.197,0.7566884890973762,2,0.24331151090262385,1,0.0,0,0.0,0,1.8,0.0,3,0,0.012029558343366562,7585a9bf7f04b5fa90e439ed7c6e45831613817f83251f03125c189c9fc1b7f5,assentamento e rejuntamento de piso em porcelanato dimensoes superiores a #x#cm utilizando dupla colagem de argamassa colante para porcelanato tipo acii aciii exclusive fornecimento do porcelanato e do rejunte,v_daf99c12b1dacd5e
der_es,2026-05,130403,"Recomposição de piso cimentado, com argamassa de cimento e areia no traço 1:3, com 2 cm de espessura, incl. lastro",m2,PISOS INTERNOS E EXTERNOS / REVISÕES E REPAROS,152.09,sem_desoneracao,,9d7efd575c10dc676bc49f5acb5630fa9b3cd2b98449be07612e1891e8d213f6,TABELA REFERENCIAL OBRAS - DER-ES - 2026-05 - MAI/XLS/tab_DER-EDIFICAÇÕES_2026_05_servicos.xlsx!A442,58bd11b4b5fa66d9c300621acf8f3dcd5139c325fb9b95dcaea4409079f90bd8,descricao_unidade,ok,,152.09,0.0,pisos,Pisos e acabamentos de borda,pisos,152.1232373725,0.69858807790013,2,0.30112576892398535,5,0.00028615317588468055,1,0.0,0,4.5995,0.0,8,0,0.021853752712207776,348bbccbb33c4c95e96c3010443c0531e34aeef66dc12c1f03f52b279f2f936f,recomposicao de piso cimentado com argamassa de cimento e areia no traco # # com # cm de espessura incl lastro,v_c6225bc81a0200b7
der_es,2026-05,190101,"Emassamento de paredes e forros, com duas demãos de massa corrida, referência Suvinil, Coral, Metalatex ou equivalente, inclusive uma demão de liquido selador PVA, referência Suvinil, Coral ou Metalatex ou equivalente",m2,PINTURA / SOBRE PAREDES E FORROS,20.3,sem_desoneracao,,9d7efd575c10dc676bc49f5acb5630fa9b3cd2b98449be07612e1891e8d213f6,TABELA REFERENCIAL OBRAS - DER-ES - 2026-05 - MAI/XLS/tab_DER-EDIFICAÇÕES_2026_05_servicos.xlsx!A1227,662f1a284823808ad7e36d80c3ce81d49e02703399a7fda5b626a397766d9013,descricao_unidade,ok,,20.3,0.0,pintura,Pintura,pintura,20.330199999999998,0.7683643053191803,2,0.23163569468081968,3,0.0,0,0.0,0,0.6,0.0,5,0,0.14876847290638973,9407267e4f2e35d9eefed0c04e3ca5b5aa041dbf1e9c81984b5ef4c5f93b949f,emassamento de paredes e forros com # demaos de massa corrida referencia suvinil coral metalatex ou equivalente inclusive # demao de liquido selador pva referencia suvinil coral ou metalatex ou equivalente,v_757a95c8a3cb40b3
der_es,2026-05,190102,"Emassamento de paredes e forros, com duas demãos de massa à base de óleo, marcas de referência Suvinil, Coral ou Metalatex",m2,PINTURA / SOBRE PAREDES E FORROS,25.98,sem_desoneracao,,9d7efd575c10dc676bc49f5acb5630fa9b3cd2b98449be07612e1891e8d213f6,TABELA REFERENCIAL OBRAS - DER-ES - 2026-05 - MAI/XLS/tab_DER-EDIFICAÇÕES_2026_05_servicos.xlsx!A1228,2a4aef57475c9337f4b60a293e2cac7934cfb9ca0989a612c12ed9d8a2c34bb6,descricao_unidade,ok,,25.98,0.0,pintura,Pintura,pintura,25.9816,0.601233180404594,2,0.39876681959540605,2,0.0,0,0.0,0,0.6,0.0,4,0,0.00615858352578839,e1a7d270a008d8b23fcaae581b0fc9c4a41d09befff16272115641e581784ba9,emassamento de paredes e forros com # demaos de massa a base de oleo marcas de referencia suvinil coral ou metalatex,v_5f1fa37a37d0d251
der_es,2026-05,190103,"Emassamento de paredes e forros, com duas demãos de massa acrílica premium, referência Suvinil, Coral ou Sherwin Williams ou equivalente, inclusive uma demão de liquido selador acrílico, referência Suvinil, Coral ou Metalatex ou equivalente",m2,PINTURA / SOBRE PAREDES E FORROS,23.34,sem_desoneracao,,9d7efd575c10dc676bc49f5acb5630fa9b3cd2b98449be07612e1891e8d213f6,TABELA REFERENCIAL OBRAS - DER-ES - 2026-05 - MAI/XLS/tab_DER-EDIFICAÇÕES_2026_05_servicos.xlsx!A1229,d30c7fe74b2f2e8723be75deb5b9be22f47c9f934cafd95529357a234791312a,descricao_unidade,ok,,23.34,0.0,pintura,Pintura,pintura,23.3612,0.6686728421485197,2,0.3313271578514802,3,0.0,0,0.0,0,0.6,0.0,5,0,0.0908311910882619,7417b98aa00b56deb7fc25da51350313e88049d648a6587c0c788e29d8334595,emassamento de paredes e forros com # demaos de massa acrilica premium referencia suvinil coral ou sherwin williams ou equivalente inclusive # demao de liquido selador acrilico referencia suvinil coral ou metalatex ou equivalente,v_f5f7fcbc7ffe43f8
der_es,2026-05,190104,"Pintura em paredes e forros, aplicação manual, com três demãos de tinta látex premium, referência Suvinil, Coral e Metalatex, inclusive uma demão de liquido selador PVA, referência Suvinil, Coral ou Metalatex ou equivalente",m2,PINTURA / SOBRE PAREDES E FORROS,30.79,sem_desoneracao,,9d7efd575c10dc676bc49f5acb5630fa9b3cd2b98449be07612e1891e8d213f6,TABELA REFERENCIAL OBRAS - DER-ES - 2026-05 - MAI/XLS/tab_DER-EDIFICAÇÕES_2026_05_servicos.xlsx!A1230,926ad9e8dbbbe4648f6c74df4606989986ee37dff6be93f3d8fa34ad494bd2b8,descricao_unidade,ok,,30.79,0.0,pintura,Pintura,pintura,30.83133,0.7562479464881988,2,0.24375205351180113,3,0.0,0,0.0,0,0.89975,0.0,5,0,0.13423189347191325,03c4390908962067a7b84c4877ebcef7918d867d096bf8a4277a086b852ddb0d,pintura em paredes e forros aplicacao manual com # demaos de tinta latex premium referencia suvinil coral e metalatex inclusive # demao de liquido selador pva referencia suvinil coral ou metalatex ou equivalente,v_d8aaef5ba56b0143
der_es,2026-05,190105,"Pintura em paredes e forros, aplicação manual, com três demãos de tinta esmalte sintético premium, acabamento fosco, referência Suvinil, Coral ou Metalatex, inclusive uma demão de liquido selador acrílico, referência Suvinil, Coral ou Metalatex ou equivalente",m2,PINTURA / SOBRE PAREDES E FORROS,35.52,sem_desoneracao,,9d7efd575c10dc676bc49f5acb5630fa9b3cd2b98449be07612e1891e8d213f6,TABELA REFERENCIAL OBRAS - DER-ES - 2026-05 - MAI/XLS/tab_DER-EDIFICAÇÕES_2026_05_servicos.xlsx!A1231,af920e1b299357fb31a2e7f221753d2c1f4f027d59974cb360a06d4e0a20042e,descricao_unidade,ok,,35.52,0.0,pintura,Pintura,pintura,35.5692,0.6556796329408588,2,0.34432036705914104,4,0.0,0,0.0,0,0.9,0.0,6,0,0.13851351351351074,102377ce9afbd68247f7bd01aa333d825d2540ef0c234b6311d44450d024e447,pintura em paredes e forros aplicacao manual com # demaos de tinta esmalte sintetico premium acabamento fosco referencia suvinil coral ou metalatex inclusive # demao de liquido selador acrilico referencia suvinil coral ou metalatex ou equivalente,v_61253787c539a966
der_es,2026-05,190106,"Pintura em paredes e forros, aplicação manual, com três demão de tinta látex acrílico premium, referência Coral e Metalatex, inclusive uma demão de liquido selador acrílico, referência Suvinil, Coral ou Metalatex ou equivalente",m2,PINTURA / SOBRE PAREDES E FORROS,31.42,sem_desoneracao,,9d7efd575c10dc676bc49f5acb5630fa9b3cd2b98449be07612e1891e8d213f6,TABELA REFERENCIAL OBRAS - DER-ES - 2026-05 - MAI/XLS/tab_DER-EDIFICAÇÕES_2026_05_servicos.xlsx!A1232,3e1643ac8b20c7096ec2cfe8ae3837ebac1fe4a823336d7dd56a68ecb1e5cc96,descricao_unidade,ok,,31.42,0.0,pintura,Pintura,pintura,31.449199999999998,0.7415768922579907,2,0.2584231077420094,3,0.0,0,0.0,0,0.9,0.0,5,0,0.09293443666453181,5f1278d84627aee942d17607565f312b22e4fd96c2b9b7fad62c9478d10debb7,pintura em paredes e forros aplicacao manual com # demao de tinta latex acrilico premium referencia coral e metalatex inclusive # demao de liquido selador acrilico referencia suvinil coral ou metalatex ou equivalente,v_7772aff8ada6665c
der_es,2026-05,190107,Pintura com nata de cimento sobre superfície áspera a três demãos,m2,PINTURA / SOBRE PAREDES E FORROS,4.78,sem_desoneracao,,9d7efd575c10dc676bc49f5acb5630fa9b3cd2b98449be07612e1891e8d213f6,TABELA REFERENCIAL OBRAS - DER-ES - 2026-05 - MAI/XLS/tab_DER-EDIFICAÇÕES_2026_05_servicos.xlsx!A1233,4eed46d4319a6785179d1120733b673ed193f705edcbc6c8a5e926908cb6564f,descricao_unidade,ok,,4.78,0.0,pintura,Pintura,pintura,4.784000000000001,0.8808528428093645,1,0.11914715719063543,1,0.0,0,0.0,0,0.2,0.0,2,0,0.0836820083682102,05ab8ed2bc6c231e8343427ace6843e8c2d3a29df41a3a8a564fcb746632b027,pintura com nata de cimento sobre superficie aspera a # demaos,v_c26285872c899de9
der_es,2026-05,190108,"Pintura a cal (tipo caiação), sobre paredes e forros, a três demãos",m2,PINTURA / SOBRE PAREDES E FORROS,13.16,sem_desoneracao,,9d7efd575c10dc676bc49f5acb5630fa9b3cd2b98449be07612e1891e8d213f6,TABELA REFERENCIAL OBRAS - DER-ES - 2026-05 - MAI/XLS/tab_DER-EDIFICAÇÕES_2026_05_servicos.xlsx!A1234,6fb971659f052caa6d33bf5e9d2a084fb5e855d34e9fff5c9331a8e1407eba0d,descricao_unidade,ok,,13.16,0.0,pintura,Pintura,pintura,13.1765,0.8697339961294729,2,0.13026600387052706,2,0.0,0,0.0,0,0.41500000000000004,0.0,4,0,0.1253799392097312,3dd62e4c94ba27c72402563ead4ec6b2489774b416893f210c8324bf891954c0,pintura a cal tipo caiacao sobre paredes e forros a # demaos,v_1ddc5f355b91f535
der_es,2026-05,190114,"Preparo em paredes e forros, aplicação manual, com uma demão de líquido selador acrílico, referência Suvinil, Coral ou Metalatex ou equivalente",m2,PINTURA / SOBRE PAREDES E FORROS,3.33,sem_desoneracao,,9d7efd575c10dc676bc49f5acb5630fa9b3cd2b98449be07612e1891e8d213f6,TABELA REFERENCIAL OBRAS - DER-ES - 2026-05 - MAI/XLS/tab_DER-EDIFICAÇÕES_2026_05_servicos.xlsx!A1236,21ccefd458cdd4528b31ea4212bac59ae1720f5f18679fb27d5bbce464db03cb,descricao_unidade,ok,,3.33,0.0,pintura,Pintura,pintura,3.34418,0.5582773654528166,2,0.44172263454718347,1,0.0,0,0.0,0,0.06999999999999999,0.0,3,0,0.4258258258258283,82dfb20779e767d9aee43bff3e8c8c3c284c7628a3f9e61e8f55f192861d28b9,preparo em paredes e forros aplicacao manual com # demao de liquido selador acrilico referencia suvinil coral ou metalatex ou equivalente,v_9591742a2e6b7c64
der_es,2026-05,190115,"Pintura, sobre paredes e forros, aplicação manual, com duas demãos de tinta látex PVA premium, referência Suvinil, Coral e Metalatex, inclusive uma demão de liquido selador PVA, referência Suvinil, Coral ou Metalatex ou equivalente",m2,PINTURA / SOBRE PAREDES E FORROS,25.15,sem_desoneracao,,9d7efd575c10dc676bc49f5acb5630fa9b3cd2b98449be07612e1891e8d213f6,TABELA REFERENCIAL OBRAS - DER-ES - 2026-05 - MAI/XLS/tab_DER-EDIFICAÇÕES_2026_05_servicos.xlsx!A1237,6155a98c6539726565ca56ca435747cf43efcaff9c5160e34cb2ae908550216d,descricao_unidade,ok,,25.15,0.0,pintura,Pintura,pintura,25.17733,0.7687920045533024,2,0.23120799544669748,3,0.0,0,0.0,0,0.74975,0.0,5,0,0.10866799204772462,03c4390908962067a7b84c4877ebcef7918d867d096bf8a4277a086b852ddb0d,pintura sobre paredes e forros aplicacao manual com # demaos de tinta latex pva premium referencia suvinil coral e metalatex inclusive # demao de liquido selador pva referencia suvinil coral ou metalatex ou equivalente,v_d8aaef5ba56b0143
der_es,2026-05,190116,"Pintura, sobre paredes e forros, aplicação manual, com duas demãos de tinta esmalte sintético, referência Suvinil, Coral e Metalatex, inclusive uma demão de liquido selador PVA, referência Suvinil, Coral ou Metalatex ou equivalente",m2,PINTURA / SOBRE PAREDES E FORROS,28.41,sem_desoneracao,,9d7efd575c10dc676bc49f5acb5630fa9b3cd2b98449be07612e1891e8d213f6,TABELA REFERENCIAL OBRAS - DER-ES - 2026-05 - MAI/XLS/tab_DER-EDIFICAÇÕES_2026_05_servicos.xlsx!A1238,cad3634d8eca4278910261c23291faa895d528cea2f21bf8ee9c2dd8341aa834,descricao_unidade,ok,,28.41,0.0,pintura,Pintura,pintura,28.442809999999998,0.6730737926386317,2,0.32692620736136835,4,0.0,0,0.0,0,0.7410000000000001,0.0,6,0,0.1154875043998514,102377ce9afbd68247f7bd01aa333d825d2540ef0c234b6311d44450d024e447,pintura sobre paredes e forros aplicacao manual com # demaos de tinta esmalte sintetico referencia suvinil coral e metalatex inclusive # demao de liquido selador pva referencia suvinil coral ou metalatex ou equivalente,v_61253787c539a966
der_es,2026-05,190117,"Pintura sobre paredes e forros, aplicação manual, com duas demãos de tinta látex acrílico premium, acabamento fosco, referência Suvinil, Coral e Metalatex, inclusive uma demão de liquido selador acrílico, referência Suvinil, Coral ou Metalatex",m2,PINTURA / SOBRE PAREDES E FORROS,25.37,sem_desoneracao,,9d7efd575c10dc676bc49f5acb5630fa9b3cd2b98449be07612e1891e8d213f6,TABELA REFERENCIAL OBRAS - DER-ES - 2026-05 - MAI/XLS/tab_DER-EDIFICAÇÕES_2026_05_servicos.xlsx!A1239,8a18ed46394ffc457dc1003abd179ce132ce645a07bd8e623dc5622d596b0e66,descricao_unidade,ok,,25.37,0.0,pintura,Pintura,pintura,25.398809999999997,0.7537404311461836,2,0.24625956885381642,3,0.0,0,0.0,0,0.7410000000000001,0.0,5,0,0.1135593220338843,5f1278d84627aee942d17607565f312b22e4fd96c2b9b7fad62c9478d10debb7,pintura sobre paredes e forros aplicacao manual com # demaos de tinta latex acrilico premium acabamento fosco referencia suvinil coral e metalatex inclusive # demao de liquido selador acrilico referencia suvinil coral ou metalatex,v_7772aff8ada6665c
der_es,2026-05,190121,"Preparo em paredes e forros, aplicação manual, com uma demão de líquido selador PVA, referência Suvinil, Coral ou Metalatex ou equivalente",m2,PINTURA / SOBRE PAREDES E FORROS,3.54,sem_desoneracao,,9d7efd575c10dc676bc49f5acb5630fa9b3cd2b98449be07612e1891e8d213f6,TABELA REFERENCIAL OBRAS - DER-ES - 2026-05 - MAI/XLS/tab_DER-EDIFICAÇÕES_2026_05_servicos.xlsx!A1240,132a4a3a4c1edeb4bc13f073394fb49e9a5b4cef287fd2ae7cb09b215345082b,descricao_unidade,ok,,3.54,0.0,pintura,Pintura,pintura,3.5561999999999996,0.5846127889320061,2,0.415387211067994,1,0.0,0,0.0,0,0.07875,0.0,3,0,0.45762711864405503,b0d382c53d6f1ecf0e61fa1cc01a2568a86f3d9e223c3993bdbcdf25467fb12c,preparo em paredes e forros aplicacao manual com # demao de liquido selador pva referencia suvinil coral ou metalatex ou equivalente,v_dfc2cd0a407647a1
der_es,2026-05,190201,"Pintura sobre concreto ou blocos cerâmicos aparentes, aplicação manual, com duas demãos de verniz acrílico a base de água, acabamento fosco, referência Suvinil, Coral, Metalatex ou equivalente",m2,PINTURA / SOBRE CONCRETO OU BLOCOS CERÂMICOS APARENTES,16.35,sem_desoneracao,,9d7efd575c10dc676bc49f5acb5630fa9b3cd2b98449be07612e1891e8d213f6,TABELA REFERENCIAL OBRAS - DER-ES - 2026-05 - MAI/XLS/tab_DER-EDIFICAÇÕES_2026_05_servicos.xlsx!A1242,4a2709c03a99706b9b1c3565e5c66ca4bbc391e49c730d2e31db8344c76d3d31,descricao_unidade,ok,,16.35,0.0,pintura,Pintura,pintura,16.3754,0.39858568340315353,2,0.6014143165968465,1,0.0,0,0.0,0,0.25,0.0,3,0,0.15535168195717214,6ceb5df0ee9190c4ece558cd48f80fc65f7b25d6397c9ce2e62e8898aad8552e,pintura sobre concreto ou blocos ceramicos aparentes aplicacao manual com # demaos de verniz acrilico a base de agua acabamento fosco referencia suvinil coral metalatex ou equivalente,v_42425ef1b6be46c9
der_es,2026-05,190202,"Pintura sobre concreto ou blocos cerâmicos aparentes, aplicação manual, com uma demão de silicone incolor, referência Suvinil, Sika, Vedacit ou equivalente",m2,PINTURA / SOBRE CONCRETO OU BLOCOS CERÂMICOS APARENTES,19.06,sem_desoneracao,,9d7efd575c10dc676bc49f5acb5630fa9b3cd2b98449be07612e1891e8d213f6,TABELA REFERENCIAL OBRAS - DER-ES - 2026-05 - MAI/XLS/tab_DER-EDIFICAÇÕES_2026_05_servicos.xlsx!A1243,172b925a8419e996f07ad17fea40336a615485c19ff93bd8aca8df3df8603233,descricao_unidade,ok,,19.06,0.0,pintura,Pintura,pintura,19.073,0.48828186441566607,2,0.5117181355843339,1,0.0,0,0.0,0,0.35,0.0,3,0,0.06820566631690282,fd773338774b73107bdc59f6f559198e4f434c069d33d72346ecdbee004cb9ad,pintura sobre concreto ou blocos ceramicos aparentes aplicacao manual com # demao de silicone incolor referencia suvinil sika vedacit ou equivalente,v_75e4f5dfca1df21a
der_es,2026-05,190203,"Pintura sobre concreto ou blocos de concreto, aplicação manual, com três demãos de tinta látex acrílico premium, referência Suvinil, Coral e Metalatex, inclusive uma demão de liquido selador acrílico, referência Suvinil, Coral ou Metalatex ou equivalente",m2,PINTURA / SOBRE CONCRETO OU BLOCOS CERÂMICOS APARENTES,29.42,sem_desoneracao,,9d7efd575c10dc676bc49f5acb5630fa9b3cd2b98449be07612e1891e8d213f6,TABELA REFERENCIAL OBRAS - DER-ES - 2026-05 - MAI/XLS/tab_DER-EDIFICAÇÕES_2026_05_servicos.xlsx!A1244,b71ead0cbf78dec083c29d5fe136186f647f24fdac337d6555fab14d146be2d9,descricao_unidade,ok,,29.42,0.0,pintura,Pintura,pintura,29.4608,0.6680945527616359,2,0.33190544723836424,3,0.0,0,0.0,0,0.745,0.0,5,0,0.13868116927259444,5f1278d84627aee942d17607565f312b22e4fd96c2b9b7fad62c9478d10debb7,pintura sobre concreto ou blocos de concreto aplicacao manual com # demaos de tinta latex acrilico premium referencia suvinil coral e metalatex inclusive # demao de liquido selador acrilico referencia suvinil coral ou metalatex ou equivalente,v_7772aff8ada6665c
der_es,2026-05,190204,"Pintura sobre cobogós de concreto, aplicação manual, com duas demãos de tinta látex acrílico premium, referência Suvinil, Coral e Metalatex, inclusive uma demão de liquido selador acrílico, referência Suvinil, Coral ou Metalatex ou equivalente",m2,PINTURA / SOBRE CONCRETO OU BLOCOS CERÂMICOS APARENTES,38.42,sem_desoneracao,,9d7efd575c10dc676bc49f5acb5630fa9b3cd2b98449be07612e1891e8d213f6,TABELA REFERENCIAL OBRAS - DER-ES - 2026-05 - MAI/XLS/tab_DER-EDIFICAÇÕES_2026_05_servicos.xlsx!A1245,fe2ac1aeee14c92afc52b4bfae71c5582207b8118419c57f3cca08e484874056,descricao_unidade,ok,,38.42,0.0,pintura,Pintura,pintura,38.4517,0.8373361905975548,2,0.16266380940244515,3,0.0,0,0.0,0,1.25,0.0,5,0,0.08250910983862761,5f1278d84627aee942d17607565f312b22e4fd96c2b9b7fad62c9478d10debb7,pintura sobre cobogos de concreto aplicacao manual com # demaos de tinta latex acrilico premium referencia suvinil coral e metalatex inclusive # demao de liquido selador acrilico referencia suvinil coral ou metalatex ou equivalente,v_7772aff8ada6665c
der_es,2026-05,190205,"Pintura a cal de meio-fio (tipo a caiação), aplicação manual, a três demãos",m2,PINTURA / SOBRE CONCRETO OU BLOCOS CERÂMICOS APARENTES,13.19,sem_desoneracao,,9d7efd575c10dc676bc49f5acb5630fa9b3cd2b98449be07612e1891e8d213f6,TABELA REFERENCIAL OBRAS - DER-ES - 2026-05 - MAI/XLS/tab_DER-EDIFICAÇÕES_2026_05_servicos.xlsx!A1246,f10c588535dd28bfaa6ccbc94625e77d161dcdef05afcd87fde155c457504456,descricao_unidade,ok,,13.19,0.0,pintura,Pintura,pintura,13.198450000000001,0.844341570411677,1,0.15565842958832288,2,0.0,0,0.0,0,0.4,0.0,3,0,0.06406368460956499,5fe96b0a226e27972a82030ca50cd9fa341cf9aefe22fe08a1983b2217239caa,pintura a cal de meio fio tipo a caiacao aplicacao manual a # demaos,v_595768cdbb1e50d7
der_es,2026-05,190211,"Pintura sobre concreto ou blocos de concreto, aplicação manual, com duas demãos de tinta látex PVA premium, referência Suvinil, Coral e Metalatex, inclusive uma demão de liquido selador PVA, referência Suvinil, Coral ou Metalatex ou equivalente",m2,PINTURA / SOBRE CONCRETO OU BLOCOS CERÂMICOS APARENTES,25.15,sem_desoneracao,,9d7efd575c10dc676bc49f5acb5630fa9b3cd2b98449be07612e1891e8d213f6,TABELA REFERENCIAL OBRAS - DER-ES - 2026-05 - MAI/XLS/tab_DER-EDIFICAÇÕES_2026_05_servicos.xlsx!A1247,45a73fa5b99add881e8a2999d2892ef768c5998924c67f5955d9718e4c2f8813,descricao_unidade,ok,,25.15,0.0,pintura,Pintura,pintura,25.17733,0.7687920045533024,2,0.23120799544669748,3,0.0,0,0.0,0,0.74975,0.0,5,0,0.10866799204772462,03c4390908962067a7b84c4877ebcef7918d867d096bf8a4277a086b852ddb0d,pintura sobre concreto ou blocos de concreto aplicacao manual com # demaos de tinta latex pva premium referencia suvinil coral e metalatex inclusive # demao de liquido selador pva referencia suvinil coral ou metalatex ou equivalente,v_d8aaef5ba56b0143
der_es,2026-05,190301,"Emassamento de esquadrias e elementos de madeira, com duas demãos de massa à base água, referência Suvinil, Coral, Sherwin Williams ou equivalente, inclusive uma demão de fundo nivelador alquídico branco, referência Suvinil, Coral ou Metalatex ou equivalente",m2,PINTURA / SOBRE MADEIRA,51.36,sem_desoneracao,,9d7efd575c10dc676bc49f5acb5630fa9b3cd2b98449be07612e1891e8d213f6,TABELA REFERENCIAL OBRAS - DER-ES - 2026-05 - MAI/XLS/tab_DER-EDIFICAÇÕES_2026_05_servicos.xlsx!A1249,c6e6b9bfb56cd1d29dc3e5554c4805530d8fd2aaa68131f4e2d65fedec7cb40b,descricao_unidade,ok,,51.36,0.0,pintura,Pintura,pintura,51.399119999999996,0.47885092196130985,2,0.5211490780386902,4,0.0,0,0.0,0,0.9306000000000001,0.0,6,0,0.07616822429905945,cbd1060a508ac2c8ec93648472fe362d3b35ac83c41ef60610d576191f8e797b,emassamento de esquadrias e elementos de madeira com # demaos de massa a base agua referencia suvinil coral sherwin williams ou equivalente inclusive # demao de fundo nivelador alquidico branco referencia suvinil coral ou metalatex ou equivalente,v_fa471d6fbc85cb1f
der_es,2026-05,190302,"Pintura de esquadrias e elementos de madeira, aplicação manual, com duas demãos de tinta esmalte sintético referência Suvinil, Coral ou Metalatex, inclusive fundo branco nivelador, referência Suvinil, Coral e Metalatex ou equivalente",m2,PINTURA / SOBRE MADEIRA,44.97,sem_desoneracao,,9d7efd575c10dc676bc49f5acb5630fa9b3cd2b98449be07612e1891e8d213f6,TABELA REFERENCIAL OBRAS - DER-ES - 2026-05 - MAI/XLS/tab_DER-EDIFICAÇÕES_2026_05_servicos.xlsx!A1250,6cf17bb37dcef9132d33f3d9df21f9411ac82933b0efd43d0875e69e555f8e49,descricao_unidade,ok,,44.97,0.0,pintura,Pintura,pintura,45.018904000000006,0.43008599232002626,2,0.5699140076799737,4,0.0,0,0.0,0,0.75,0.0,6,0,0.10874805425841091,261a2b2867fc3deb2b32edf82c5fae0e7c405e7b5ed0d5f1ef54c90412e99f5e,pintura de esquadrias e elementos de madeira aplicacao manual com # demaos de tinta esmalte sintetico referencia suvinil coral ou metalatex inclusive fundo branco nivelador referencia suvinil coral e metalatex ou equivalente,v_6822f94c8991cc97
der_es,2026-05,190303,"Pintura de esquadrias e elementos de madeira, aplicação manual, com três demão de verniz brilhante incolor, linha Premium Copal, referência Suvinil, Eucatex, Montana ou equivalente",m2,PINTURA / SOBRE MADEIRA,31.78,sem_desoneracao,,9d7efd575c10dc676bc49f5acb5630fa9b3cd2b98449be07612e1891e8d213f6,TABELA REFERENCIAL OBRAS - DER-ES - 2026-05 - MAI/XLS/tab_DER-EDIFICAÇÕES_2026_05_servicos.xlsx!A1251,dbb85a3861c32ec52918414a805c66566fc019dd4b9f32bcf63a2b73dbbf2985,descricao_unidade,ok,,31.78,0.0,pintura,Pintura,pintura,31.796691999999997,0.5720091888804031,2,0.427990811119597,3,0.0,0,0.0,0,0.7,0.0,5,0,0.052523599748255156,983f5e2e099f0baa7003c21eb68f8784854922c12371579b1446498a40a6004c,pintura de esquadrias e elementos de madeira aplicacao manual com # demao de verniz brilhante incolor linha premium copal referencia suvinil eucatex montana ou equivalente,v_0cc70a5c3843afef
der_es,2026-05,190306,"Pintura de esquadrias e elementos de madeira, aplicação manual, com três demãos de verniz fosco incolor, linha Tripla Proteção Premium, referência Suvinil, Coral, Metalatex ou equivalente",m2,PINTURA / SOBRE MADEIRA,30.62,sem_desoneracao,,9d7efd575c10dc676bc49f5acb5630fa9b3cd2b98449be07612e1891e8d213f6,TABELA REFERENCIAL OBRAS - DER-ES - 2026-05 - MAI/XLS/tab_DER-EDIFICAÇÕES_2026_05_servicos.xlsx!A1252,75ddb2ec7ae72e4324d07b2dec5bd34818ba9b92e75a842cc02844736af4fe1e,descricao_unidade,ok,,30.62,0.0,pintura,Pintura,pintura,30.639979999999994,0.59360352062893,2,0.40639647937107015,3,0.0,0,0.0,0,0.7,0.0,5,0,0.06525146962767218,5e74fc3dab3a01bfcf76fdb921c4fa214cdfd1ab76c5172662054a8967068683,pintura de esquadrias e elementos de madeira aplicacao manual com # demaos de verniz fosco incolor linha tripla protecao premium referencia suvinil coral metalatex ou equivalente,v_e9bc00073fb6ee06
der_es,2026-05,190307,"Pintura fundo nivelador alquídico branco, aplicada a rolo, pincel ou trincha, em madeira, a uma demão, referência Suvinil, Coral ou equivalente",m2,PINTURA / SOBRE MADEIRA,26.41,sem_desoneracao,,9d7efd575c10dc676bc49f5acb5630fa9b3cd2b98449be07612e1891e8d213f6,TABELA REFERENCIAL OBRAS - DER-ES - 2026-05 - MAI/XLS/tab_DER-EDIFICAÇÕES_2026_05_servicos.xlsx!A1253,27a6657996a58bb6de97c8421cb74a7127ba70095aa084d5053de84d9c23bc09,descricao_unidade,ok,,26.41,0.0,pintura,Pintura,pintura,26.437620000000003,0.2956966625588839,1,0.7043033374411161,3,0.0,0,0.0,0,0.2806,0.0,4,0,0.10458159787960022,08798dcc2779080862a113302a6e21a84bd4e52cc3df8fffa3de0cc550dca4cd,pintura fundo nivelador alquidico branco aplicada a rolo pincel ou trincha em madeira a # demao referencia suvinil coral ou equivalente,v_cb7a5527c7241bcc
der_es,2026-05,190417,"Pintura sobre metal, aplicação manual, com duas demãos de tinta esmalte sintético, referência Suvinil, Coral ou Metalatex, inclusive uma demão de fundo anticorrosivo",m2,PINTURA / SOBRE METAL,54.46,sem_desoneracao,,9d7efd575c10dc676bc49f5acb5630fa9b3cd2b98449be07612e1891e8d213f6,TABELA REFERENCIAL OBRAS - DER-ES - 2026-05 - MAI/XLS/tab_DER-EDIFICAÇÕES_2026_05_servicos.xlsx!A1255,ce39150a3cc0ebd951e19e8abc4e7de725cb32b7b7ea62ff78a80f9d226b43da,descricao_unidade,ok,,54.46,0.0,pintura,Pintura,pintura,54.51140000000001,0.7534570750338461,2,0.24654292496615382,4,0.0,0,0.0,0,1.6,0.0,6,0,0.09438119720897559,f63bd2a7107baa89cc2fde02744b6feabbc97be78ef6077f9c4dd65ec0767b25,pintura sobre metal aplicacao manual com # demaos de tinta esmalte sintetico referencia suvinil coral ou metalatex inclusive # demao de fundo anticorrosivo,v_86ab5625ffedec06
der_es,2026-05,190418,Pintura de superfície metálica com uma demão de primer Epoxi e duas demãos de tinta à base de Epoxi,m2,PINTURA / SOBRE METAL,43.33,sem_desoneracao,,9d7efd575c10dc676bc49f5acb5630fa9b3cd2b98449be07612e1891e8d213f6,TABELA REFERENCIAL OBRAS - DER-ES - 2026-05 - MAI/XLS/tab_DER-EDIFICAÇÕES_2026_05_servicos.xlsx!A1256,1c2b2d94b493874c232b700e847854bc2fb67d0a26bd1265471582575168cc77,descricao_unidade,ok,,43.33,0.0,pintura,Pintura,pintura,43.3636,0.36528332518517836,2,0.6347166748148217,4,0.0,0,0.0,0,0.6000000000000001,0.0,6,0,0.07754442649434538,5e1a3033c7ba00d34ab45516d1baba768cb5eee75e646547e5b77dc0a4469000,pintura de superficie metalica com # demao de primer epoxi e # demaos de tinta a base de epoxi,v_73f93b538ab65f9b
der_es,2026-05,190602,"Pintura sobre piso, aplicação manual, com duas demãos de tinta à base de resinas acrílicas, marcas de referência Suvinil, Coral, Sherwin Williams NovaCor, Metalatex ou equivalente",m2,PINTURA / SOBRE PISOS,21.93,sem_desoneracao,,9d7efd575c10dc676bc49f5acb5630fa9b3cd2b98449be07612e1891e8d213f6,TABELA REFERENCIAL OBRAS - DER-ES - 2026-05 - MAI/XLS/tab_DER-EDIFICAÇÕES_2026_05_servicos.xlsx!A1261,cba56a933837558390dc40ef6fd14ba3558ee3406604cf0c33df28745fa16a34,descricao_unidade,ok,,21.93,0.0,pintura,Pintura,pintura,21.936999999999998,0.7656014951907736,2,0.23439850480922647,1,0.0,0,0.0,0,0.6499999999999999,0.0,3,0,0.031919744642033274,75b3f357225ff536aef39c920fae54267e47a67080ad0682c22ea6a13f2f3c2e,pintura sobre piso aplicacao manual com # demaos de tinta a base de resinas acrilicas marcas de referencia suvinil coral sherwin williams novacor metalatex ou equivalente,v_3baf6fc9b7674dd5
der_es,2026-05,190603,"Pintura sobre pisos, marcas de referência Novacor, Coral ou Suvinil, a duas demãos, Linha Premium",m2,PINTURA / SOBRE PISOS,25.89,sem_desoneracao,,9d7efd575c10dc676bc49f5acb5630fa9b3cd2b98449be07612e1891e8d213f6,TABELA REFERENCIAL OBRAS - DER-ES - 2026-05 - MAI/XLS/tab_DER-EDIFICAÇÕES_2026_05_servicos.xlsx!A1262,326ac25189e0fb1c731893627e96475fee24a136a9c31af3ca373528ef24b2d5,descricao_unidade,ok,,25.89,0.0,pintura,Pintura,pintura,25.893,0.9007067547213532,2,0.09929324527864675,1,0.0,0,0.0,0,0.9,0.0,3,0,0.011587485515643545,cffddf2a70e73316298ae763e1f9a1bc0ff84af6ef43e6fbebef9963d0bdf4a6,pintura sobre pisos marcas de referencia novacor coral ou suvinil a # demaos linha premium,v_275690d2e0c703e6
der_es,2026-05,190605,"Aplicação de tinta epóxi de alta espessura semibrilhante sobre piso de concreto a três demãos, inclusive selador epóxi a uma demão - Ref. Intergard 2005 e 2001 - Internacional ou equivalente",m2,PINTURA / SOBRE PISOS,80.43,sem_desoneracao,,9d7efd575c10dc676bc49f5acb5630fa9b3cd2b98449be07612e1891e8d213f6,TABELA REFERENCIAL OBRAS - DER-ES - 2026-05 - MAI/XLS/tab_DER-EDIFICAÇÕES_2026_05_servicos.xlsx!A1264,1b0840cc9b589e8bcd01b21bd664678c62720c946ca1116141a1475a2cdff8e0,descricao_unidade,ok,,80.43,0.0,pintura,Pintura,pintura,80.45316574999998,0.41750998468323175,2,0.5824900153167684,2,0.0,0,0.0,0,1.2999999999999998,0.0,4,0,0.02880237473576471,93f1d65497d851154765371b62dd99d2de587e98204b51c4adad77131dee94aa,aplicacao de tinta epoxi de alta espessura semibrilhante sobre piso de concreto a # demaos inclusive selador epoxi a # demao ref intergard # e # internacional ou equivalente,v_62d90b1f682f60e4
