algoritmo,candidato,parametros,f1_macro_media,f1_macro_desvio
random_forest,0,"{""bootstrap"": true, ""ccp_alpha"": 0.0, ""class_weight"": null, ""criterion"": ""gini"", ""max_depth"": null, ""max_features"": ""sqrt"", ""max_leaf_nodes"": null, ""max_samples"": null, ""min_impurity_decrease"": 0.0, ""min_samples_leaf"": 1, ""min_samples_split"": 2, ""min_weight_fraction_leaf"": 0.0, ""monotonic_cst"": null, ""n_estimators"": 200, ""n_jobs"": 1, ""oob_score"": false, ""random_state"": 42, ""verbose"": 0, ""warm_start"": false}",0.6624216541187206,0.14186628814488547
random_forest,1,"{""bootstrap"": true, ""ccp_alpha"": 0.0, ""class_weight"": null, ""criterion"": ""gini"", ""max_depth"": null, ""max_features"": ""sqrt"", ""max_leaf_nodes"": null, ""max_samples"": null, ""min_impurity_decrease"": 0.0, ""min_samples_leaf"": 2, ""min_samples_split"": 2, ""min_weight_fraction_leaf"": 0.0, ""monotonic_cst"": null, ""n_estimators"": 200, ""n_jobs"": 1, ""oob_score"": false, ""random_state"": 42, ""verbose"": 0, ""warm_start"": false}",0.6958684925899932,0.11483778158076012
random_forest,2,"{""bootstrap"": true, ""ccp_alpha"": 0.0, ""class_weight"": null, ""criterion"": ""gini"", ""max_depth"": null, ""max_features"": ""sqrt"", ""max_leaf_nodes"": null, ""max_samples"": null, ""min_impurity_decrease"": 0.0, ""min_samples_leaf"": 4, ""min_samples_split"": 2, ""min_weight_fraction_leaf"": 0.0, ""monotonic_cst"": null, ""n_estimators"": 200, ""n_jobs"": 1, ""oob_score"": false, ""random_state"": 42, ""verbose"": 0, ""warm_start"": false}",0.7130437040838502,0.09546762084567602
arvore_decisao,0,"{""ccp_alpha"": 0.0, ""class_weight"": null, ""criterion"": ""gini"", ""max_depth"": 3, ""max_features"": null, ""max_leaf_nodes"": null, ""min_impurity_decrease"": 0.0, ""min_samples_leaf"": 2, ""min_samples_split"": 2, ""min_weight_fraction_leaf"": 0.0, ""monotonic_cst"": null, ""random_state"": 42, ""splitter"": ""best""}",0.6310648818654446,0.03325573174040553
arvore_decisao,1,"{""ccp_alpha"": 0.0, ""class_weight"": null, ""criterion"": ""gini"", ""max_depth"": 5, ""max_features"": null, ""max_leaf_nodes"": null, ""min_impurity_decrease"": 0.0, ""min_samples_leaf"": 2, ""min_samples_split"": 2, ""min_weight_fraction_leaf"": 0.0, ""monotonic_cst"": null, ""random_state"": 42, ""splitter"": ""best""}",0.660783377689618,0.0560736155004692
arvore_decisao,2,"{""ccp_alpha"": 0.0, ""class_weight"": null, ""criterion"": ""gini"", ""max_depth"": null, ""max_features"": null, ""max_leaf_nodes"": null, ""min_impurity_decrease"": 0.0, ""min_samples_leaf"": 2, ""min_samples_split"": 2, ""min_weight_fraction_leaf"": 0.0, ""monotonic_cst"": null, ""random_state"": 42, ""splitter"": ""best""}",0.7310544334331598,0.08145874846234942
knn,0,"{""algorithm"": ""auto"", ""leaf_size"": 30, ""metric"": ""minkowski"", ""metric_params"": null, ""n_jobs"": null, ""n_neighbors"": 3, ""p"": 2, ""weights"": ""distance""}",0.6572284332974111,0.16541724375383812
knn,1,"{""algorithm"": ""auto"", ""leaf_size"": 30, ""metric"": ""minkowski"", ""metric_params"": null, ""n_jobs"": null, ""n_neighbors"": 5, ""p"": 2, ""weights"": ""distance""}",0.6443432539745885,0.17127951714581
knn,2,"{""algorithm"": ""auto"", ""leaf_size"": 30, ""metric"": ""minkowski"", ""metric_params"": null, ""n_jobs"": null, ""n_neighbors"": 7, ""p"": 2, ""weights"": ""distance""}",0.6379640691202527,0.1574783364163203
