fonte,codigo,descricao,classe,grupo_particao,algoritmo,classe_prevista,selecionado_cv
sinapi_es,100729,PINTURA COM TINTA EPOXÍDICA DE ACABAMENTO PULVERIZADA SOBRE PERFIL METÁLICO EXECUTADO EM FÁBRICA (POR DEMÃO). AF_01/2020_PE,pintura,v_237f3923d6588a83,random_forest,pintura,False
sinapi_es,100730,PINTURA COM TINTA EPOXÍDICA DE ACABAMENTO APLICADA A ROLO OU PINCEL SOBRE PERFIL METÁLICO EXECUTADO EM FÁBRICA (POR DEMÃO). AF_01/2020,pintura,v_237f3923d6588a83,random_forest,pintura,False
sinapi_es,100739,PINTURA COM TINTA ALQUÍDICA DE ACABAMENTO (ESMALTE SINTÉTICO ACETINADO) PULVERIZADA SOBRE PERFIL METÁLICO EXECUTADO EM FÁBRICA (POR DEMÃO). AF_01/2020_PE,pintura,v_71c9f5e34a029aaf,random_forest,pintura,False
sinapi_es,100740,PINTURA COM TINTA ALQUÍDICA DE ACABAMENTO (ESMALTE SINTÉTICO ACETINADO) APLICADA A ROLO OU PINCEL SOBRE PERFIL METÁLICO EXECUTADO EM FÁBRICA (POR DEMÃO). AF_01/2020,pintura,v_71c9f5e34a029aaf,random_forest,pintura,False
sinapi_es,100741,PINTURA COM TINTA ALQUÍDICA DE ACABAMENTO (ESMALTE SINTÉTICO ACETINADO) PULVERIZADA SOBRE SUPERFÍCIES METÁLICAS (EXCETO PERFIL) EXECUTADO EM OBRA (POR DEMÃO). AF_01/2020_PE,pintura,v_71c9f5e34a029aaf,random_forest,pintura,False
sinapi_es,100742,PINTURA COM TINTA ALQUÍDICA DE ACABAMENTO (ESMALTE SINTÉTICO ACETINADO) APLICADA A ROLO OU PINCEL SOBRE SUPERFÍCIES METÁLICAS (EXCETO PERFIL) EXECUTADO EM OBRA (POR DEMÃO). AF_01/2020,pintura,v_71c9f5e34a029aaf,random_forest,pintura,False
sinapi_es,100751,PINTURA COM TINTA EPOXÍDICA DE ACABAMENTO PULVERIZADA SOBRE PERFIL METÁLICO EXECUTADO EM FÁBRICA (02 DEMÃOS). AF_01/2020_PE,pintura,v_237f3923d6588a83,random_forest,pintura,False
sinapi_es,100752,PINTURA COM TINTA EPOXÍDICA DE ACABAMENTO APLICADA A ROLO OU PINCEL SOBRE PERFIL METÁLICO EXECUTADO EM FÁBRICA (02 DEMÃOS). AF_01/2020,pintura,v_237f3923d6588a83,random_forest,pintura,False
sinapi_es,100757,PINTURA COM TINTA ALQUÍDICA DE ACABAMENTO (ESMALTE SINTÉTICO ACETINADO) PULVERIZADA SOBRE SUPERFÍCIES METÁLICAS (EXCETO PERFIL) EXECUTADO EM OBRA (02 DEMÃOS). AF_01/2020_PE,pintura,v_71c9f5e34a029aaf,random_forest,pintura,False
sinapi_es,100758,PINTURA COM TINTA ALQUÍDICA DE ACABAMENTO (ESMALTE SINTÉTICO ACETINADO) APLICADA A ROLO OU PINCEL SOBRE SUPERFÍCIES METÁLICAS (EXCETO PERFIL) EXECUTADO EM OBRA (02 DEMÃOS). AF_01/2020,pintura,v_71c9f5e34a029aaf,random_forest,pintura,False
sinapi_es,101733,"PISO DE BORRACHA PASTILHADO/FRISADO, ESPESSURA 7MM, ASSENTADO COM ARGAMASSA. AF_02/2026",pisos,v_888400de40318751,random_forest,pisos,False
sinapi_es,101735,"PISO DE BORRACHA ESPORTIVO, ESPESSURA 15MM, ASSENTADO COM ARGAMASSA. AF_02/2026",pisos,v_04ed0baac6ab0a23,random_forest,pisos,False
sinapi_es,101736,"PISO DE BORRACHA PASTILHADO, ESPESSURA 3,5MM, FIXADO COM ADESIVO ACRÍLICO. AF_02/2026",pisos,v_510ada8b53cbacd4,random_forest,pisos,False
sinapi_es,101749,"PISO CIMENTADO, TRAÇO 1:5 (CIMENTO E AREIA), ACABAMENTO LISO, ESPESSURA 4,0 CM, PREPARO MECÂNICO DA ARGAMASSA. AF_02/2026",pisos,v_8ef16f32e3aa1ae0,random_forest,pisos,False
sinapi_es,101750,"PISO CIMENTADO, TRAÇO 1:5 (CIMENTO E AREIA), ACABAMENTO RUGOSO, ESPESSURA 4,0 CM, PREPARO MECÂNICO DA ARGAMASSA. AF_02/2026",pisos,v_8ef16f32e3aa1ae0,random_forest,pisos,False
sinapi_es,102202,"APLICAÇÃO MASSA EPÓXI PARA MADEIRA, PARA PINTURA COM TINTA PU DE ACABAMENTO (PIGMENTADA). AF_01/2021",pintura,v_eb9403a2e10f2765,random_forest,pintura,False
sinapi_es,102204,"PINTURA VERNIZ (INCOLOR) ALQUÍDICO EM MADEIRA, USO INTERNO, 1 DEMÃO. AF_01/2021",pintura,v_230ff573f6ae9d5e,random_forest,pintura,False
sinapi_es,102209,"PINTURA TINTA DE ACABAMENTO (PIGMENTADA) ESMALTE SINTÉTICO ACETINADO EM MADEIRA, 1 DEMÃO. AF_01/2021",pintura,v_71c9f5e34a029aaf,random_forest,pintura,False
sinapi_es,102214,"PINTURA VERNIZ (INCOLOR) ALQUÍDICO EM MADEIRA, USO INTERNO, 2 DEMÃOS. AF_01/2021",pintura,v_230ff573f6ae9d5e,random_forest,pintura,False
sinapi_es,102219,"PINTURA TINTA DE ACABAMENTO (PIGMENTADA) ESMALTE SINTÉTICO ACETINADO EM MADEIRA, 2 DEMÃOS. AF_01/2021",pintura,v_71c9f5e34a029aaf,random_forest,pintura,False
sinapi_es,102224,"PINTURA VERNIZ (INCOLOR) ALQUÍDICO EM MADEIRA, USO INTERNO, 3 DEMÃOS. AF_01/2021",pintura,v_230ff573f6ae9d5e,random_forest,pintura,False
sinapi_es,102229,"PINTURA TINTA DE ACABAMENTO (PIGMENTADA) ESMALTE SINTÉTICO ACETINADO EM MADEIRA, 3 DEMÃOS. AF_01/2021",pintura,v_71c9f5e34a029aaf,random_forest,pintura,False
sinapi_es,102499,ENCERAMENTO DE PISO EM MADEIRA. AF_05/2021,pintura,v_10a8ed2881ec5b27,random_forest,pintura,False
sinapi_es,104249,"EMBOÇO OU MASSA ÚNICA EM ARGAMASSA TRAÇO 1:2:8, PREPARO MECÂNICA COM BETONEIRA 400 L, APLICADA MANUALMENTE EM SUPERFÍCIES EXTERNAS DA SACADA, ESPESSURA DE 25 MM, ACESSO POR ANDAIME, SEM USO DE TELA METÁLICA. AF_08/2022",revestimentos_forros,v_8bb45ffaa009f9e8,random_forest,revestimentos_forros,False
sinapi_es,104253,"EMBOÇO OU MASSA ÚNICA EM ARGAMASSA TRAÇO 1:2:8, PREPARO MECÂNICA COM BETONEIRA 400 L, APLICADA MANUALMENTE EM SUPERFÍCIES EXTERNAS DA SACADA, ESPESSURA DE 35 MM, ACESSO POR ANDAIME, SEM USO DE TELA METÁLICA. AF_08/2022",revestimentos_forros,v_8bb45ffaa009f9e8,random_forest,revestimentos_forros,False
sinapi_es,104257,"EMBOÇO OU MASSA ÚNICA EM ARGAMASSA TRAÇO 1:2:8, PREPARO MECÂNICO COM BETONEIRA 400 L, APLICADA MANUALMENTE EM SUPERFÍCIES EXTERNAS DA SACADA, ESPESSURA DE 45 MM, ACESSO POR ANDAIME, SEM USO DE TELA METÁLICA. AF_08/2022",revestimentos_forros,v_8bb45ffaa009f9e8,random_forest,revestimentos_forros,False
sinapi_es,104261,"EMBOÇO OU MASSA ÚNICA EM ARGAMASSA TRAÇO 1:2:8, PREPARO MECÂNICO COM BETONEIRA 400 L, APLICADA MANUALMENTE EM SUPERFÍCIES EXTERNAS DA SACADA, ESPESSURA DE 50 MM, ACESSO POR ANDAIME, SEM USO DE TELA METÁLICA. AF_08/2022",revestimentos_forros,v_8bb45ffaa009f9e8,random_forest,revestimentos_forros,False
sinapi_es,104418,"ESTUCAMENTO DE DENSIDADE BAIXA DE PANOS DE FACHADA DO SISTEMA DE PAREDES DE CONCRETO EM EDIFICAÇÕES DE MÚLTIPLOS PAVIMENTOS, PAVIMENTO TÉRREO, UTILIZAÇÃO DE ARGAMASSA COLANTE. AF_12/2024",revestimentos_forros,v_81765fda21aa5994,random_forest,revestimentos_forros,False
sinapi_es,104419,"ESTUCAMENTO DE DENSIDADE BAIXA DE PANOS DE FACHADA DO SISTEMA DE PAREDES DE CONCRETO EM UNIDADES HABITACIONAIS DE DOIS PAVIMENTOS (SOBRADO), ACESSO COM ANDAIME FACHADEIRO, UTILIZAÇÃO DE ARGAMASSA COLANTE. AF_12/2024",revestimentos_forros,v_81765fda21aa5994,random_forest,revestimentos_forros,False
sinapi_es,104421,"ESTUCAMENTO DE DENSIDADE ALTA DE PANOS DE FACHADA DO SISTEMA DE PAREDES DE CONCRETO EM EDIFICAÇÕES DE MÚLTIPLOS PAVIMENTOS, PAVIMENTOS SUPERIORES, UTILIZAÇÃO DE ARGAMASSA COLANTE. AF_12/2024",revestimentos_forros,v_81765fda21aa5994,random_forest,pintura,False
sinapi_es,104422,"ESTUCAMENTO DE DENSIDADE ALTA DE PANOS DE FACHADA DO SISTEMA DE PAREDES DE CONCRETO EM EDIFICAÇÕES DE MÚLTIPLOS PAVIMENTOS, PAVIMENTO TÉRREO, UTILIZAÇÃO DE ARGAMASSA COLANTE. AF_12/2024",revestimentos_forros,v_81765fda21aa5994,random_forest,pintura,False
sinapi_es,104423,"ESTUCAMENTO DE DENSIDADE ALTA DE PANOS DE FACHADA DO SISTEMA DE PAREDES DE CONCRETO EM UNIDADES HABITACIONAIS DE DOIS PAVIMENTOS (SOBRADO), ACESSO COM ANDAIME FACHADEIRO, UTILIZAÇÃO DE ARGAMASSA COLANTE. AF_12/2024",revestimentos_forros,v_81765fda21aa5994,random_forest,revestimentos_forros,False
sinapi_es,104425,"ESTUCAMENTO DE DENSIDADE ALTA DE PANOS DE FACHADA DO SISTEMA DE PAREDES DE CONCRETO EM UNIDADES HABITACIONAIS DE PAVIMENTO ÚNICO, UTILIZAÇÃO DE ARGAMASSA COLANTE. AF_12/2024",revestimentos_forros,v_81765fda21aa5994,random_forest,pintura,False
sinapi_es,104615,REVESTIMENTO CERÂMICO PARA PAREDES INTERNAS COM PLACAS TIPO PASTILHA DE DIMENSÕES 5 X 5 CM (PLACAS DE 30 X 30 CM) CM APLICADAS NA ALTURA INTEIRA DAS PAREDES. AF_02/2023,revestimentos_forros,v_306d6657eb7f342f,random_forest,pisos,False
sinapi_es,104616,"REVESTIMENTO CERÂMICO PARA PAREDES INTERNAS COM PLACAS TIPO PASTILHA DE DIMENSÕES 2,5 X 2,5 CM (PLACAS DE 30 X 30 CM) CM APLICADAS NA ALTURA INTEIRA DAS PAREDES. AF_02/2023",revestimentos_forros,v_306d6657eb7f342f,random_forest,pisos,False
sinapi_es,104617,REVESTIMENTO CERÂMICO PARA PAREDES INTERNAS COM PLACAS TIPO PASTILHA DE DIMENSÕES 5 X 5 CM (PLACAS DE 30 X 30 CM) CM APLICADAS A MEIA ALTURA DAS PAREDES. AF_02/2023,revestimentos_forros,v_306d6657eb7f342f,random_forest,revestimentos_forros,False
sinapi_es,104618,"REVESTIMENTO CERÂMICO PARA PAREDES INTERNAS COM PLACAS TIPO PASTILHA DE DIMENSÕES 2,5 X 2,5 CM (PLACAS DE 30 X 30 CM) CM APLICADAS A MEIA ALTURA DAS PAREDES. AF_02/2023",revestimentos_forros,v_306d6657eb7f342f,random_forest,pisos,False
sinapi_es,104640,"PINTURA LÁTEX ACRÍLICA STANDARD, APLICAÇÃO MANUAL EM TETO, DUAS DEMÃOS. AF_04/2023",pintura,v_0b86d2c344f2e9f6,random_forest,pintura,False
sinapi_es,104642,"PINTURA LÁTEX ACRÍLICA STANDARD, APLICAÇÃO MANUAL EM PAREDES, DUAS DEMÃOS. AF_04/2023",pintura,v_0b86d2c344f2e9f6,random_forest,pintura,False
sinapi_es,104951,"MASSA ÚNICA, EM ARGAMASSA TRAÇO 1:2:8, PREPARO MECÂNICO, APLICADA MANUALMENTE EM PAREDES INTERNAS DE AMBIENTES COM ÁREA MAIOR QUE 10M², E = 17,5MM, COM TALISCAS. AF_03/2024",revestimentos_forros,v_8bb45ffaa009f9e8,random_forest,pisos,False
sinapi_es,104955,"MASSA ÚNICA, EM ARGAMASSA TRAÇO 1:2:8, PREPARO MECÂNICO, APLICADA MANUALMENTE EM PAREDES INTERNAS DE AMBIENTES COM PÉ-DIREITO DUPLO E ÁREA MAIOR QUE 10M², E = 17,5MM, COM TALISCAS. AF_03/2024",revestimentos_forros,v_8bb45ffaa009f9e8,random_forest,revestimentos_forros,False
sinapi_es,104957,"EMBOÇO, EM ARGAMASSA TRAÇO 1:2:8, PREPARO MECÂNICO, APLICADO MANUALMENTE EM PAREDES INTERNAS DE AMBIENTES COM PÉ-DIREITO DUPLO E ÁREA MAIOR QUE 10M², E = 17,5MM, COM TALISCAS. AF_03/2024",revestimentos_forros,v_8bb45ffaa009f9e8,random_forest,revestimentos_forros,False
sinapi_es,104958,"MASSA ÚNICA, EM ARGAMASSA TRAÇO 1:2:8 PREPARO MECÂNICO, APLICADA MANUALMENTE EM PAREDES INTERNAS DE AMBIENTES COM ÁREA MAIOR QUE 10M², E = 10MM, COM TALISCAS. AF_03/2024",revestimentos_forros,v_8bb45ffaa009f9e8,random_forest,revestimentos_forros,False
sinapi_es,104961,"EMBOÇO, EM ARGAMASSA TRAÇO 1:2:8, PREPARO MECÂNICO, APLICADO MANUALMENTE EM PAREDES INTERNAS DE AMBIENTES COM PÉ-DIREITO DUPLO E ÁREA MENOR QUE 5M², E = 17,5MM, COM TALISCAS. AF_03/2024",revestimentos_forros,v_8bb45ffaa009f9e8,random_forest,revestimentos_forros,False
sinapi_es,104963,"MASSA ÚNICA, EM ARGAMASSA TRAÇO 1:2:8, PREPARO MECÂNICO, APLICADA MANUALMENTE EM PAREDES INTERNAS DE AMBIENTES COM PÉ-DIREITO DUPLO E ÁREA ENTRE 5M² E 10M², E = 17,5MM, COM TALISCAS. AF_03/2024",revestimentos_forros,v_8bb45ffaa009f9e8,random_forest,revestimentos_forros,False
sinapi_es,104965,"EMBOÇO, EM ARGAMASSA TRAÇO 1:2:8, PREPARO MECÂNICO, APLICADO MANUALMENTE EM PAREDES INTERNAS DE AMBIENTES COM PÉ-DIREITO DUPLO E ÁREA ENTRE 5M² E 10M², E = 17,5MM, COM TALISCAS. AF_03/2024",revestimentos_forros,v_8bb45ffaa009f9e8,random_forest,revestimentos_forros,False
sinapi_es,104967,"EMBOÇO, EM ARGAMASSA TRAÇO 1:2:8, PREPARO MECÂNICO, APLICADO MANUALMENTE EM PAREDES INTERNAS DE AMBIENTES COM PÉ-DIREITO DUPLO E ÁREA MENOR QUE 5M², E = 10MM, COM TALISCAS. AF_03/2024",revestimentos_forros,v_8bb45ffaa009f9e8,random_forest,revestimentos_forros,False
sinapi_es,104969,"MASSA ÚNICA, EM ARGAMASSA TRAÇO 1:2:8, PREPARO MECÂNICO, APLICADA MANUALMENTE EM PAREDES INTERNAS DE AMBIENTES COM PÉ-DIREITO DUPLO E ÁREA ENTRE 5M² E 10M², E = 10MM, COM TALISCAS. AF_03/2024",revestimentos_forros,v_8bb45ffaa009f9e8,random_forest,revestimentos_forros,False
sinapi_es,104971,"EMBOÇO, EM ARGAMASSA TRAÇO 1:2:8, PREPARO MECÂNICO, APLICADO MANUALMENTE EM PAREDES INTERNAS DE AMBIENTES COM PÉ-DIREITO DUPLO E ÁREA ENTRE 5M² E 10M², E = 10MM, COM TALISCAS. AF_03/2024",revestimentos_forros,v_8bb45ffaa009f9e8,random_forest,revestimentos_forros,False
sinapi_es,104973,"MASSA ÚNICA, EM ARGAMASSA TRAÇO 1:2:8, PREPARO MECÂNICO, APLICADA MANUALMENTE EM PAREDES INTERNAS DE AMBIENTES COM PÉ-DIREITO DUPLO ÁREA MAIOR QUE 10M², E = 10MM, COM TALISCAS. AF_03/2024",revestimentos_forros,v_8bb45ffaa009f9e8,random_forest,revestimentos_forros,False
sinapi_es,104975,"EMBOÇO, EM ARGAMASSA TRAÇO 1:2:8, PREPARO MECÂNICO, APLICADO MANUALMENTE EM PAREDES INTERNAS DE AMBIENTES COM PÉ-DIREITO DUPLO E ÁREA MAIOR QUE 10M², E = 10MM, COM TALISCAS. AF_03/2024",revestimentos_forros,v_8bb45ffaa009f9e8,random_forest,revestimentos_forros,False
sinapi_es,104977,"MASSA ÚNICA, EM ARGAMASSA TRAÇO 1:2:8, PREPARO MECÂNICO, APLICADA MANUALMENTE EM TETO DE AMBIENTES COM PAREDES EM PÉ-DIREITO DUPLO, E = 17,5MM, COM TALISCAS. AF_03/2024",revestimentos_forros,v_8bb45ffaa009f9e8,random_forest,revestimentos_forros,False
sinapi_es,104978,"MASSA ÚNICA, EM ARGAMASSA TRAÇO 1:2:8, PREPARO MECÂNICO, APLICADA MANUALMENTE EM TETO DE AMBIENTES COM PAREDES EM PÉ-DIREITO DUPLO, E = 10MM, COM TALISCAS. AF_03/2024",revestimentos_forros,v_8bb45ffaa009f9e8,random_forest,revestimentos_forros,False
sinapi_es,105817,"ESTUCAMENTO DE DENSIDADE ALTA NAS FACES INTERNAS DE PAREDES DO SISTEMA DE PAREDES DE CONCRETO, EM AMBIENTES COM ÁREA MAIOR OU IGUAL A 10 M², UTILIZAÇÃO DE ARGAMASSA TRAÇO 1:1:6 (CIM:CAL:AREIA). AF_12/2024",revestimentos_forros,v_8bb45ffaa009f9e8,random_forest,revestimentos_forros,False
sinapi_es,105819,"ESTUCAMENTO DE DENSIDADE ALTA NAS FACES INTERNAS DE PAREDES DO SISTEMA DE PAREDES DE CONCRETO, EM AMBIENTES COM ÁREA ENTRE 5 M² E 10 M², UTILIZAÇÃO DE ARGAMASSA TRAÇO 1:1:6 (CIM:CAL:AREIA). AF_12/2024",revestimentos_forros,v_8bb45ffaa009f9e8,random_forest,revestimentos_forros,False
sinapi_es,105821,"ESTUCAMENTO DE DENSIDADE ALTA NAS FACES INTERNAS DE PAREDES DO SISTEMA DE PAREDES DE CONCRETO, EM AMBIENTES COM ÁREA MENOR OU IGUAL A 5 M², UTILIZAÇÃO DE ARGAMASSA TRAÇO 1:1:6 (CIM:CAL:AREIA). AF_12/2024",revestimentos_forros,v_8bb45ffaa009f9e8,random_forest,revestimentos_forros,False
sinapi_es,105823,"ESTUCAMENTO DE DENSIDADE ALTA DE PANOS DE FACHADA DO SISTEMA DE PAREDES DE CONCRETO EM EDIFICAÇÕES DE MÚLTIPLOS PAVIMENTOS, PAVIMENTOS SUPERIORES, UTILIZAÇÃO DE ARGAMASSA TRAÇO 1:0,5:4,5 (CIM:CAL:AREIA). AF_12/2024",revestimentos_forros,v_8bb45ffaa009f9e8,random_forest,revestimentos_forros,False
sinapi_es,105825,"ESTUCAMENTO DE DENSIDADE ALTA DE PANOS DE FACHADA DO SISTEMA DE PAREDES DE CONCRETO EM EDIFICAÇÕES DE MÚLTIPLOS PAVIMENTOS, PAVIMENTO TÉRREO, UTILIZAÇÃO DE ARGAMASSA TRAÇO 1:0,5:4,5 (CIM:CAL:AREIA). AF_12/2024",revestimentos_forros,v_8bb45ffaa009f9e8,random_forest,revestimentos_forros,False
sinapi_es,105827,"ESTUCAMENTO DE DENSIDADE ALTA DE PANOS DE FACHADA DO SISTEMA DE PAREDES DE CONCRETO EM UNIDADES HABITACIONAIS DE DOIS PAVIMENTOS (SOBRADO), ACESSO COM ANDAIME FACHADEIRO, UTILIZAÇÃO DE ARGAMASSA TRAÇO 1:0,5:4,5 (CIM:CAL:AREIA). AF_12/2024",revestimentos_forros,v_8bb45ffaa009f9e8,random_forest,revestimentos_forros,False
sinapi_es,105829,"ESTUCAMENTO DE DENSIDADE ALTA DE PANOS DE FACHADA DO SISTEMA DE PAREDES DE CONCRETO EM UNIDADES HABITACIONAIS DE PAVIMENTO ÚNICO, UTILIZAÇÃO DE ARGAMASSA TRAÇO 1:0,5:4,5 (CIM:CAL:AREIA). AF_12/2024",revestimentos_forros,v_8bb45ffaa009f9e8,random_forest,revestimentos_forros,False
sinapi_es,106788,"PISO CIMENTADO, TRAÇO 1:3 (CIMENTO E AREIA), ACABAMENTO LISO, ESPESSURA 1,5 CM, PREPARO MECÂNICO DA ARGAMASSA. AF_02/2026",pisos,v_8ef16f32e3aa1ae0,random_forest,revestimentos_forros,False
sinapi_es,106789,"PISO CIMENTADO, TRAÇO 1:3 (CIMENTO E AREIA), ACABAMENTO RUGOSO, ESPESSURA 1,5 CM, PREPARO MECÂNICO DA ARGAMASSA. AF_02/2026",pisos,v_8ef16f32e3aa1ae0,random_forest,revestimentos_forros,False
sinapi_es,106791,REVESTIMENTO DE DEGRAUS DE ESCADA EM GRANITO. AF_02/2026,pisos,v_fb70b35d91a4bd09,random_forest,revestimentos_forros,False
sinapi_es,87527,"EMBOÇO, EM ARGAMASSA TRAÇO 1:2:8, PREPARO MECÂNICO, APLICADO MANUALMENTE EM PAREDES INTERNAS DE AMBIENTES COM ÁREA MENOR QUE 5M², E =17,5MM, COM TALISCAS. AF_03/2024",revestimentos_forros,v_8bb45ffaa009f9e8,random_forest,revestimentos_forros,False
sinapi_es,87529,"MASSA ÚNICA, EM ARGAMASSA TRAÇO 1:2:8, PREPARO MECÂNICO, APLICADA MANUALMENTE EM PAREDES INTERNAS DE AMBIENTES COM ÁREA ENTRE 5M² E 10M², E = 17,5MM, COM TALISCAS. AF_03/2024",revestimentos_forros,v_8bb45ffaa009f9e8,random_forest,revestimentos_forros,False
sinapi_es,87531,"EMBOÇO, EM ARGAMASSA TRAÇO 1:2:8, PREPARO MECÂNICO, APLICADO MANUALMENTE EM PAREDES INTERNAS DE AMBIENTES COM ÁREA ENTRE 5M² E 10M², E = 17,5MM, COM TALISCAS. AF_03/2024",revestimentos_forros,v_8bb45ffaa009f9e8,random_forest,revestimentos_forros,False
sinapi_es,87535,"EMBOÇO, EM ARGAMASSA TRAÇO 1:2:8, PREPARO MECÂNICO, APLICADO MANUALMENTE EM PAREDES INTERNAS DE AMBIENTES COM ÁREA MAIOR QUE 10M², E = 17,5MM, COM TALISCAS. AF_03/2024",revestimentos_forros,v_8bb45ffaa009f9e8,random_forest,pisos,False
sinapi_es,87545,"EMBOÇO, EM ARGAMASSA TRAÇO 1:2:8, PREPARO MECÂNICO, APLICADO MANUALMENTE EM PAREDES INTERNAS, PARA AMBIENTES COM ÁREA MENOR QUE 5M², E = 10MM, COM TALISCAS. AF_03/2024",revestimentos_forros,v_8bb45ffaa009f9e8,random_forest,revestimentos_forros,False
sinapi_es,87547,"MASSA ÚNICA, EM ARGAMASSA TRAÇO 1:2:8, PREPARO MECÂNICO, APLICADA MANUALMENTE EM PAREDES INTERNAS DE AMBIENTES COM ÁREA ENTRE 5M² E 10M², E = 10MM, COM TALISCAS. AF_03/2024",revestimentos_forros,v_8bb45ffaa009f9e8,random_forest,revestimentos_forros,False
sinapi_es,87549,"EMBOÇO, EM ARGAMASSA TRAÇO 1:2:8, PREPARO MECÂNICO, APLICADO MANUALMENTE EM PAREDES INTERNAS DE AMBIENTES COM ÁREA ENTRE 5M² E 10M², E = 10MM, COM TALISCAS. AF_03/2024",revestimentos_forros,v_8bb45ffaa009f9e8,random_forest,revestimentos_forros,False
sinapi_es,87553,"EMBOÇO, EM ARGAMASSA TRAÇO 1:2:8, PREPARO MECÂNICO, APLICADO MANUALMENTE EM PAREDES INTERNAS DE AMBIENTES COM ÁREA MAIOR QUE 10M², E = 10MM, COM TALISCAS. AF_03/2024",revestimentos_forros,v_8bb45ffaa009f9e8,random_forest,revestimentos_forros,False
sinapi_es,87759,"CONTRAPISO EM ARGAMASSA PRONTA, PREPARO MANUAL, APLICADO EM ÁREAS MOLHADAS SOBRE IMPERMEABILIZAÇÃO, ACABAMENTO NÃO REFORÇADO, ESPESSURA 3CM. AF_07/2021",pisos,v_154c373b9e02a0da,random_forest,pisos,False
sinapi_es,87769,"CONTRAPISO EM ARGAMASSA PRONTA, PREPARO MANUAL, APLICADO EM ÁREAS MOLHADAS SOBRE IMPERMEABILIZAÇÃO, ACABAMENTO NÃO REFORÇADO, ESPESSURA 4CM. AF_07/2021",pisos,v_154c373b9e02a0da,random_forest,revestimentos_forros,False
sinapi_es,87809,"EMBOÇO OU MASSA ÚNICA EM ARGAMASSA TRAÇO 1:2:8, PREPARO MECÂNICO COM BETONEIRA 400 L, APLICADA MANUALMENTE EM SUPERFÍCIES EXTERNAS DA SACADA, ESPESSURA DE 25 MM, SEM USO DE TELA METÁLICA DE REFORÇO CONTRA FISSURAÇÃO. AF_08/2022",revestimentos_forros,v_8bb45ffaa009f9e8,random_forest,revestimentos_forros,False
sinapi_es,87813,"EMBOÇO OU MASSA ÚNICA EM ARGAMASSA TRAÇO 1:2:8, PREPARO MECÂNICO COM BETONEIRA 400 L, APLICADA MANUALMENTE EM SUPERFÍCIES EXTERNAS DA SACADA, ESPESSURA DE 35 MM, SEM USO DE TELA METÁLICA DE REFORÇO CONTRA FISSURAÇÃO. AF_08/2022",revestimentos_forros,v_8bb45ffaa009f9e8,random_forest,revestimentos_forros,False
sinapi_es,87817,"EMBOÇO OU MASSA ÚNICA EM ARGAMASSA TRAÇO 1:2:8, PREPARO MECÂNICO COM BETONEIRA 400 L, APLICADA MANUALMENTE EM SUPERFÍCIES EXTERNAS DA SACADA, ESPESSURA DE 45 MM, SEM USO DE TELA METÁLICA DE REFORÇO CONTRA FISSURAÇÃO. AF_08/2022",revestimentos_forros,v_8bb45ffaa009f9e8,random_forest,revestimentos_forros,False
sinapi_es,87821,"EMBOÇO OU MASSA ÚNICA EM ARGAMASSA TRAÇO 1:2:8, PREPARO MECÂNICO COM BETONEIRA 400 L, APLICADA MANUALMENTE EM SUPERFÍCIES EXTERNAS DA SACADA, ESPESSURA MAIOR OU IGUAL A 50 MM, SEM USO DE TELA METÁLICA DE REFORÇO CONTRA FISSURAÇÃO. AF_08/2022",revestimentos_forros,v_8bb45ffaa009f9e8,random_forest,revestimentos_forros,False
sinapi_es,87825,"EMBOÇO OU MASSA ÚNICA EM ARGAMASSA TRAÇO 1:2:8, PREPARO MECÂNICO COM BETONEIRA 400 L, APLICADA MANUALMENTE NAS PAREDES INTERNAS DA SACADA, ESPESSURA DE 25 MM, SEM USO DE TELA METÁLICA DE REFORÇO CONTRA FISSURAÇÃO. AF_08/2022",revestimentos_forros,v_8bb45ffaa009f9e8,random_forest,revestimentos_forros,False
sinapi_es,87829,"EMBOÇO OU MASSA ÚNICA EM ARGAMASSA TRAÇO 1:2:8, PREPARO MECÂNICO COM BETONEIRA 400 L, APLICADA MANUALMENTE NAS PAREDES INTERNAS DA SACADA, ESPESSURA DE 35 MM, SEM USO DE TELA METÁLICA DE REFORÇO CONTRA FISSURAÇÃO. AF_08/2022",revestimentos_forros,v_8bb45ffaa009f9e8,random_forest,revestimentos_forros,False
sinapi_es,87838,REVESTIMENTO DECORATIVO MONOCAMADA EXECUTADO MANUALMENTE EM FACHADA DE UM EDIFÍCIO DE ESTRUTURA CONVENCIONAL E ACABAMENTO RASPADO. AF_03/2024,revestimentos_forros,v_260c495867574e3c,random_forest,revestimentos_forros,False
sinapi_es,87839,REVESTIMENTO DECORATIVO MONOCAMADA EXECUTADO MANUALMENTE EM FACHADA DE UM EDIFÍCIO DE ALVENARIA ESTRUTURAL E ACABAMENTO RASPADO. AF_03/2024,revestimentos_forros,v_260c495867574e3c,random_forest,revestimentos_forros,False
sinapi_es,87878,"CHAPISCO APLICADO EM ALVENARIAS E ESTRUTURAS DE CONCRETO INTERNAS, COM COLHER DE PEDREIRO. ARGAMASSA TRAÇO 1:3 COM PREPARO MANUAL. AF_10/2022",revestimentos_forros,v_fc4a651ffca3f5de,random_forest,pintura,False
sinapi_es,87893,"CHAPISCO APLICADO EM ALVENARIA (SEM PRESENÇA DE VÃOS) E ESTRUTURAS DE CONCRETO DE FACHADA, COM COLHER DE PEDREIRO. ARGAMASSA TRAÇO 1:3 COM PREPARO MANUAL. AF_10/2022",revestimentos_forros,v_fc4a651ffca3f5de,random_forest,pintura,False
sinapi_es,87904,"CHAPISCO APLICADO EM ALVENARIA (COM PRESENÇA DE VÃOS) E ESTRUTURAS DE CONCRETO DE FACHADA, COM COLHER DE PEDREIRO. ARGAMASSA TRAÇO 1:3 COM PREPARO MANUAL. AF_10/2022",revestimentos_forros,v_fc4a651ffca3f5de,random_forest,pintura,False
sinapi_es,88470,"CONTRAPISO COM ARGAMASSA AUTONIVELANTE, APLICADO SOBRE LAJE, NÃO ADERIDO, ESPESSURA 3CM. AF_07/2021",pisos,v_c63e00e738214a4f,random_forest,pisos,False
sinapi_es,88471,"CONTRAPISO COM ARGAMASSA AUTONIVELANTE, APLICADO SOBRE LAJE, NÃO ADERIDO, ESPESSURA 4CM. AF_07/2021",pisos,v_c63e00e738214a4f,random_forest,pisos,False
sinapi_es,88472,"CONTRAPISO COM ARGAMASSA AUTONIVELANTE, APLICADO SOBRE LAJE, NÃO ADERIDO, ESPESSURA 5CM. AF_07/2021",pisos,v_c63e00e738214a4f,random_forest,pisos,False
sinapi_es,88494,"EMASSAMENTO COM MASSA LÁTEX, APLICAÇÃO EM TETO, UMA DEMÃO, LIXAMENTO MANUAL. AF_04/2023",pintura,v_b60ac7b7366d771c,random_forest,pintura,False
sinapi_es,88495,"EMASSAMENTO COM MASSA LÁTEX, APLICAÇÃO EM PAREDE, UMA DEMÃO, LIXAMENTO MANUAL. AF_04/2023",pintura,v_b60ac7b7366d771c,random_forest,pintura,False
sinapi_es,88496,"EMASSAMENTO COM MASSA LÁTEX, APLICAÇÃO EM TETO, DUAS DEMÃOS, LIXAMENTO MANUAL. AF_04/2023",pintura,v_b60ac7b7366d771c,random_forest,pintura,False
sinapi_es,88497,"EMASSAMENTO COM MASSA LÁTEX, APLICAÇÃO EM PAREDE, DUAS DEMÃOS, LIXAMENTO MANUAL. AF_04/2023",pintura,v_b60ac7b7366d771c,random_forest,pintura,False
sinapi_es,90406,"MASSA ÚNICA, EM ARGAMASSA TRAÇO 1:2:8, PREPARO MECÂNICO, APLICADA MANUALMENTE EM TETO, E = 17,5MM, COM TALISCAS. AF_03/2024",revestimentos_forros,v_8bb45ffaa009f9e8,random_forest,revestimentos_forros,False
sinapi_es,90408,"MASSA ÚNICA, EM ARGAMASSA TRAÇO 1:2:8, PREPARO MECÂNICO, APLICADA MANUALMENTE EM TETO, E = 10MM, COM TALISCAS. AF_03/2024",revestimentos_forros,v_8bb45ffaa009f9e8,random_forest,revestimentos_forros,False
sinapi_es,91515,"ESTUCAMENTO DE DENSIDADE BAIXA DE PANOS DE FACHADA DO SISTEMA DE PAREDES DE CONCRETO EM EDIFICAÇÕES DE MÚLTIPLOS PAVIMENTOS, PAVIMENTOS SUPERIORES, UTILIZAÇÃO DE ARGAMASSA COLANTE. AF_12/2024",revestimentos_forros,v_81765fda21aa5994,random_forest,revestimentos_forros,False
sinapi_es,91519,"ESTUCAMENTO DE DENSIDADE BAIXA DE PANOS DE FACHADA DO SISTEMA DE PAREDES DE CONCRETO EM UNIDADES HABITACIONAIS DE PAVIMENTO ÚNICO, UTILIZAÇÃO DE ARGAMASSA COLANTE. AF_12/2024",revestimentos_forros,v_81765fda21aa5994,random_forest,revestimentos_forros,False
sinapi_es,96110,"FORRO EM DRYWALL PARA AMBIENTES RESIDENCIAIS, INCLUSIVE ESTRUTURA UNIDIRECIONAL DE FIXAÇÃO. AF_08/2023_PS",revestimentos_forros,v_2d4c2a6b833d977f,random_forest,revestimentos_forros,False
sinapi_es,96114,"FORRO EM DRYWALL, PARA AMBIENTES COMERCIAIS, INCLUSIVE ESTRUTURA BIRECIONAL DE FIXAÇÃO. AF_08/2023_PS",revestimentos_forros,v_2d4c2a6b833d977f,random_forest,revestimentos_forros,False
sinapi_es,98679,"PISO CIMENTADO, TRAÇO 1:5 (CIMENTO E AREIA), ACABAMENTO LISO, ESPESSURA 2,0 CM, PREPARO MECÂNICO DA ARGAMASSA. AF_02/2026",pisos,v_8ef16f32e3aa1ae0,random_forest,pisos,False
sinapi_es,98680,"PISO CIMENTADO, TRAÇO 1:5 (CIMENTO E AREIA), ACABAMENTO LISO, ESPESSURA 3,0 CM, PREPARO MECÂNICO DA ARGAMASSA. AF_02/2026",pisos,v_8ef16f32e3aa1ae0,random_forest,pisos,False
sinapi_es,98681,"PISO CIMENTADO, TRAÇO 1:5 (CIMENTO E AREIA), ACABAMENTO RUGOSO, ESPESSURA 2,0 CM, PREPARO MECÂNICO DA ARGAMASSA. AF_02/2026",pisos,v_8ef16f32e3aa1ae0,random_forest,pisos,False
sinapi_es,98682,"PISO CIMENTADO, TRAÇO 1:5 (CIMENTO E AREIA), ACABAMENTO RUGOSO, ESPESSURA 3,0 CM, PREPARO MECÂNICO DA ARGAMASSA. AF_02/2026",pisos,v_8ef16f32e3aa1ae0,random_forest,pisos,False
sinapi_es,99054,"ACABAMENTOS PARA FORRO (SANCA DE GESSO, MONTADA NA OBRA). AF_08/2023_PS",revestimentos_forros,v_081f4cd3cef51749,random_forest,revestimentos_forros,False
sinapi_es,100729,PINTURA COM TINTA EPOXÍDICA DE ACABAMENTO PULVERIZADA SOBRE PERFIL METÁLICO EXECUTADO EM FÁBRICA (POR DEMÃO). AF_01/2020_PE,pintura,v_237f3923d6588a83,arvore_decisao,pintura,True
sinapi_es,100730,PINTURA COM TINTA EPOXÍDICA DE ACABAMENTO APLICADA A ROLO OU PINCEL SOBRE PERFIL METÁLICO EXECUTADO EM FÁBRICA (POR DEMÃO). AF_01/2020,pintura,v_237f3923d6588a83,arvore_decisao,pintura,True
sinapi_es,100739,PINTURA COM TINTA ALQUÍDICA DE ACABAMENTO (ESMALTE SINTÉTICO ACETINADO) PULVERIZADA SOBRE PERFIL METÁLICO EXECUTADO EM FÁBRICA (POR DEMÃO). AF_01/2020_PE,pintura,v_71c9f5e34a029aaf,arvore_decisao,pintura,True
sinapi_es,100740,PINTURA COM TINTA ALQUÍDICA DE ACABAMENTO (ESMALTE SINTÉTICO ACETINADO) APLICADA A ROLO OU PINCEL SOBRE PERFIL METÁLICO EXECUTADO EM FÁBRICA (POR DEMÃO). AF_01/2020,pintura,v_71c9f5e34a029aaf,arvore_decisao,pintura,True
sinapi_es,100741,PINTURA COM TINTA ALQUÍDICA DE ACABAMENTO (ESMALTE SINTÉTICO ACETINADO) PULVERIZADA SOBRE SUPERFÍCIES METÁLICAS (EXCETO PERFIL) EXECUTADO EM OBRA (POR DEMÃO). AF_01/2020_PE,pintura,v_71c9f5e34a029aaf,arvore_decisao,pintura,True
sinapi_es,100742,PINTURA COM TINTA ALQUÍDICA DE ACABAMENTO (ESMALTE SINTÉTICO ACETINADO) APLICADA A ROLO OU PINCEL SOBRE SUPERFÍCIES METÁLICAS (EXCETO PERFIL) EXECUTADO EM OBRA (POR DEMÃO). AF_01/2020,pintura,v_71c9f5e34a029aaf,arvore_decisao,pintura,True
sinapi_es,100751,PINTURA COM TINTA EPOXÍDICA DE ACABAMENTO PULVERIZADA SOBRE PERFIL METÁLICO EXECUTADO EM FÁBRICA (02 DEMÃOS). AF_01/2020_PE,pintura,v_237f3923d6588a83,arvore_decisao,pintura,True
sinapi_es,100752,PINTURA COM TINTA EPOXÍDICA DE ACABAMENTO APLICADA A ROLO OU PINCEL SOBRE PERFIL METÁLICO EXECUTADO EM FÁBRICA (02 DEMÃOS). AF_01/2020,pintura,v_237f3923d6588a83,arvore_decisao,pintura,True
sinapi_es,100757,PINTURA COM TINTA ALQUÍDICA DE ACABAMENTO (ESMALTE SINTÉTICO ACETINADO) PULVERIZADA SOBRE SUPERFÍCIES METÁLICAS (EXCETO PERFIL) EXECUTADO EM OBRA (02 DEMÃOS). AF_01/2020_PE,pintura,v_71c9f5e34a029aaf,arvore_decisao,pintura,True
sinapi_es,100758,PINTURA COM TINTA ALQUÍDICA DE ACABAMENTO (ESMALTE SINTÉTICO ACETINADO) APLICADA A ROLO OU PINCEL SOBRE SUPERFÍCIES METÁLICAS (EXCETO PERFIL) EXECUTADO EM OBRA (02 DEMÃOS). AF_01/2020,pintura,v_71c9f5e34a029aaf,arvore_decisao,pintura,True
sinapi_es,101733,"PISO DE BORRACHA PASTILHADO/FRISADO, ESPESSURA 7MM, ASSENTADO COM ARGAMASSA. AF_02/2026",pisos,v_888400de40318751,arvore_decisao,pisos,True
sinapi_es,101735,"PISO DE BORRACHA ESPORTIVO, ESPESSURA 15MM, ASSENTADO COM ARGAMASSA. AF_02/2026",pisos,v_04ed0baac6ab0a23,arvore_decisao,pisos,True
sinapi_es,101736,"PISO DE BORRACHA PASTILHADO, ESPESSURA 3,5MM, FIXADO COM ADESIVO ACRÍLICO. AF_02/2026",pisos,v_510ada8b53cbacd4,arvore_decisao,pisos,True
sinapi_es,101749,"PISO CIMENTADO, TRAÇO 1:5 (CIMENTO E AREIA), ACABAMENTO LISO, ESPESSURA 4,0 CM, PREPARO MECÂNICO DA ARGAMASSA. AF_02/2026",pisos,v_8ef16f32e3aa1ae0,arvore_decisao,pisos,True
sinapi_es,101750,"PISO CIMENTADO, TRAÇO 1:5 (CIMENTO E AREIA), ACABAMENTO RUGOSO, ESPESSURA 4,0 CM, PREPARO MECÂNICO DA ARGAMASSA. AF_02/2026",pisos,v_8ef16f32e3aa1ae0,arvore_decisao,pisos,True
sinapi_es,102202,"APLICAÇÃO MASSA EPÓXI PARA MADEIRA, PARA PINTURA COM TINTA PU DE ACABAMENTO (PIGMENTADA). AF_01/2021",pintura,v_eb9403a2e10f2765,arvore_decisao,pintura,True
sinapi_es,102204,"PINTURA VERNIZ (INCOLOR) ALQUÍDICO EM MADEIRA, USO INTERNO, 1 DEMÃO. AF_01/2021",pintura,v_230ff573f6ae9d5e,arvore_decisao,pintura,True
sinapi_es,102209,"PINTURA TINTA DE ACABAMENTO (PIGMENTADA) ESMALTE SINTÉTICO ACETINADO EM MADEIRA, 1 DEMÃO. AF_01/2021",pintura,v_71c9f5e34a029aaf,arvore_decisao,pintura,True
sinapi_es,102214,"PINTURA VERNIZ (INCOLOR) ALQUÍDICO EM MADEIRA, USO INTERNO, 2 DEMÃOS. AF_01/2021",pintura,v_230ff573f6ae9d5e,arvore_decisao,pintura,True
sinapi_es,102219,"PINTURA TINTA DE ACABAMENTO (PIGMENTADA) ESMALTE SINTÉTICO ACETINADO EM MADEIRA, 2 DEMÃOS. AF_01/2021",pintura,v_71c9f5e34a029aaf,arvore_decisao,pintura,True
sinapi_es,102224,"PINTURA VERNIZ (INCOLOR) ALQUÍDICO EM MADEIRA, USO INTERNO, 3 DEMÃOS. AF_01/2021",pintura,v_230ff573f6ae9d5e,arvore_decisao,pintura,True
sinapi_es,102229,"PINTURA TINTA DE ACABAMENTO (PIGMENTADA) ESMALTE SINTÉTICO ACETINADO EM MADEIRA, 3 DEMÃOS. AF_01/2021",pintura,v_71c9f5e34a029aaf,arvore_decisao,pintura,True
sinapi_es,102499,ENCERAMENTO DE PISO EM MADEIRA. AF_05/2021,pintura,v_10a8ed2881ec5b27,arvore_decisao,pintura,True
sinapi_es,104249,"EMBOÇO OU MASSA ÚNICA EM ARGAMASSA TRAÇO 1:2:8, PREPARO MECÂNICA COM BETONEIRA 400 L, APLICADA MANUALMENTE EM SUPERFÍCIES EXTERNAS DA SACADA, ESPESSURA DE 25 MM, ACESSO POR ANDAIME, SEM USO DE TELA METÁLICA. AF_08/2022",revestimentos_forros,v_8bb45ffaa009f9e8,arvore_decisao,revestimentos_forros,True
sinapi_es,104253,"EMBOÇO OU MASSA ÚNICA EM ARGAMASSA TRAÇO 1:2:8, PREPARO MECÂNICA COM BETONEIRA 400 L, APLICADA MANUALMENTE EM SUPERFÍCIES EXTERNAS DA SACADA, ESPESSURA DE 35 MM, ACESSO POR ANDAIME, SEM USO DE TELA METÁLICA. AF_08/2022",revestimentos_forros,v_8bb45ffaa009f9e8,arvore_decisao,revestimentos_forros,True
sinapi_es,104257,"EMBOÇO OU MASSA ÚNICA EM ARGAMASSA TRAÇO 1:2:8, PREPARO MECÂNICO COM BETONEIRA 400 L, APLICADA MANUALMENTE EM SUPERFÍCIES EXTERNAS DA SACADA, ESPESSURA DE 45 MM, ACESSO POR ANDAIME, SEM USO DE TELA METÁLICA. AF_08/2022",revestimentos_forros,v_8bb45ffaa009f9e8,arvore_decisao,revestimentos_forros,True
sinapi_es,104261,"EMBOÇO OU MASSA ÚNICA EM ARGAMASSA TRAÇO 1:2:8, PREPARO MECÂNICO COM BETONEIRA 400 L, APLICADA MANUALMENTE EM SUPERFÍCIES EXTERNAS DA SACADA, ESPESSURA DE 50 MM, ACESSO POR ANDAIME, SEM USO DE TELA METÁLICA. AF_08/2022",revestimentos_forros,v_8bb45ffaa009f9e8,arvore_decisao,revestimentos_forros,True
sinapi_es,104418,"ESTUCAMENTO DE DENSIDADE BAIXA DE PANOS DE FACHADA DO SISTEMA DE PAREDES DE CONCRETO EM EDIFICAÇÕES DE MÚLTIPLOS PAVIMENTOS, PAVIMENTO TÉRREO, UTILIZAÇÃO DE ARGAMASSA COLANTE. AF_12/2024",revestimentos_forros,v_81765fda21aa5994,arvore_decisao,revestimentos_forros,True
sinapi_es,104419,"ESTUCAMENTO DE DENSIDADE BAIXA DE PANOS DE FACHADA DO SISTEMA DE PAREDES DE CONCRETO EM UNIDADES HABITACIONAIS DE DOIS PAVIMENTOS (SOBRADO), ACESSO COM ANDAIME FACHADEIRO, UTILIZAÇÃO DE ARGAMASSA COLANTE. AF_12/2024",revestimentos_forros,v_81765fda21aa5994,arvore_decisao,revestimentos_forros,True
sinapi_es,104421,"ESTUCAMENTO DE DENSIDADE ALTA DE PANOS DE FACHADA DO SISTEMA DE PAREDES DE CONCRETO EM EDIFICAÇÕES DE MÚLTIPLOS PAVIMENTOS, PAVIMENTOS SUPERIORES, UTILIZAÇÃO DE ARGAMASSA COLANTE. AF_12/2024",revestimentos_forros,v_81765fda21aa5994,arvore_decisao,pintura,True
sinapi_es,104422,"ESTUCAMENTO DE DENSIDADE ALTA DE PANOS DE FACHADA DO SISTEMA DE PAREDES DE CONCRETO EM EDIFICAÇÕES DE MÚLTIPLOS PAVIMENTOS, PAVIMENTO TÉRREO, UTILIZAÇÃO DE ARGAMASSA COLANTE. AF_12/2024",revestimentos_forros,v_81765fda21aa5994,arvore_decisao,pintura,True
sinapi_es,104423,"ESTUCAMENTO DE DENSIDADE ALTA DE PANOS DE FACHADA DO SISTEMA DE PAREDES DE CONCRETO EM UNIDADES HABITACIONAIS DE DOIS PAVIMENTOS (SOBRADO), ACESSO COM ANDAIME FACHADEIRO, UTILIZAÇÃO DE ARGAMASSA COLANTE. AF_12/2024",revestimentos_forros,v_81765fda21aa5994,arvore_decisao,pintura,True
sinapi_es,104425,"ESTUCAMENTO DE DENSIDADE ALTA DE PANOS DE FACHADA DO SISTEMA DE PAREDES DE CONCRETO EM UNIDADES HABITACIONAIS DE PAVIMENTO ÚNICO, UTILIZAÇÃO DE ARGAMASSA COLANTE. AF_12/2024",revestimentos_forros,v_81765fda21aa5994,arvore_decisao,pintura,True
sinapi_es,104615,REVESTIMENTO CERÂMICO PARA PAREDES INTERNAS COM PLACAS TIPO PASTILHA DE DIMENSÕES 5 X 5 CM (PLACAS DE 30 X 30 CM) CM APLICADAS NA ALTURA INTEIRA DAS PAREDES. AF_02/2023,revestimentos_forros,v_306d6657eb7f342f,arvore_decisao,pisos,True
sinapi_es,104616,"REVESTIMENTO CERÂMICO PARA PAREDES INTERNAS COM PLACAS TIPO PASTILHA DE DIMENSÕES 2,5 X 2,5 CM (PLACAS DE 30 X 30 CM) CM APLICADAS NA ALTURA INTEIRA DAS PAREDES. AF_02/2023",revestimentos_forros,v_306d6657eb7f342f,arvore_decisao,pisos,True
sinapi_es,104617,REVESTIMENTO CERÂMICO PARA PAREDES INTERNAS COM PLACAS TIPO PASTILHA DE DIMENSÕES 5 X 5 CM (PLACAS DE 30 X 30 CM) CM APLICADAS A MEIA ALTURA DAS PAREDES. AF_02/2023,revestimentos_forros,v_306d6657eb7f342f,arvore_decisao,revestimentos_forros,True
sinapi_es,104618,"REVESTIMENTO CERÂMICO PARA PAREDES INTERNAS COM PLACAS TIPO PASTILHA DE DIMENSÕES 2,5 X 2,5 CM (PLACAS DE 30 X 30 CM) CM APLICADAS A MEIA ALTURA DAS PAREDES. AF_02/2023",revestimentos_forros,v_306d6657eb7f342f,arvore_decisao,pisos,True
sinapi_es,104640,"PINTURA LÁTEX ACRÍLICA STANDARD, APLICAÇÃO MANUAL EM TETO, DUAS DEMÃOS. AF_04/2023",pintura,v_0b86d2c344f2e9f6,arvore_decisao,pintura,True
sinapi_es,104642,"PINTURA LÁTEX ACRÍLICA STANDARD, APLICAÇÃO MANUAL EM PAREDES, DUAS DEMÃOS. AF_04/2023",pintura,v_0b86d2c344f2e9f6,arvore_decisao,pintura,True
sinapi_es,104951,"MASSA ÚNICA, EM ARGAMASSA TRAÇO 1:2:8, PREPARO MECÂNICO, APLICADA MANUALMENTE EM PAREDES INTERNAS DE AMBIENTES COM ÁREA MAIOR QUE 10M², E = 17,5MM, COM TALISCAS. AF_03/2024",revestimentos_forros,v_8bb45ffaa009f9e8,arvore_decisao,revestimentos_forros,True
sinapi_es,104955,"MASSA ÚNICA, EM ARGAMASSA TRAÇO 1:2:8, PREPARO MECÂNICO, APLICADA MANUALMENTE EM PAREDES INTERNAS DE AMBIENTES COM PÉ-DIREITO DUPLO E ÁREA MAIOR QUE 10M², E = 17,5MM, COM TALISCAS. AF_03/2024",revestimentos_forros,v_8bb45ffaa009f9e8,arvore_decisao,revestimentos_forros,True
sinapi_es,104957,"EMBOÇO, EM ARGAMASSA TRAÇO 1:2:8, PREPARO MECÂNICO, APLICADO MANUALMENTE EM PAREDES INTERNAS DE AMBIENTES COM PÉ-DIREITO DUPLO E ÁREA MAIOR QUE 10M², E = 17,5MM, COM TALISCAS. AF_03/2024",revestimentos_forros,v_8bb45ffaa009f9e8,arvore_decisao,revestimentos_forros,True
sinapi_es,104958,"MASSA ÚNICA, EM ARGAMASSA TRAÇO 1:2:8 PREPARO MECÂNICO, APLICADA MANUALMENTE EM PAREDES INTERNAS DE AMBIENTES COM ÁREA MAIOR QUE 10M², E = 10MM, COM TALISCAS. AF_03/2024",revestimentos_forros,v_8bb45ffaa009f9e8,arvore_decisao,pisos,True
sinapi_es,104961,"EMBOÇO, EM ARGAMASSA TRAÇO 1:2:8, PREPARO MECÂNICO, APLICADO MANUALMENTE EM PAREDES INTERNAS DE AMBIENTES COM PÉ-DIREITO DUPLO E ÁREA MENOR QUE 5M², E = 17,5MM, COM TALISCAS. AF_03/2024",revestimentos_forros,v_8bb45ffaa009f9e8,arvore_decisao,revestimentos_forros,True
sinapi_es,104963,"MASSA ÚNICA, EM ARGAMASSA TRAÇO 1:2:8, PREPARO MECÂNICO, APLICADA MANUALMENTE EM PAREDES INTERNAS DE AMBIENTES COM PÉ-DIREITO DUPLO E ÁREA ENTRE 5M² E 10M², E = 17,5MM, COM TALISCAS. AF_03/2024",revestimentos_forros,v_8bb45ffaa009f9e8,arvore_decisao,revestimentos_forros,True
sinapi_es,104965,"EMBOÇO, EM ARGAMASSA TRAÇO 1:2:8, PREPARO MECÂNICO, APLICADO MANUALMENTE EM PAREDES INTERNAS DE AMBIENTES COM PÉ-DIREITO DUPLO E ÁREA ENTRE 5M² E 10M², E = 17,5MM, COM TALISCAS. AF_03/2024",revestimentos_forros,v_8bb45ffaa009f9e8,arvore_decisao,revestimentos_forros,True
sinapi_es,104967,"EMBOÇO, EM ARGAMASSA TRAÇO 1:2:8, PREPARO MECÂNICO, APLICADO MANUALMENTE EM PAREDES INTERNAS DE AMBIENTES COM PÉ-DIREITO DUPLO E ÁREA MENOR QUE 5M², E = 10MM, COM TALISCAS. AF_03/2024",revestimentos_forros,v_8bb45ffaa009f9e8,arvore_decisao,revestimentos_forros,True
sinapi_es,104969,"MASSA ÚNICA, EM ARGAMASSA TRAÇO 1:2:8, PREPARO MECÂNICO, APLICADA MANUALMENTE EM PAREDES INTERNAS DE AMBIENTES COM PÉ-DIREITO DUPLO E ÁREA ENTRE 5M² E 10M², E = 10MM, COM TALISCAS. AF_03/2024",revestimentos_forros,v_8bb45ffaa009f9e8,arvore_decisao,revestimentos_forros,True
sinapi_es,104971,"EMBOÇO, EM ARGAMASSA TRAÇO 1:2:8, PREPARO MECÂNICO, APLICADO MANUALMENTE EM PAREDES INTERNAS DE AMBIENTES COM PÉ-DIREITO DUPLO E ÁREA ENTRE 5M² E 10M², E = 10MM, COM TALISCAS. AF_03/2024",revestimentos_forros,v_8bb45ffaa009f9e8,arvore_decisao,revestimentos_forros,True
sinapi_es,104973,"MASSA ÚNICA, EM ARGAMASSA TRAÇO 1:2:8, PREPARO MECÂNICO, APLICADA MANUALMENTE EM PAREDES INTERNAS DE AMBIENTES COM PÉ-DIREITO DUPLO ÁREA MAIOR QUE 10M², E = 10MM, COM TALISCAS. AF_03/2024",revestimentos_forros,v_8bb45ffaa009f9e8,arvore_decisao,revestimentos_forros,True
sinapi_es,104975,"EMBOÇO, EM ARGAMASSA TRAÇO 1:2:8, PREPARO MECÂNICO, APLICADO MANUALMENTE EM PAREDES INTERNAS DE AMBIENTES COM PÉ-DIREITO DUPLO E ÁREA MAIOR QUE 10M², E = 10MM, COM TALISCAS. AF_03/2024",revestimentos_forros,v_8bb45ffaa009f9e8,arvore_decisao,revestimentos_forros,True
sinapi_es,104977,"MASSA ÚNICA, EM ARGAMASSA TRAÇO 1:2:8, PREPARO MECÂNICO, APLICADA MANUALMENTE EM TETO DE AMBIENTES COM PAREDES EM PÉ-DIREITO DUPLO, E = 17,5MM, COM TALISCAS. AF_03/2024",revestimentos_forros,v_8bb45ffaa009f9e8,arvore_decisao,revestimentos_forros,True
sinapi_es,104978,"MASSA ÚNICA, EM ARGAMASSA TRAÇO 1:2:8, PREPARO MECÂNICO, APLICADA MANUALMENTE EM TETO DE AMBIENTES COM PAREDES EM PÉ-DIREITO DUPLO, E = 10MM, COM TALISCAS. AF_03/2024",revestimentos_forros,v_8bb45ffaa009f9e8,arvore_decisao,revestimentos_forros,True
sinapi_es,105817,"ESTUCAMENTO DE DENSIDADE ALTA NAS FACES INTERNAS DE PAREDES DO SISTEMA DE PAREDES DE CONCRETO, EM AMBIENTES COM ÁREA MAIOR OU IGUAL A 10 M², UTILIZAÇÃO DE ARGAMASSA TRAÇO 1:1:6 (CIM:CAL:AREIA). AF_12/2024",revestimentos_forros,v_8bb45ffaa009f9e8,arvore_decisao,revestimentos_forros,True
sinapi_es,105819,"ESTUCAMENTO DE DENSIDADE ALTA NAS FACES INTERNAS DE PAREDES DO SISTEMA DE PAREDES DE CONCRETO, EM AMBIENTES COM ÁREA ENTRE 5 M² E 10 M², UTILIZAÇÃO DE ARGAMASSA TRAÇO 1:1:6 (CIM:CAL:AREIA). AF_12/2024",revestimentos_forros,v_8bb45ffaa009f9e8,arvore_decisao,revestimentos_forros,True
sinapi_es,105821,"ESTUCAMENTO DE DENSIDADE ALTA NAS FACES INTERNAS DE PAREDES DO SISTEMA DE PAREDES DE CONCRETO, EM AMBIENTES COM ÁREA MENOR OU IGUAL A 5 M², UTILIZAÇÃO DE ARGAMASSA TRAÇO 1:1:6 (CIM:CAL:AREIA). AF_12/2024",revestimentos_forros,v_8bb45ffaa009f9e8,arvore_decisao,revestimentos_forros,True
sinapi_es,105823,"ESTUCAMENTO DE DENSIDADE ALTA DE PANOS DE FACHADA DO SISTEMA DE PAREDES DE CONCRETO EM EDIFICAÇÕES DE MÚLTIPLOS PAVIMENTOS, PAVIMENTOS SUPERIORES, UTILIZAÇÃO DE ARGAMASSA TRAÇO 1:0,5:4,5 (CIM:CAL:AREIA). AF_12/2024",revestimentos_forros,v_8bb45ffaa009f9e8,arvore_decisao,revestimentos_forros,True
sinapi_es,105825,"ESTUCAMENTO DE DENSIDADE ALTA DE PANOS DE FACHADA DO SISTEMA DE PAREDES DE CONCRETO EM EDIFICAÇÕES DE MÚLTIPLOS PAVIMENTOS, PAVIMENTO TÉRREO, UTILIZAÇÃO DE ARGAMASSA TRAÇO 1:0,5:4,5 (CIM:CAL:AREIA). AF_12/2024",revestimentos_forros,v_8bb45ffaa009f9e8,arvore_decisao,revestimentos_forros,True
sinapi_es,105827,"ESTUCAMENTO DE DENSIDADE ALTA DE PANOS DE FACHADA DO SISTEMA DE PAREDES DE CONCRETO EM UNIDADES HABITACIONAIS DE DOIS PAVIMENTOS (SOBRADO), ACESSO COM ANDAIME FACHADEIRO, UTILIZAÇÃO DE ARGAMASSA TRAÇO 1:0,5:4,5 (CIM:CAL:AREIA). AF_12/2024",revestimentos_forros,v_8bb45ffaa009f9e8,arvore_decisao,revestimentos_forros,True
sinapi_es,105829,"ESTUCAMENTO DE DENSIDADE ALTA DE PANOS DE FACHADA DO SISTEMA DE PAREDES DE CONCRETO EM UNIDADES HABITACIONAIS DE PAVIMENTO ÚNICO, UTILIZAÇÃO DE ARGAMASSA TRAÇO 1:0,5:4,5 (CIM:CAL:AREIA). AF_12/2024",revestimentos_forros,v_8bb45ffaa009f9e8,arvore_decisao,revestimentos_forros,True
sinapi_es,106788,"PISO CIMENTADO, TRAÇO 1:3 (CIMENTO E AREIA), ACABAMENTO LISO, ESPESSURA 1,5 CM, PREPARO MECÂNICO DA ARGAMASSA. AF_02/2026",pisos,v_8ef16f32e3aa1ae0,arvore_decisao,revestimentos_forros,True
sinapi_es,106789,"PISO CIMENTADO, TRAÇO 1:3 (CIMENTO E AREIA), ACABAMENTO RUGOSO, ESPESSURA 1,5 CM, PREPARO MECÂNICO DA ARGAMASSA. AF_02/2026",pisos,v_8ef16f32e3aa1ae0,arvore_decisao,revestimentos_forros,True
sinapi_es,106791,REVESTIMENTO DE DEGRAUS DE ESCADA EM GRANITO. AF_02/2026,pisos,v_fb70b35d91a4bd09,arvore_decisao,revestimentos_forros,True
sinapi_es,87527,"EMBOÇO, EM ARGAMASSA TRAÇO 1:2:8, PREPARO MECÂNICO, APLICADO MANUALMENTE EM PAREDES INTERNAS DE AMBIENTES COM ÁREA MENOR QUE 5M², E =17,5MM, COM TALISCAS. AF_03/2024",revestimentos_forros,v_8bb45ffaa009f9e8,arvore_decisao,revestimentos_forros,True
sinapi_es,87529,"MASSA ÚNICA, EM ARGAMASSA TRAÇO 1:2:8, PREPARO MECÂNICO, APLICADA MANUALMENTE EM PAREDES INTERNAS DE AMBIENTES COM ÁREA ENTRE 5M² E 10M², E = 17,5MM, COM TALISCAS. AF_03/2024",revestimentos_forros,v_8bb45ffaa009f9e8,arvore_decisao,pisos,True
sinapi_es,87531,"EMBOÇO, EM ARGAMASSA TRAÇO 1:2:8, PREPARO MECÂNICO, APLICADO MANUALMENTE EM PAREDES INTERNAS DE AMBIENTES COM ÁREA ENTRE 5M² E 10M², E = 17,5MM, COM TALISCAS. AF_03/2024",revestimentos_forros,v_8bb45ffaa009f9e8,arvore_decisao,revestimentos_forros,True
sinapi_es,87535,"EMBOÇO, EM ARGAMASSA TRAÇO 1:2:8, PREPARO MECÂNICO, APLICADO MANUALMENTE EM PAREDES INTERNAS DE AMBIENTES COM ÁREA MAIOR QUE 10M², E = 17,5MM, COM TALISCAS. AF_03/2024",revestimentos_forros,v_8bb45ffaa009f9e8,arvore_decisao,revestimentos_forros,True
sinapi_es,87545,"EMBOÇO, EM ARGAMASSA TRAÇO 1:2:8, PREPARO MECÂNICO, APLICADO MANUALMENTE EM PAREDES INTERNAS, PARA AMBIENTES COM ÁREA MENOR QUE 5M², E = 10MM, COM TALISCAS. AF_03/2024",revestimentos_forros,v_8bb45ffaa009f9e8,arvore_decisao,revestimentos_forros,True
sinapi_es,87547,"MASSA ÚNICA, EM ARGAMASSA TRAÇO 1:2:8, PREPARO MECÂNICO, APLICADA MANUALMENTE EM PAREDES INTERNAS DE AMBIENTES COM ÁREA ENTRE 5M² E 10M², E = 10MM, COM TALISCAS. AF_03/2024",revestimentos_forros,v_8bb45ffaa009f9e8,arvore_decisao,revestimentos_forros,True
sinapi_es,87549,"EMBOÇO, EM ARGAMASSA TRAÇO 1:2:8, PREPARO MECÂNICO, APLICADO MANUALMENTE EM PAREDES INTERNAS DE AMBIENTES COM ÁREA ENTRE 5M² E 10M², E = 10MM, COM TALISCAS. AF_03/2024",revestimentos_forros,v_8bb45ffaa009f9e8,arvore_decisao,revestimentos_forros,True
sinapi_es,87553,"EMBOÇO, EM ARGAMASSA TRAÇO 1:2:8, PREPARO MECÂNICO, APLICADO MANUALMENTE EM PAREDES INTERNAS DE AMBIENTES COM ÁREA MAIOR QUE 10M², E = 10MM, COM TALISCAS. AF_03/2024",revestimentos_forros,v_8bb45ffaa009f9e8,arvore_decisao,revestimentos_forros,True
sinapi_es,87759,"CONTRAPISO EM ARGAMASSA PRONTA, PREPARO MANUAL, APLICADO EM ÁREAS MOLHADAS SOBRE IMPERMEABILIZAÇÃO, ACABAMENTO NÃO REFORÇADO, ESPESSURA 3CM. AF_07/2021",pisos,v_154c373b9e02a0da,arvore_decisao,pisos,True
sinapi_es,87769,"CONTRAPISO EM ARGAMASSA PRONTA, PREPARO MANUAL, APLICADO EM ÁREAS MOLHADAS SOBRE IMPERMEABILIZAÇÃO, ACABAMENTO NÃO REFORÇADO, ESPESSURA 4CM. AF_07/2021",pisos,v_154c373b9e02a0da,arvore_decisao,revestimentos_forros,True
sinapi_es,87809,"EMBOÇO OU MASSA ÚNICA EM ARGAMASSA TRAÇO 1:2:8, PREPARO MECÂNICO COM BETONEIRA 400 L, APLICADA MANUALMENTE EM SUPERFÍCIES EXTERNAS DA SACADA, ESPESSURA DE 25 MM, SEM USO DE TELA METÁLICA DE REFORÇO CONTRA FISSURAÇÃO. AF_08/2022",revestimentos_forros,v_8bb45ffaa009f9e8,arvore_decisao,revestimentos_forros,True
sinapi_es,87813,"EMBOÇO OU MASSA ÚNICA EM ARGAMASSA TRAÇO 1:2:8, PREPARO MECÂNICO COM BETONEIRA 400 L, APLICADA MANUALMENTE EM SUPERFÍCIES EXTERNAS DA SACADA, ESPESSURA DE 35 MM, SEM USO DE TELA METÁLICA DE REFORÇO CONTRA FISSURAÇÃO. AF_08/2022",revestimentos_forros,v_8bb45ffaa009f9e8,arvore_decisao,revestimentos_forros,True
sinapi_es,87817,"EMBOÇO OU MASSA ÚNICA EM ARGAMASSA TRAÇO 1:2:8, PREPARO MECÂNICO COM BETONEIRA 400 L, APLICADA MANUALMENTE EM SUPERFÍCIES EXTERNAS DA SACADA, ESPESSURA DE 45 MM, SEM USO DE TELA METÁLICA DE REFORÇO CONTRA FISSURAÇÃO. AF_08/2022",revestimentos_forros,v_8bb45ffaa009f9e8,arvore_decisao,revestimentos_forros,True
sinapi_es,87821,"EMBOÇO OU MASSA ÚNICA EM ARGAMASSA TRAÇO 1:2:8, PREPARO MECÂNICO COM BETONEIRA 400 L, APLICADA MANUALMENTE EM SUPERFÍCIES EXTERNAS DA SACADA, ESPESSURA MAIOR OU IGUAL A 50 MM, SEM USO DE TELA METÁLICA DE REFORÇO CONTRA FISSURAÇÃO. AF_08/2022",revestimentos_forros,v_8bb45ffaa009f9e8,arvore_decisao,revestimentos_forros,True
sinapi_es,87825,"EMBOÇO OU MASSA ÚNICA EM ARGAMASSA TRAÇO 1:2:8, PREPARO MECÂNICO COM BETONEIRA 400 L, APLICADA MANUALMENTE NAS PAREDES INTERNAS DA SACADA, ESPESSURA DE 25 MM, SEM USO DE TELA METÁLICA DE REFORÇO CONTRA FISSURAÇÃO. AF_08/2022",revestimentos_forros,v_8bb45ffaa009f9e8,arvore_decisao,revestimentos_forros,True
sinapi_es,87829,"EMBOÇO OU MASSA ÚNICA EM ARGAMASSA TRAÇO 1:2:8, PREPARO MECÂNICO COM BETONEIRA 400 L, APLICADA MANUALMENTE NAS PAREDES INTERNAS DA SACADA, ESPESSURA DE 35 MM, SEM USO DE TELA METÁLICA DE REFORÇO CONTRA FISSURAÇÃO. AF_08/2022",revestimentos_forros,v_8bb45ffaa009f9e8,arvore_decisao,revestimentos_forros,True
sinapi_es,87838,REVESTIMENTO DECORATIVO MONOCAMADA EXECUTADO MANUALMENTE EM FACHADA DE UM EDIFÍCIO DE ESTRUTURA CONVENCIONAL E ACABAMENTO RASPADO. AF_03/2024,revestimentos_forros,v_260c495867574e3c,arvore_decisao,revestimentos_forros,True
sinapi_es,87839,REVESTIMENTO DECORATIVO MONOCAMADA EXECUTADO MANUALMENTE EM FACHADA DE UM EDIFÍCIO DE ALVENARIA ESTRUTURAL E ACABAMENTO RASPADO. AF_03/2024,revestimentos_forros,v_260c495867574e3c,arvore_decisao,revestimentos_forros,True
sinapi_es,87878,"CHAPISCO APLICADO EM ALVENARIAS E ESTRUTURAS DE CONCRETO INTERNAS, COM COLHER DE PEDREIRO. ARGAMASSA TRAÇO 1:3 COM PREPARO MANUAL. AF_10/2022",revestimentos_forros,v_fc4a651ffca3f5de,arvore_decisao,pintura,True
sinapi_es,87893,"CHAPISCO APLICADO EM ALVENARIA (SEM PRESENÇA DE VÃOS) E ESTRUTURAS DE CONCRETO DE FACHADA, COM COLHER DE PEDREIRO. ARGAMASSA TRAÇO 1:3 COM PREPARO MANUAL. AF_10/2022",revestimentos_forros,v_fc4a651ffca3f5de,arvore_decisao,pisos,True
sinapi_es,87904,"CHAPISCO APLICADO EM ALVENARIA (COM PRESENÇA DE VÃOS) E ESTRUTURAS DE CONCRETO DE FACHADA, COM COLHER DE PEDREIRO. ARGAMASSA TRAÇO 1:3 COM PREPARO MANUAL. AF_10/2022",revestimentos_forros,v_fc4a651ffca3f5de,arvore_decisao,pisos,True
sinapi_es,88470,"CONTRAPISO COM ARGAMASSA AUTONIVELANTE, APLICADO SOBRE LAJE, NÃO ADERIDO, ESPESSURA 3CM. AF_07/2021",pisos,v_c63e00e738214a4f,arvore_decisao,pisos,True
sinapi_es,88471,"CONTRAPISO COM ARGAMASSA AUTONIVELANTE, APLICADO SOBRE LAJE, NÃO ADERIDO, ESPESSURA 4CM. AF_07/2021",pisos,v_c63e00e738214a4f,arvore_decisao,pisos,True
sinapi_es,88472,"CONTRAPISO COM ARGAMASSA AUTONIVELANTE, APLICADO SOBRE LAJE, NÃO ADERIDO, ESPESSURA 5CM. AF_07/2021",pisos,v_c63e00e738214a4f,arvore_decisao,pisos,True
sinapi_es,88494,"EMASSAMENTO COM MASSA LÁTEX, APLICAÇÃO EM TETO, UMA DEMÃO, LIXAMENTO MANUAL. AF_04/2023",pintura,v_b60ac7b7366d771c,arvore_decisao,pisos,True
sinapi_es,88495,"EMASSAMENTO COM MASSA LÁTEX, APLICAÇÃO EM PAREDE, UMA DEMÃO, LIXAMENTO MANUAL. AF_04/2023",pintura,v_b60ac7b7366d771c,arvore_decisao,pintura,True
sinapi_es,88496,"EMASSAMENTO COM MASSA LÁTEX, APLICAÇÃO EM TETO, DUAS DEMÃOS, LIXAMENTO MANUAL. AF_04/2023",pintura,v_b60ac7b7366d771c,arvore_decisao,pintura,True
sinapi_es,88497,"EMASSAMENTO COM MASSA LÁTEX, APLICAÇÃO EM PAREDE, DUAS DEMÃOS, LIXAMENTO MANUAL. AF_04/2023",pintura,v_b60ac7b7366d771c,arvore_decisao,pintura,True
sinapi_es,90406,"MASSA ÚNICA, EM ARGAMASSA TRAÇO 1:2:8, PREPARO MECÂNICO, APLICADA MANUALMENTE EM TETO, E = 17,5MM, COM TALISCAS. AF_03/2024",revestimentos_forros,v_8bb45ffaa009f9e8,arvore_decisao,revestimentos_forros,True
sinapi_es,90408,"MASSA ÚNICA, EM ARGAMASSA TRAÇO 1:2:8, PREPARO MECÂNICO, APLICADA MANUALMENTE EM TETO, E = 10MM, COM TALISCAS. AF_03/2024",revestimentos_forros,v_8bb45ffaa009f9e8,arvore_decisao,revestimentos_forros,True
sinapi_es,91515,"ESTUCAMENTO DE DENSIDADE BAIXA DE PANOS DE FACHADA DO SISTEMA DE PAREDES DE CONCRETO EM EDIFICAÇÕES DE MÚLTIPLOS PAVIMENTOS, PAVIMENTOS SUPERIORES, UTILIZAÇÃO DE ARGAMASSA COLANTE. AF_12/2024",revestimentos_forros,v_81765fda21aa5994,arvore_decisao,revestimentos_forros,True
sinapi_es,91519,"ESTUCAMENTO DE DENSIDADE BAIXA DE PANOS DE FACHADA DO SISTEMA DE PAREDES DE CONCRETO EM UNIDADES HABITACIONAIS DE PAVIMENTO ÚNICO, UTILIZAÇÃO DE ARGAMASSA COLANTE. AF_12/2024",revestimentos_forros,v_81765fda21aa5994,arvore_decisao,revestimentos_forros,True
sinapi_es,96110,"FORRO EM DRYWALL PARA AMBIENTES RESIDENCIAIS, INCLUSIVE ESTRUTURA UNIDIRECIONAL DE FIXAÇÃO. AF_08/2023_PS",revestimentos_forros,v_2d4c2a6b833d977f,arvore_decisao,pisos,True
sinapi_es,96114,"FORRO EM DRYWALL, PARA AMBIENTES COMERCIAIS, INCLUSIVE ESTRUTURA BIRECIONAL DE FIXAÇÃO. AF_08/2023_PS",revestimentos_forros,v_2d4c2a6b833d977f,arvore_decisao,pisos,True
sinapi_es,98679,"PISO CIMENTADO, TRAÇO 1:5 (CIMENTO E AREIA), ACABAMENTO LISO, ESPESSURA 2,0 CM, PREPARO MECÂNICO DA ARGAMASSA. AF_02/2026",pisos,v_8ef16f32e3aa1ae0,arvore_decisao,pisos,True
sinapi_es,98680,"PISO CIMENTADO, TRAÇO 1:5 (CIMENTO E AREIA), ACABAMENTO LISO, ESPESSURA 3,0 CM, PREPARO MECÂNICO DA ARGAMASSA. AF_02/2026",pisos,v_8ef16f32e3aa1ae0,arvore_decisao,pisos,True
sinapi_es,98681,"PISO CIMENTADO, TRAÇO 1:5 (CIMENTO E AREIA), ACABAMENTO RUGOSO, ESPESSURA 2,0 CM, PREPARO MECÂNICO DA ARGAMASSA. AF_02/2026",pisos,v_8ef16f32e3aa1ae0,arvore_decisao,pisos,True
sinapi_es,98682,"PISO CIMENTADO, TRAÇO 1:5 (CIMENTO E AREIA), ACABAMENTO RUGOSO, ESPESSURA 3,0 CM, PREPARO MECÂNICO DA ARGAMASSA. AF_02/2026",pisos,v_8ef16f32e3aa1ae0,arvore_decisao,pisos,True
sinapi_es,99054,"ACABAMENTOS PARA FORRO (SANCA DE GESSO, MONTADA NA OBRA). AF_08/2023_PS",revestimentos_forros,v_081f4cd3cef51749,arvore_decisao,revestimentos_forros,True
sinapi_es,100729,PINTURA COM TINTA EPOXÍDICA DE ACABAMENTO PULVERIZADA SOBRE PERFIL METÁLICO EXECUTADO EM FÁBRICA (POR DEMÃO). AF_01/2020_PE,pintura,v_237f3923d6588a83,knn,pintura,False
sinapi_es,100730,PINTURA COM TINTA EPOXÍDICA DE ACABAMENTO APLICADA A ROLO OU PINCEL SOBRE PERFIL METÁLICO EXECUTADO EM FÁBRICA (POR DEMÃO). AF_01/2020,pintura,v_237f3923d6588a83,knn,pintura,False
sinapi_es,100739,PINTURA COM TINTA ALQUÍDICA DE ACABAMENTO (ESMALTE SINTÉTICO ACETINADO) PULVERIZADA SOBRE PERFIL METÁLICO EXECUTADO EM FÁBRICA (POR DEMÃO). AF_01/2020_PE,pintura,v_71c9f5e34a029aaf,knn,pintura,False
sinapi_es,100740,PINTURA COM TINTA ALQUÍDICA DE ACABAMENTO (ESMALTE SINTÉTICO ACETINADO) APLICADA A ROLO OU PINCEL SOBRE PERFIL METÁLICO EXECUTADO EM FÁBRICA (POR DEMÃO). AF_01/2020,pintura,v_71c9f5e34a029aaf,knn,pintura,False
sinapi_es,100741,PINTURA COM TINTA ALQUÍDICA DE ACABAMENTO (ESMALTE SINTÉTICO ACETINADO) PULVERIZADA SOBRE SUPERFÍCIES METÁLICAS (EXCETO PERFIL) EXECUTADO EM OBRA (POR DEMÃO). AF_01/2020_PE,pintura,v_71c9f5e34a029aaf,knn,pintura,False
sinapi_es,100742,PINTURA COM TINTA ALQUÍDICA DE ACABAMENTO (ESMALTE SINTÉTICO ACETINADO) APLICADA A ROLO OU PINCEL SOBRE SUPERFÍCIES METÁLICAS (EXCETO PERFIL) EXECUTADO EM OBRA (POR DEMÃO). AF_01/2020,pintura,v_71c9f5e34a029aaf,knn,pintura,False
sinapi_es,100751,PINTURA COM TINTA EPOXÍDICA DE ACABAMENTO PULVERIZADA SOBRE PERFIL METÁLICO EXECUTADO EM FÁBRICA (02 DEMÃOS). AF_01/2020_PE,pintura,v_237f3923d6588a83,knn,pintura,False
sinapi_es,100752,PINTURA COM TINTA EPOXÍDICA DE ACABAMENTO APLICADA A ROLO OU PINCEL SOBRE PERFIL METÁLICO EXECUTADO EM FÁBRICA (02 DEMÃOS). AF_01/2020,pintura,v_237f3923d6588a83,knn,pintura,False
sinapi_es,100757,PINTURA COM TINTA ALQUÍDICA DE ACABAMENTO (ESMALTE SINTÉTICO ACETINADO) PULVERIZADA SOBRE SUPERFÍCIES METÁLICAS (EXCETO PERFIL) EXECUTADO EM OBRA (02 DEMÃOS). AF_01/2020_PE,pintura,v_71c9f5e34a029aaf,knn,pintura,False
sinapi_es,100758,PINTURA COM TINTA ALQUÍDICA DE ACABAMENTO (ESMALTE SINTÉTICO ACETINADO) APLICADA A ROLO OU PINCEL SOBRE SUPERFÍCIES METÁLICAS (EXCETO PERFIL) EXECUTADO EM OBRA (02 DEMÃOS). AF_01/2020,pintura,v_71c9f5e34a029aaf,knn,pintura,False
sinapi_es,101733,"PISO DE BORRACHA PASTILHADO/FRISADO, ESPESSURA 7MM, ASSENTADO COM ARGAMASSA. AF_02/2026",pisos,v_888400de40318751,knn,pisos,False
sinapi_es,101735,"PISO DE BORRACHA ESPORTIVO, ESPESSURA 15MM, ASSENTADO COM ARGAMASSA. AF_02/2026",pisos,v_04ed0baac6ab0a23,knn,pisos,False
sinapi_es,101736,"PISO DE BORRACHA PASTILHADO, ESPESSURA 3,5MM, FIXADO COM ADESIVO ACRÍLICO. AF_02/2026",pisos,v_510ada8b53cbacd4,knn,pisos,False
sinapi_es,101749,"PISO CIMENTADO, TRAÇO 1:5 (CIMENTO E AREIA), ACABAMENTO LISO, ESPESSURA 4,0 CM, PREPARO MECÂNICO DA ARGAMASSA. AF_02/2026",pisos,v_8ef16f32e3aa1ae0,knn,pisos,False
sinapi_es,101750,"PISO CIMENTADO, TRAÇO 1:5 (CIMENTO E AREIA), ACABAMENTO RUGOSO, ESPESSURA 4,0 CM, PREPARO MECÂNICO DA ARGAMASSA. AF_02/2026",pisos,v_8ef16f32e3aa1ae0,knn,pisos,False
sinapi_es,102202,"APLICAÇÃO MASSA EPÓXI PARA MADEIRA, PARA PINTURA COM TINTA PU DE ACABAMENTO (PIGMENTADA). AF_01/2021",pintura,v_eb9403a2e10f2765,knn,pintura,False
sinapi_es,102204,"PINTURA VERNIZ (INCOLOR) ALQUÍDICO EM MADEIRA, USO INTERNO, 1 DEMÃO. AF_01/2021",pintura,v_230ff573f6ae9d5e,knn,pintura,False
sinapi_es,102209,"PINTURA TINTA DE ACABAMENTO (PIGMENTADA) ESMALTE SINTÉTICO ACETINADO EM MADEIRA, 1 DEMÃO. AF_01/2021",pintura,v_71c9f5e34a029aaf,knn,pintura,False
sinapi_es,102214,"PINTURA VERNIZ (INCOLOR) ALQUÍDICO EM MADEIRA, USO INTERNO, 2 DEMÃOS. AF_01/2021",pintura,v_230ff573f6ae9d5e,knn,pintura,False
sinapi_es,102219,"PINTURA TINTA DE ACABAMENTO (PIGMENTADA) ESMALTE SINTÉTICO ACETINADO EM MADEIRA, 2 DEMÃOS. AF_01/2021",pintura,v_71c9f5e34a029aaf,knn,pintura,False
sinapi_es,102224,"PINTURA VERNIZ (INCOLOR) ALQUÍDICO EM MADEIRA, USO INTERNO, 3 DEMÃOS. AF_01/2021",pintura,v_230ff573f6ae9d5e,knn,pintura,False
sinapi_es,102229,"PINTURA TINTA DE ACABAMENTO (PIGMENTADA) ESMALTE SINTÉTICO ACETINADO EM MADEIRA, 3 DEMÃOS. AF_01/2021",pintura,v_71c9f5e34a029aaf,knn,pintura,False
sinapi_es,102499,ENCERAMENTO DE PISO EM MADEIRA. AF_05/2021,pintura,v_10a8ed2881ec5b27,knn,pintura,False
sinapi_es,104249,"EMBOÇO OU MASSA ÚNICA EM ARGAMASSA TRAÇO 1:2:8, PREPARO MECÂNICA COM BETONEIRA 400 L, APLICADA MANUALMENTE EM SUPERFÍCIES EXTERNAS DA SACADA, ESPESSURA DE 25 MM, ACESSO POR ANDAIME, SEM USO DE TELA METÁLICA. AF_08/2022",revestimentos_forros,v_8bb45ffaa009f9e8,knn,revestimentos_forros,False
sinapi_es,104253,"EMBOÇO OU MASSA ÚNICA EM ARGAMASSA TRAÇO 1:2:8, PREPARO MECÂNICA COM BETONEIRA 400 L, APLICADA MANUALMENTE EM SUPERFÍCIES EXTERNAS DA SACADA, ESPESSURA DE 35 MM, ACESSO POR ANDAIME, SEM USO DE TELA METÁLICA. AF_08/2022",revestimentos_forros,v_8bb45ffaa009f9e8,knn,revestimentos_forros,False
sinapi_es,104257,"EMBOÇO OU MASSA ÚNICA EM ARGAMASSA TRAÇO 1:2:8, PREPARO MECÂNICO COM BETONEIRA 400 L, APLICADA MANUALMENTE EM SUPERFÍCIES EXTERNAS DA SACADA, ESPESSURA DE 45 MM, ACESSO POR ANDAIME, SEM USO DE TELA METÁLICA. AF_08/2022",revestimentos_forros,v_8bb45ffaa009f9e8,knn,revestimentos_forros,False
sinapi_es,104261,"EMBOÇO OU MASSA ÚNICA EM ARGAMASSA TRAÇO 1:2:8, PREPARO MECÂNICO COM BETONEIRA 400 L, APLICADA MANUALMENTE EM SUPERFÍCIES EXTERNAS DA SACADA, ESPESSURA DE 50 MM, ACESSO POR ANDAIME, SEM USO DE TELA METÁLICA. AF_08/2022",revestimentos_forros,v_8bb45ffaa009f9e8,knn,revestimentos_forros,False
sinapi_es,104418,"ESTUCAMENTO DE DENSIDADE BAIXA DE PANOS DE FACHADA DO SISTEMA DE PAREDES DE CONCRETO EM EDIFICAÇÕES DE MÚLTIPLOS PAVIMENTOS, PAVIMENTO TÉRREO, UTILIZAÇÃO DE ARGAMASSA COLANTE. AF_12/2024",revestimentos_forros,v_81765fda21aa5994,knn,revestimentos_forros,False
sinapi_es,104419,"ESTUCAMENTO DE DENSIDADE BAIXA DE PANOS DE FACHADA DO SISTEMA DE PAREDES DE CONCRETO EM UNIDADES HABITACIONAIS DE DOIS PAVIMENTOS (SOBRADO), ACESSO COM ANDAIME FACHADEIRO, UTILIZAÇÃO DE ARGAMASSA COLANTE. AF_12/2024",revestimentos_forros,v_81765fda21aa5994,knn,revestimentos_forros,False
sinapi_es,104421,"ESTUCAMENTO DE DENSIDADE ALTA DE PANOS DE FACHADA DO SISTEMA DE PAREDES DE CONCRETO EM EDIFICAÇÕES DE MÚLTIPLOS PAVIMENTOS, PAVIMENTOS SUPERIORES, UTILIZAÇÃO DE ARGAMASSA COLANTE. AF_12/2024",revestimentos_forros,v_81765fda21aa5994,knn,pintura,False
sinapi_es,104422,"ESTUCAMENTO DE DENSIDADE ALTA DE PANOS DE FACHADA DO SISTEMA DE PAREDES DE CONCRETO EM EDIFICAÇÕES DE MÚLTIPLOS PAVIMENTOS, PAVIMENTO TÉRREO, UTILIZAÇÃO DE ARGAMASSA COLANTE. AF_12/2024",revestimentos_forros,v_81765fda21aa5994,knn,revestimentos_forros,False
sinapi_es,104423,"ESTUCAMENTO DE DENSIDADE ALTA DE PANOS DE FACHADA DO SISTEMA DE PAREDES DE CONCRETO EM UNIDADES HABITACIONAIS DE DOIS PAVIMENTOS (SOBRADO), ACESSO COM ANDAIME FACHADEIRO, UTILIZAÇÃO DE ARGAMASSA COLANTE. AF_12/2024",revestimentos_forros,v_81765fda21aa5994,knn,pintura,False
sinapi_es,104425,"ESTUCAMENTO DE DENSIDADE ALTA DE PANOS DE FACHADA DO SISTEMA DE PAREDES DE CONCRETO EM UNIDADES HABITACIONAIS DE PAVIMENTO ÚNICO, UTILIZAÇÃO DE ARGAMASSA COLANTE. AF_12/2024",revestimentos_forros,v_81765fda21aa5994,knn,pintura,False
sinapi_es,104615,REVESTIMENTO CERÂMICO PARA PAREDES INTERNAS COM PLACAS TIPO PASTILHA DE DIMENSÕES 5 X 5 CM (PLACAS DE 30 X 30 CM) CM APLICADAS NA ALTURA INTEIRA DAS PAREDES. AF_02/2023,revestimentos_forros,v_306d6657eb7f342f,knn,pisos,False
sinapi_es,104616,"REVESTIMENTO CERÂMICO PARA PAREDES INTERNAS COM PLACAS TIPO PASTILHA DE DIMENSÕES 2,5 X 2,5 CM (PLACAS DE 30 X 30 CM) CM APLICADAS NA ALTURA INTEIRA DAS PAREDES. AF_02/2023",revestimentos_forros,v_306d6657eb7f342f,knn,pisos,False
sinapi_es,104617,REVESTIMENTO CERÂMICO PARA PAREDES INTERNAS COM PLACAS TIPO PASTILHA DE DIMENSÕES 5 X 5 CM (PLACAS DE 30 X 30 CM) CM APLICADAS A MEIA ALTURA DAS PAREDES. AF_02/2023,revestimentos_forros,v_306d6657eb7f342f,knn,revestimentos_forros,False
sinapi_es,104618,"REVESTIMENTO CERÂMICO PARA PAREDES INTERNAS COM PLACAS TIPO PASTILHA DE DIMENSÕES 2,5 X 2,5 CM (PLACAS DE 30 X 30 CM) CM APLICADAS A MEIA ALTURA DAS PAREDES. AF_02/2023",revestimentos_forros,v_306d6657eb7f342f,knn,pisos,False
sinapi_es,104640,"PINTURA LÁTEX ACRÍLICA STANDARD, APLICAÇÃO MANUAL EM TETO, DUAS DEMÃOS. AF_04/2023",pintura,v_0b86d2c344f2e9f6,knn,revestimentos_forros,False
sinapi_es,104642,"PINTURA LÁTEX ACRÍLICA STANDARD, APLICAÇÃO MANUAL EM PAREDES, DUAS DEMÃOS. AF_04/2023",pintura,v_0b86d2c344f2e9f6,knn,pintura,False
sinapi_es,104951,"MASSA ÚNICA, EM ARGAMASSA TRAÇO 1:2:8, PREPARO MECÂNICO, APLICADA MANUALMENTE EM PAREDES INTERNAS DE AMBIENTES COM ÁREA MAIOR QUE 10M², E = 17,5MM, COM TALISCAS. AF_03/2024",revestimentos_forros,v_8bb45ffaa009f9e8,knn,pisos,False
sinapi_es,104955,"MASSA ÚNICA, EM ARGAMASSA TRAÇO 1:2:8, PREPARO MECÂNICO, APLICADA MANUALMENTE EM PAREDES INTERNAS DE AMBIENTES COM PÉ-DIREITO DUPLO E ÁREA MAIOR QUE 10M², E = 17,5MM, COM TALISCAS. AF_03/2024",revestimentos_forros,v_8bb45ffaa009f9e8,knn,pisos,False
sinapi_es,104957,"EMBOÇO, EM ARGAMASSA TRAÇO 1:2:8, PREPARO MECÂNICO, APLICADO MANUALMENTE EM PAREDES INTERNAS DE AMBIENTES COM PÉ-DIREITO DUPLO E ÁREA MAIOR QUE 10M², E = 17,5MM, COM TALISCAS. AF_03/2024",revestimentos_forros,v_8bb45ffaa009f9e8,knn,pisos,False
sinapi_es,104958,"MASSA ÚNICA, EM ARGAMASSA TRAÇO 1:2:8 PREPARO MECÂNICO, APLICADA MANUALMENTE EM PAREDES INTERNAS DE AMBIENTES COM ÁREA MAIOR QUE 10M², E = 10MM, COM TALISCAS. AF_03/2024",revestimentos_forros,v_8bb45ffaa009f9e8,knn,pisos,False
sinapi_es,104961,"EMBOÇO, EM ARGAMASSA TRAÇO 1:2:8, PREPARO MECÂNICO, APLICADO MANUALMENTE EM PAREDES INTERNAS DE AMBIENTES COM PÉ-DIREITO DUPLO E ÁREA MENOR QUE 5M², E = 17,5MM, COM TALISCAS. AF_03/2024",revestimentos_forros,v_8bb45ffaa009f9e8,knn,revestimentos_forros,False
sinapi_es,104963,"MASSA ÚNICA, EM ARGAMASSA TRAÇO 1:2:8, PREPARO MECÂNICO, APLICADA MANUALMENTE EM PAREDES INTERNAS DE AMBIENTES COM PÉ-DIREITO DUPLO E ÁREA ENTRE 5M² E 10M², E = 17,5MM, COM TALISCAS. AF_03/2024",revestimentos_forros,v_8bb45ffaa009f9e8,knn,revestimentos_forros,False
sinapi_es,104965,"EMBOÇO, EM ARGAMASSA TRAÇO 1:2:8, PREPARO MECÂNICO, APLICADO MANUALMENTE EM PAREDES INTERNAS DE AMBIENTES COM PÉ-DIREITO DUPLO E ÁREA ENTRE 5M² E 10M², E = 17,5MM, COM TALISCAS. AF_03/2024",revestimentos_forros,v_8bb45ffaa009f9e8,knn,pisos,False
sinapi_es,104967,"EMBOÇO, EM ARGAMASSA TRAÇO 1:2:8, PREPARO MECÂNICO, APLICADO MANUALMENTE EM PAREDES INTERNAS DE AMBIENTES COM PÉ-DIREITO DUPLO E ÁREA MENOR QUE 5M², E = 10MM, COM TALISCAS. AF_03/2024",revestimentos_forros,v_8bb45ffaa009f9e8,knn,revestimentos_forros,False
sinapi_es,104969,"MASSA ÚNICA, EM ARGAMASSA TRAÇO 1:2:8, PREPARO MECÂNICO, APLICADA MANUALMENTE EM PAREDES INTERNAS DE AMBIENTES COM PÉ-DIREITO DUPLO E ÁREA ENTRE 5M² E 10M², E = 10MM, COM TALISCAS. AF_03/2024",revestimentos_forros,v_8bb45ffaa009f9e8,knn,revestimentos_forros,False
sinapi_es,104971,"EMBOÇO, EM ARGAMASSA TRAÇO 1:2:8, PREPARO MECÂNICO, APLICADO MANUALMENTE EM PAREDES INTERNAS DE AMBIENTES COM PÉ-DIREITO DUPLO E ÁREA ENTRE 5M² E 10M², E = 10MM, COM TALISCAS. AF_03/2024",revestimentos_forros,v_8bb45ffaa009f9e8,knn,pisos,False
sinapi_es,104973,"MASSA ÚNICA, EM ARGAMASSA TRAÇO 1:2:8, PREPARO MECÂNICO, APLICADA MANUALMENTE EM PAREDES INTERNAS DE AMBIENTES COM PÉ-DIREITO DUPLO ÁREA MAIOR QUE 10M², E = 10MM, COM TALISCAS. AF_03/2024",revestimentos_forros,v_8bb45ffaa009f9e8,knn,pisos,False
sinapi_es,104975,"EMBOÇO, EM ARGAMASSA TRAÇO 1:2:8, PREPARO MECÂNICO, APLICADO MANUALMENTE EM PAREDES INTERNAS DE AMBIENTES COM PÉ-DIREITO DUPLO E ÁREA MAIOR QUE 10M², E = 10MM, COM TALISCAS. AF_03/2024",revestimentos_forros,v_8bb45ffaa009f9e8,knn,pisos,False
sinapi_es,104977,"MASSA ÚNICA, EM ARGAMASSA TRAÇO 1:2:8, PREPARO MECÂNICO, APLICADA MANUALMENTE EM TETO DE AMBIENTES COM PAREDES EM PÉ-DIREITO DUPLO, E = 17,5MM, COM TALISCAS. AF_03/2024",revestimentos_forros,v_8bb45ffaa009f9e8,knn,revestimentos_forros,False
sinapi_es,104978,"MASSA ÚNICA, EM ARGAMASSA TRAÇO 1:2:8, PREPARO MECÂNICO, APLICADA MANUALMENTE EM TETO DE AMBIENTES COM PAREDES EM PÉ-DIREITO DUPLO, E = 10MM, COM TALISCAS. AF_03/2024",revestimentos_forros,v_8bb45ffaa009f9e8,knn,revestimentos_forros,False
sinapi_es,105817,"ESTUCAMENTO DE DENSIDADE ALTA NAS FACES INTERNAS DE PAREDES DO SISTEMA DE PAREDES DE CONCRETO, EM AMBIENTES COM ÁREA MAIOR OU IGUAL A 10 M², UTILIZAÇÃO DE ARGAMASSA TRAÇO 1:1:6 (CIM:CAL:AREIA). AF_12/2024",revestimentos_forros,v_8bb45ffaa009f9e8,knn,revestimentos_forros,False
sinapi_es,105819,"ESTUCAMENTO DE DENSIDADE ALTA NAS FACES INTERNAS DE PAREDES DO SISTEMA DE PAREDES DE CONCRETO, EM AMBIENTES COM ÁREA ENTRE 5 M² E 10 M², UTILIZAÇÃO DE ARGAMASSA TRAÇO 1:1:6 (CIM:CAL:AREIA). AF_12/2024",revestimentos_forros,v_8bb45ffaa009f9e8,knn,revestimentos_forros,False
sinapi_es,105821,"ESTUCAMENTO DE DENSIDADE ALTA NAS FACES INTERNAS DE PAREDES DO SISTEMA DE PAREDES DE CONCRETO, EM AMBIENTES COM ÁREA MENOR OU IGUAL A 5 M², UTILIZAÇÃO DE ARGAMASSA TRAÇO 1:1:6 (CIM:CAL:AREIA). AF_12/2024",revestimentos_forros,v_8bb45ffaa009f9e8,knn,revestimentos_forros,False
sinapi_es,105823,"ESTUCAMENTO DE DENSIDADE ALTA DE PANOS DE FACHADA DO SISTEMA DE PAREDES DE CONCRETO EM EDIFICAÇÕES DE MÚLTIPLOS PAVIMENTOS, PAVIMENTOS SUPERIORES, UTILIZAÇÃO DE ARGAMASSA TRAÇO 1:0,5:4,5 (CIM:CAL:AREIA). AF_12/2024",revestimentos_forros,v_8bb45ffaa009f9e8,knn,revestimentos_forros,False
sinapi_es,105825,"ESTUCAMENTO DE DENSIDADE ALTA DE PANOS DE FACHADA DO SISTEMA DE PAREDES DE CONCRETO EM EDIFICAÇÕES DE MÚLTIPLOS PAVIMENTOS, PAVIMENTO TÉRREO, UTILIZAÇÃO DE ARGAMASSA TRAÇO 1:0,5:4,5 (CIM:CAL:AREIA). AF_12/2024",revestimentos_forros,v_8bb45ffaa009f9e8,knn,revestimentos_forros,False
sinapi_es,105827,"ESTUCAMENTO DE DENSIDADE ALTA DE PANOS DE FACHADA DO SISTEMA DE PAREDES DE CONCRETO EM UNIDADES HABITACIONAIS DE DOIS PAVIMENTOS (SOBRADO), ACESSO COM ANDAIME FACHADEIRO, UTILIZAÇÃO DE ARGAMASSA TRAÇO 1:0,5:4,5 (CIM:CAL:AREIA). AF_12/2024",revestimentos_forros,v_8bb45ffaa009f9e8,knn,revestimentos_forros,False
sinapi_es,105829,"ESTUCAMENTO DE DENSIDADE ALTA DE PANOS DE FACHADA DO SISTEMA DE PAREDES DE CONCRETO EM UNIDADES HABITACIONAIS DE PAVIMENTO ÚNICO, UTILIZAÇÃO DE ARGAMASSA TRAÇO 1:0,5:4,5 (CIM:CAL:AREIA). AF_12/2024",revestimentos_forros,v_8bb45ffaa009f9e8,knn,revestimentos_forros,False
sinapi_es,106788,"PISO CIMENTADO, TRAÇO 1:3 (CIMENTO E AREIA), ACABAMENTO LISO, ESPESSURA 1,5 CM, PREPARO MECÂNICO DA ARGAMASSA. AF_02/2026",pisos,v_8ef16f32e3aa1ae0,knn,pisos,False
sinapi_es,106789,"PISO CIMENTADO, TRAÇO 1:3 (CIMENTO E AREIA), ACABAMENTO RUGOSO, ESPESSURA 1,5 CM, PREPARO MECÂNICO DA ARGAMASSA. AF_02/2026",pisos,v_8ef16f32e3aa1ae0,knn,pisos,False
sinapi_es,106791,REVESTIMENTO DE DEGRAUS DE ESCADA EM GRANITO. AF_02/2026,pisos,v_fb70b35d91a4bd09,knn,revestimentos_forros,False
sinapi_es,87527,"EMBOÇO, EM ARGAMASSA TRAÇO 1:2:8, PREPARO MECÂNICO, APLICADO MANUALMENTE EM PAREDES INTERNAS DE AMBIENTES COM ÁREA MENOR QUE 5M², E =17,5MM, COM TALISCAS. AF_03/2024",revestimentos_forros,v_8bb45ffaa009f9e8,knn,pisos,False
sinapi_es,87529,"MASSA ÚNICA, EM ARGAMASSA TRAÇO 1:2:8, PREPARO MECÂNICO, APLICADA MANUALMENTE EM PAREDES INTERNAS DE AMBIENTES COM ÁREA ENTRE 5M² E 10M², E = 17,5MM, COM TALISCAS. AF_03/2024",revestimentos_forros,v_8bb45ffaa009f9e8,knn,pisos,False
sinapi_es,87531,"EMBOÇO, EM ARGAMASSA TRAÇO 1:2:8, PREPARO MECÂNICO, APLICADO MANUALMENTE EM PAREDES INTERNAS DE AMBIENTES COM ÁREA ENTRE 5M² E 10M², E = 17,5MM, COM TALISCAS. AF_03/2024",revestimentos_forros,v_8bb45ffaa009f9e8,knn,pisos,False
sinapi_es,87535,"EMBOÇO, EM ARGAMASSA TRAÇO 1:2:8, PREPARO MECÂNICO, APLICADO MANUALMENTE EM PAREDES INTERNAS DE AMBIENTES COM ÁREA MAIOR QUE 10M², E = 17,5MM, COM TALISCAS. AF_03/2024",revestimentos_forros,v_8bb45ffaa009f9e8,knn,pisos,False
sinapi_es,87545,"EMBOÇO, EM ARGAMASSA TRAÇO 1:2:8, PREPARO MECÂNICO, APLICADO MANUALMENTE EM PAREDES INTERNAS, PARA AMBIENTES COM ÁREA MENOR QUE 5M², E = 10MM, COM TALISCAS. AF_03/2024",revestimentos_forros,v_8bb45ffaa009f9e8,knn,pisos,False
sinapi_es,87547,"MASSA ÚNICA, EM ARGAMASSA TRAÇO 1:2:8, PREPARO MECÂNICO, APLICADA MANUALMENTE EM PAREDES INTERNAS DE AMBIENTES COM ÁREA ENTRE 5M² E 10M², E = 10MM, COM TALISCAS. AF_03/2024",revestimentos_forros,v_8bb45ffaa009f9e8,knn,pisos,False
sinapi_es,87549,"EMBOÇO, EM ARGAMASSA TRAÇO 1:2:8, PREPARO MECÂNICO, APLICADO MANUALMENTE EM PAREDES INTERNAS DE AMBIENTES COM ÁREA ENTRE 5M² E 10M², E = 10MM, COM TALISCAS. AF_03/2024",revestimentos_forros,v_8bb45ffaa009f9e8,knn,pisos,False
sinapi_es,87553,"EMBOÇO, EM ARGAMASSA TRAÇO 1:2:8, PREPARO MECÂNICO, APLICADO MANUALMENTE EM PAREDES INTERNAS DE AMBIENTES COM ÁREA MAIOR QUE 10M², E = 10MM, COM TALISCAS. AF_03/2024",revestimentos_forros,v_8bb45ffaa009f9e8,knn,pisos,False
sinapi_es,87759,"CONTRAPISO EM ARGAMASSA PRONTA, PREPARO MANUAL, APLICADO EM ÁREAS MOLHADAS SOBRE IMPERMEABILIZAÇÃO, ACABAMENTO NÃO REFORÇADO, ESPESSURA 3CM. AF_07/2021",pisos,v_154c373b9e02a0da,knn,revestimentos_forros,False
sinapi_es,87769,"CONTRAPISO EM ARGAMASSA PRONTA, PREPARO MANUAL, APLICADO EM ÁREAS MOLHADAS SOBRE IMPERMEABILIZAÇÃO, ACABAMENTO NÃO REFORÇADO, ESPESSURA 4CM. AF_07/2021",pisos,v_154c373b9e02a0da,knn,revestimentos_forros,False
sinapi_es,87809,"EMBOÇO OU MASSA ÚNICA EM ARGAMASSA TRAÇO 1:2:8, PREPARO MECÂNICO COM BETONEIRA 400 L, APLICADA MANUALMENTE EM SUPERFÍCIES EXTERNAS DA SACADA, ESPESSURA DE 25 MM, SEM USO DE TELA METÁLICA DE REFORÇO CONTRA FISSURAÇÃO. AF_08/2022",revestimentos_forros,v_8bb45ffaa009f9e8,knn,revestimentos_forros,False
sinapi_es,87813,"EMBOÇO OU MASSA ÚNICA EM ARGAMASSA TRAÇO 1:2:8, PREPARO MECÂNICO COM BETONEIRA 400 L, APLICADA MANUALMENTE EM SUPERFÍCIES EXTERNAS DA SACADA, ESPESSURA DE 35 MM, SEM USO DE TELA METÁLICA DE REFORÇO CONTRA FISSURAÇÃO. AF_08/2022",revestimentos_forros,v_8bb45ffaa009f9e8,knn,revestimentos_forros,False
sinapi_es,87817,"EMBOÇO OU MASSA ÚNICA EM ARGAMASSA TRAÇO 1:2:8, PREPARO MECÂNICO COM BETONEIRA 400 L, APLICADA MANUALMENTE EM SUPERFÍCIES EXTERNAS DA SACADA, ESPESSURA DE 45 MM, SEM USO DE TELA METÁLICA DE REFORÇO CONTRA FISSURAÇÃO. AF_08/2022",revestimentos_forros,v_8bb45ffaa009f9e8,knn,revestimentos_forros,False
sinapi_es,87821,"EMBOÇO OU MASSA ÚNICA EM ARGAMASSA TRAÇO 1:2:8, PREPARO MECÂNICO COM BETONEIRA 400 L, APLICADA MANUALMENTE EM SUPERFÍCIES EXTERNAS DA SACADA, ESPESSURA MAIOR OU IGUAL A 50 MM, SEM USO DE TELA METÁLICA DE REFORÇO CONTRA FISSURAÇÃO. AF_08/2022",revestimentos_forros,v_8bb45ffaa009f9e8,knn,revestimentos_forros,False
sinapi_es,87825,"EMBOÇO OU MASSA ÚNICA EM ARGAMASSA TRAÇO 1:2:8, PREPARO MECÂNICO COM BETONEIRA 400 L, APLICADA MANUALMENTE NAS PAREDES INTERNAS DA SACADA, ESPESSURA DE 25 MM, SEM USO DE TELA METÁLICA DE REFORÇO CONTRA FISSURAÇÃO. AF_08/2022",revestimentos_forros,v_8bb45ffaa009f9e8,knn,revestimentos_forros,False
sinapi_es,87829,"EMBOÇO OU MASSA ÚNICA EM ARGAMASSA TRAÇO 1:2:8, PREPARO MECÂNICO COM BETONEIRA 400 L, APLICADA MANUALMENTE NAS PAREDES INTERNAS DA SACADA, ESPESSURA DE 35 MM, SEM USO DE TELA METÁLICA DE REFORÇO CONTRA FISSURAÇÃO. AF_08/2022",revestimentos_forros,v_8bb45ffaa009f9e8,knn,revestimentos_forros,False
sinapi_es,87838,REVESTIMENTO DECORATIVO MONOCAMADA EXECUTADO MANUALMENTE EM FACHADA DE UM EDIFÍCIO DE ESTRUTURA CONVENCIONAL E ACABAMENTO RASPADO. AF_03/2024,revestimentos_forros,v_260c495867574e3c,knn,pisos,False
sinapi_es,87839,REVESTIMENTO DECORATIVO MONOCAMADA EXECUTADO MANUALMENTE EM FACHADA DE UM EDIFÍCIO DE ALVENARIA ESTRUTURAL E ACABAMENTO RASPADO. AF_03/2024,revestimentos_forros,v_260c495867574e3c,knn,revestimentos_forros,False
sinapi_es,87878,"CHAPISCO APLICADO EM ALVENARIAS E ESTRUTURAS DE CONCRETO INTERNAS, COM COLHER DE PEDREIRO. ARGAMASSA TRAÇO 1:3 COM PREPARO MANUAL. AF_10/2022",revestimentos_forros,v_fc4a651ffca3f5de,knn,pintura,False
sinapi_es,87893,"CHAPISCO APLICADO EM ALVENARIA (SEM PRESENÇA DE VÃOS) E ESTRUTURAS DE CONCRETO DE FACHADA, COM COLHER DE PEDREIRO. ARGAMASSA TRAÇO 1:3 COM PREPARO MANUAL. AF_10/2022",revestimentos_forros,v_fc4a651ffca3f5de,knn,pintura,False
sinapi_es,87904,"CHAPISCO APLICADO EM ALVENARIA (COM PRESENÇA DE VÃOS) E ESTRUTURAS DE CONCRETO DE FACHADA, COM COLHER DE PEDREIRO. ARGAMASSA TRAÇO 1:3 COM PREPARO MANUAL. AF_10/2022",revestimentos_forros,v_fc4a651ffca3f5de,knn,pintura,False
sinapi_es,88470,"CONTRAPISO COM ARGAMASSA AUTONIVELANTE, APLICADO SOBRE LAJE, NÃO ADERIDO, ESPESSURA 3CM. AF_07/2021",pisos,v_c63e00e738214a4f,knn,pintura,False
sinapi_es,88471,"CONTRAPISO COM ARGAMASSA AUTONIVELANTE, APLICADO SOBRE LAJE, NÃO ADERIDO, ESPESSURA 4CM. AF_07/2021",pisos,v_c63e00e738214a4f,knn,pintura,False
sinapi_es,88472,"CONTRAPISO COM ARGAMASSA AUTONIVELANTE, APLICADO SOBRE LAJE, NÃO ADERIDO, ESPESSURA 5CM. AF_07/2021",pisos,v_c63e00e738214a4f,knn,pintura,False
sinapi_es,88494,"EMASSAMENTO COM MASSA LÁTEX, APLICAÇÃO EM TETO, UMA DEMÃO, LIXAMENTO MANUAL. AF_04/2023",pintura,v_b60ac7b7366d771c,knn,pintura,False
sinapi_es,88495,"EMASSAMENTO COM MASSA LÁTEX, APLICAÇÃO EM PAREDE, UMA DEMÃO, LIXAMENTO MANUAL. AF_04/2023",pintura,v_b60ac7b7366d771c,knn,pintura,False
sinapi_es,88496,"EMASSAMENTO COM MASSA LÁTEX, APLICAÇÃO EM TETO, DUAS DEMÃOS, LIXAMENTO MANUAL. AF_04/2023",pintura,v_b60ac7b7366d771c,knn,pintura,False
sinapi_es,88497,"EMASSAMENTO COM MASSA LÁTEX, APLICAÇÃO EM PAREDE, DUAS DEMÃOS, LIXAMENTO MANUAL. AF_04/2023",pintura,v_b60ac7b7366d771c,knn,pintura,False
sinapi_es,90406,"MASSA ÚNICA, EM ARGAMASSA TRAÇO 1:2:8, PREPARO MECÂNICO, APLICADA MANUALMENTE EM TETO, E = 17,5MM, COM TALISCAS. AF_03/2024",revestimentos_forros,v_8bb45ffaa009f9e8,knn,pisos,False
sinapi_es,90408,"MASSA ÚNICA, EM ARGAMASSA TRAÇO 1:2:8, PREPARO MECÂNICO, APLICADA MANUALMENTE EM TETO, E = 10MM, COM TALISCAS. AF_03/2024",revestimentos_forros,v_8bb45ffaa009f9e8,knn,pisos,False
sinapi_es,91515,"ESTUCAMENTO DE DENSIDADE BAIXA DE PANOS DE FACHADA DO SISTEMA DE PAREDES DE CONCRETO EM EDIFICAÇÕES DE MÚLTIPLOS PAVIMENTOS, PAVIMENTOS SUPERIORES, UTILIZAÇÃO DE ARGAMASSA COLANTE. AF_12/2024",revestimentos_forros,v_81765fda21aa5994,knn,revestimentos_forros,False
sinapi_es,91519,"ESTUCAMENTO DE DENSIDADE BAIXA DE PANOS DE FACHADA DO SISTEMA DE PAREDES DE CONCRETO EM UNIDADES HABITACIONAIS DE PAVIMENTO ÚNICO, UTILIZAÇÃO DE ARGAMASSA COLANTE. AF_12/2024",revestimentos_forros,v_81765fda21aa5994,knn,revestimentos_forros,False
sinapi_es,96110,"FORRO EM DRYWALL PARA AMBIENTES RESIDENCIAIS, INCLUSIVE ESTRUTURA UNIDIRECIONAL DE FIXAÇÃO. AF_08/2023_PS",revestimentos_forros,v_2d4c2a6b833d977f,knn,revestimentos_forros,False
sinapi_es,96114,"FORRO EM DRYWALL, PARA AMBIENTES COMERCIAIS, INCLUSIVE ESTRUTURA BIRECIONAL DE FIXAÇÃO. AF_08/2023_PS",revestimentos_forros,v_2d4c2a6b833d977f,knn,revestimentos_forros,False
sinapi_es,98679,"PISO CIMENTADO, TRAÇO 1:5 (CIMENTO E AREIA), ACABAMENTO LISO, ESPESSURA 2,0 CM, PREPARO MECÂNICO DA ARGAMASSA. AF_02/2026",pisos,v_8ef16f32e3aa1ae0,knn,pisos,False
sinapi_es,98680,"PISO CIMENTADO, TRAÇO 1:5 (CIMENTO E AREIA), ACABAMENTO LISO, ESPESSURA 3,0 CM, PREPARO MECÂNICO DA ARGAMASSA. AF_02/2026",pisos,v_8ef16f32e3aa1ae0,knn,pisos,False
sinapi_es,98681,"PISO CIMENTADO, TRAÇO 1:5 (CIMENTO E AREIA), ACABAMENTO RUGOSO, ESPESSURA 2,0 CM, PREPARO MECÂNICO DA ARGAMASSA. AF_02/2026",pisos,v_8ef16f32e3aa1ae0,knn,pisos,False
sinapi_es,98682,"PISO CIMENTADO, TRAÇO 1:5 (CIMENTO E AREIA), ACABAMENTO RUGOSO, ESPESSURA 3,0 CM, PREPARO MECÂNICO DA ARGAMASSA. AF_02/2026",pisos,v_8ef16f32e3aa1ae0,knn,pisos,False
sinapi_es,99054,"ACABAMENTOS PARA FORRO (SANCA DE GESSO, MONTADA NA OBRA). AF_08/2023_PS",revestimentos_forros,v_081f4cd3cef51749,knn,revestimentos_forros,False
sinapi_es,100729,PINTURA COM TINTA EPOXÍDICA DE ACABAMENTO PULVERIZADA SOBRE PERFIL METÁLICO EXECUTADO EM FÁBRICA (POR DEMÃO). AF_01/2020_PE,pintura,v_237f3923d6588a83,dummy_maioria,revestimentos_forros,False
sinapi_es,100730,PINTURA COM TINTA EPOXÍDICA DE ACABAMENTO APLICADA A ROLO OU PINCEL SOBRE PERFIL METÁLICO EXECUTADO EM FÁBRICA (POR DEMÃO). AF_01/2020,pintura,v_237f3923d6588a83,dummy_maioria,revestimentos_forros,False
sinapi_es,100739,PINTURA COM TINTA ALQUÍDICA DE ACABAMENTO (ESMALTE SINTÉTICO ACETINADO) PULVERIZADA SOBRE PERFIL METÁLICO EXECUTADO EM FÁBRICA (POR DEMÃO). AF_01/2020_PE,pintura,v_71c9f5e34a029aaf,dummy_maioria,revestimentos_forros,False
sinapi_es,100740,PINTURA COM TINTA ALQUÍDICA DE ACABAMENTO (ESMALTE SINTÉTICO ACETINADO) APLICADA A ROLO OU PINCEL SOBRE PERFIL METÁLICO EXECUTADO EM FÁBRICA (POR DEMÃO). AF_01/2020,pintura,v_71c9f5e34a029aaf,dummy_maioria,revestimentos_forros,False
sinapi_es,100741,PINTURA COM TINTA ALQUÍDICA DE ACABAMENTO (ESMALTE SINTÉTICO ACETINADO) PULVERIZADA SOBRE SUPERFÍCIES METÁLICAS (EXCETO PERFIL) EXECUTADO EM OBRA (POR DEMÃO). AF_01/2020_PE,pintura,v_71c9f5e34a029aaf,dummy_maioria,revestimentos_forros,False
sinapi_es,100742,PINTURA COM TINTA ALQUÍDICA DE ACABAMENTO (ESMALTE SINTÉTICO ACETINADO) APLICADA A ROLO OU PINCEL SOBRE SUPERFÍCIES METÁLICAS (EXCETO PERFIL) EXECUTADO EM OBRA (POR DEMÃO). AF_01/2020,pintura,v_71c9f5e34a029aaf,dummy_maioria,revestimentos_forros,False
sinapi_es,100751,PINTURA COM TINTA EPOXÍDICA DE ACABAMENTO PULVERIZADA SOBRE PERFIL METÁLICO EXECUTADO EM FÁBRICA (02 DEMÃOS). AF_01/2020_PE,pintura,v_237f3923d6588a83,dummy_maioria,revestimentos_forros,False
sinapi_es,100752,PINTURA COM TINTA EPOXÍDICA DE ACABAMENTO APLICADA A ROLO OU PINCEL SOBRE PERFIL METÁLICO EXECUTADO EM FÁBRICA (02 DEMÃOS). AF_01/2020,pintura,v_237f3923d6588a83,dummy_maioria,revestimentos_forros,False
sinapi_es,100757,PINTURA COM TINTA ALQUÍDICA DE ACABAMENTO (ESMALTE SINTÉTICO ACETINADO) PULVERIZADA SOBRE SUPERFÍCIES METÁLICAS (EXCETO PERFIL) EXECUTADO EM OBRA (02 DEMÃOS). AF_01/2020_PE,pintura,v_71c9f5e34a029aaf,dummy_maioria,revestimentos_forros,False
sinapi_es,100758,PINTURA COM TINTA ALQUÍDICA DE ACABAMENTO (ESMALTE SINTÉTICO ACETINADO) APLICADA A ROLO OU PINCEL SOBRE SUPERFÍCIES METÁLICAS (EXCETO PERFIL) EXECUTADO EM OBRA (02 DEMÃOS). AF_01/2020,pintura,v_71c9f5e34a029aaf,dummy_maioria,revestimentos_forros,False
sinapi_es,101733,"PISO DE BORRACHA PASTILHADO/FRISADO, ESPESSURA 7MM, ASSENTADO COM ARGAMASSA. AF_02/2026",pisos,v_888400de40318751,dummy_maioria,revestimentos_forros,False
sinapi_es,101735,"PISO DE BORRACHA ESPORTIVO, ESPESSURA 15MM, ASSENTADO COM ARGAMASSA. AF_02/2026",pisos,v_04ed0baac6ab0a23,dummy_maioria,revestimentos_forros,False
sinapi_es,101736,"PISO DE BORRACHA PASTILHADO, ESPESSURA 3,5MM, FIXADO COM ADESIVO ACRÍLICO. AF_02/2026",pisos,v_510ada8b53cbacd4,dummy_maioria,revestimentos_forros,False
sinapi_es,101749,"PISO CIMENTADO, TRAÇO 1:5 (CIMENTO E AREIA), ACABAMENTO LISO, ESPESSURA 4,0 CM, PREPARO MECÂNICO DA ARGAMASSA. AF_02/2026",pisos,v_8ef16f32e3aa1ae0,dummy_maioria,revestimentos_forros,False
sinapi_es,101750,"PISO CIMENTADO, TRAÇO 1:5 (CIMENTO E AREIA), ACABAMENTO RUGOSO, ESPESSURA 4,0 CM, PREPARO MECÂNICO DA ARGAMASSA. AF_02/2026",pisos,v_8ef16f32e3aa1ae0,dummy_maioria,revestimentos_forros,False
sinapi_es,102202,"APLICAÇÃO MASSA EPÓXI PARA MADEIRA, PARA PINTURA COM TINTA PU DE ACABAMENTO (PIGMENTADA). AF_01/2021",pintura,v_eb9403a2e10f2765,dummy_maioria,revestimentos_forros,False
sinapi_es,102204,"PINTURA VERNIZ (INCOLOR) ALQUÍDICO EM MADEIRA, USO INTERNO, 1 DEMÃO. AF_01/2021",pintura,v_230ff573f6ae9d5e,dummy_maioria,revestimentos_forros,False
sinapi_es,102209,"PINTURA TINTA DE ACABAMENTO (PIGMENTADA) ESMALTE SINTÉTICO ACETINADO EM MADEIRA, 1 DEMÃO. AF_01/2021",pintura,v_71c9f5e34a029aaf,dummy_maioria,revestimentos_forros,False
sinapi_es,102214,"PINTURA VERNIZ (INCOLOR) ALQUÍDICO EM MADEIRA, USO INTERNO, 2 DEMÃOS. AF_01/2021",pintura,v_230ff573f6ae9d5e,dummy_maioria,revestimentos_forros,False
sinapi_es,102219,"PINTURA TINTA DE ACABAMENTO (PIGMENTADA) ESMALTE SINTÉTICO ACETINADO EM MADEIRA, 2 DEMÃOS. AF_01/2021",pintura,v_71c9f5e34a029aaf,dummy_maioria,revestimentos_forros,False
sinapi_es,102224,"PINTURA VERNIZ (INCOLOR) ALQUÍDICO EM MADEIRA, USO INTERNO, 3 DEMÃOS. AF_01/2021",pintura,v_230ff573f6ae9d5e,dummy_maioria,revestimentos_forros,False
sinapi_es,102229,"PINTURA TINTA DE ACABAMENTO (PIGMENTADA) ESMALTE SINTÉTICO ACETINADO EM MADEIRA, 3 DEMÃOS. AF_01/2021",pintura,v_71c9f5e34a029aaf,dummy_maioria,revestimentos_forros,False
sinapi_es,102499,ENCERAMENTO DE PISO EM MADEIRA. AF_05/2021,pintura,v_10a8ed2881ec5b27,dummy_maioria,revestimentos_forros,False
sinapi_es,104249,"EMBOÇO OU MASSA ÚNICA EM ARGAMASSA TRAÇO 1:2:8, PREPARO MECÂNICA COM BETONEIRA 400 L, APLICADA MANUALMENTE EM SUPERFÍCIES EXTERNAS DA SACADA, ESPESSURA DE 25 MM, ACESSO POR ANDAIME, SEM USO DE TELA METÁLICA. AF_08/2022",revestimentos_forros,v_8bb45ffaa009f9e8,dummy_maioria,revestimentos_forros,False
sinapi_es,104253,"EMBOÇO OU MASSA ÚNICA EM ARGAMASSA TRAÇO 1:2:8, PREPARO MECÂNICA COM BETONEIRA 400 L, APLICADA MANUALMENTE EM SUPERFÍCIES EXTERNAS DA SACADA, ESPESSURA DE 35 MM, ACESSO POR ANDAIME, SEM USO DE TELA METÁLICA. AF_08/2022",revestimentos_forros,v_8bb45ffaa009f9e8,dummy_maioria,revestimentos_forros,False
sinapi_es,104257,"EMBOÇO OU MASSA ÚNICA EM ARGAMASSA TRAÇO 1:2:8, PREPARO MECÂNICO COM BETONEIRA 400 L, APLICADA MANUALMENTE EM SUPERFÍCIES EXTERNAS DA SACADA, ESPESSURA DE 45 MM, ACESSO POR ANDAIME, SEM USO DE TELA METÁLICA. AF_08/2022",revestimentos_forros,v_8bb45ffaa009f9e8,dummy_maioria,revestimentos_forros,False
sinapi_es,104261,"EMBOÇO OU MASSA ÚNICA EM ARGAMASSA TRAÇO 1:2:8, PREPARO MECÂNICO COM BETONEIRA 400 L, APLICADA MANUALMENTE EM SUPERFÍCIES EXTERNAS DA SACADA, ESPESSURA DE 50 MM, ACESSO POR ANDAIME, SEM USO DE TELA METÁLICA. AF_08/2022",revestimentos_forros,v_8bb45ffaa009f9e8,dummy_maioria,revestimentos_forros,False
sinapi_es,104418,"ESTUCAMENTO DE DENSIDADE BAIXA DE PANOS DE FACHADA DO SISTEMA DE PAREDES DE CONCRETO EM EDIFICAÇÕES DE MÚLTIPLOS PAVIMENTOS, PAVIMENTO TÉRREO, UTILIZAÇÃO DE ARGAMASSA COLANTE. AF_12/2024",revestimentos_forros,v_81765fda21aa5994,dummy_maioria,revestimentos_forros,False
sinapi_es,104419,"ESTUCAMENTO DE DENSIDADE BAIXA DE PANOS DE FACHADA DO SISTEMA DE PAREDES DE CONCRETO EM UNIDADES HABITACIONAIS DE DOIS PAVIMENTOS (SOBRADO), ACESSO COM ANDAIME FACHADEIRO, UTILIZAÇÃO DE ARGAMASSA COLANTE. AF_12/2024",revestimentos_forros,v_81765fda21aa5994,dummy_maioria,revestimentos_forros,False
sinapi_es,104421,"ESTUCAMENTO DE DENSIDADE ALTA DE PANOS DE FACHADA DO SISTEMA DE PAREDES DE CONCRETO EM EDIFICAÇÕES DE MÚLTIPLOS PAVIMENTOS, PAVIMENTOS SUPERIORES, UTILIZAÇÃO DE ARGAMASSA COLANTE. AF_12/2024",revestimentos_forros,v_81765fda21aa5994,dummy_maioria,revestimentos_forros,False
sinapi_es,104422,"ESTUCAMENTO DE DENSIDADE ALTA DE PANOS DE FACHADA DO SISTEMA DE PAREDES DE CONCRETO EM EDIFICAÇÕES DE MÚLTIPLOS PAVIMENTOS, PAVIMENTO TÉRREO, UTILIZAÇÃO DE ARGAMASSA COLANTE. AF_12/2024",revestimentos_forros,v_81765fda21aa5994,dummy_maioria,revestimentos_forros,False
sinapi_es,104423,"ESTUCAMENTO DE DENSIDADE ALTA DE PANOS DE FACHADA DO SISTEMA DE PAREDES DE CONCRETO EM UNIDADES HABITACIONAIS DE DOIS PAVIMENTOS (SOBRADO), ACESSO COM ANDAIME FACHADEIRO, UTILIZAÇÃO DE ARGAMASSA COLANTE. AF_12/2024",revestimentos_forros,v_81765fda21aa5994,dummy_maioria,revestimentos_forros,False
sinapi_es,104425,"ESTUCAMENTO DE DENSIDADE ALTA DE PANOS DE FACHADA DO SISTEMA DE PAREDES DE CONCRETO EM UNIDADES HABITACIONAIS DE PAVIMENTO ÚNICO, UTILIZAÇÃO DE ARGAMASSA COLANTE. AF_12/2024",revestimentos_forros,v_81765fda21aa5994,dummy_maioria,revestimentos_forros,False
sinapi_es,104615,REVESTIMENTO CERÂMICO PARA PAREDES INTERNAS COM PLACAS TIPO PASTILHA DE DIMENSÕES 5 X 5 CM (PLACAS DE 30 X 30 CM) CM APLICADAS NA ALTURA INTEIRA DAS PAREDES. AF_02/2023,revestimentos_forros,v_306d6657eb7f342f,dummy_maioria,revestimentos_forros,False
sinapi_es,104616,"REVESTIMENTO CERÂMICO PARA PAREDES INTERNAS COM PLACAS TIPO PASTILHA DE DIMENSÕES 2,5 X 2,5 CM (PLACAS DE 30 X 30 CM) CM APLICADAS NA ALTURA INTEIRA DAS PAREDES. AF_02/2023",revestimentos_forros,v_306d6657eb7f342f,dummy_maioria,revestimentos_forros,False
sinapi_es,104617,REVESTIMENTO CERÂMICO PARA PAREDES INTERNAS COM PLACAS TIPO PASTILHA DE DIMENSÕES 5 X 5 CM (PLACAS DE 30 X 30 CM) CM APLICADAS A MEIA ALTURA DAS PAREDES. AF_02/2023,revestimentos_forros,v_306d6657eb7f342f,dummy_maioria,revestimentos_forros,False
sinapi_es,104618,"REVESTIMENTO CERÂMICO PARA PAREDES INTERNAS COM PLACAS TIPO PASTILHA DE DIMENSÕES 2,5 X 2,5 CM (PLACAS DE 30 X 30 CM) CM APLICADAS A MEIA ALTURA DAS PAREDES. AF_02/2023",revestimentos_forros,v_306d6657eb7f342f,dummy_maioria,revestimentos_forros,False
sinapi_es,104640,"PINTURA LÁTEX ACRÍLICA STANDARD, APLICAÇÃO MANUAL EM TETO, DUAS DEMÃOS. AF_04/2023",pintura,v_0b86d2c344f2e9f6,dummy_maioria,revestimentos_forros,False
sinapi_es,104642,"PINTURA LÁTEX ACRÍLICA STANDARD, APLICAÇÃO MANUAL EM PAREDES, DUAS DEMÃOS. AF_04/2023",pintura,v_0b86d2c344f2e9f6,dummy_maioria,revestimentos_forros,False
sinapi_es,104951,"MASSA ÚNICA, EM ARGAMASSA TRAÇO 1:2:8, PREPARO MECÂNICO, APLICADA MANUALMENTE EM PAREDES INTERNAS DE AMBIENTES COM ÁREA MAIOR QUE 10M², E = 17,5MM, COM TALISCAS. AF_03/2024",revestimentos_forros,v_8bb45ffaa009f9e8,dummy_maioria,revestimentos_forros,False
sinapi_es,104955,"MASSA ÚNICA, EM ARGAMASSA TRAÇO 1:2:8, PREPARO MECÂNICO, APLICADA MANUALMENTE EM PAREDES INTERNAS DE AMBIENTES COM PÉ-DIREITO DUPLO E ÁREA MAIOR QUE 10M², E = 17,5MM, COM TALISCAS. AF_03/2024",revestimentos_forros,v_8bb45ffaa009f9e8,dummy_maioria,revestimentos_forros,False
sinapi_es,104957,"EMBOÇO, EM ARGAMASSA TRAÇO 1:2:8, PREPARO MECÂNICO, APLICADO MANUALMENTE EM PAREDES INTERNAS DE AMBIENTES COM PÉ-DIREITO DUPLO E ÁREA MAIOR QUE 10M², E = 17,5MM, COM TALISCAS. AF_03/2024",revestimentos_forros,v_8bb45ffaa009f9e8,dummy_maioria,revestimentos_forros,False
sinapi_es,104958,"MASSA ÚNICA, EM ARGAMASSA TRAÇO 1:2:8 PREPARO MECÂNICO, APLICADA MANUALMENTE EM PAREDES INTERNAS DE AMBIENTES COM ÁREA MAIOR QUE 10M², E = 10MM, COM TALISCAS. AF_03/2024",revestimentos_forros,v_8bb45ffaa009f9e8,dummy_maioria,revestimentos_forros,False
sinapi_es,104961,"EMBOÇO, EM ARGAMASSA TRAÇO 1:2:8, PREPARO MECÂNICO, APLICADO MANUALMENTE EM PAREDES INTERNAS DE AMBIENTES COM PÉ-DIREITO DUPLO E ÁREA MENOR QUE 5M², E = 17,5MM, COM TALISCAS. AF_03/2024",revestimentos_forros,v_8bb45ffaa009f9e8,dummy_maioria,revestimentos_forros,False
sinapi_es,104963,"MASSA ÚNICA, EM ARGAMASSA TRAÇO 1:2:8, PREPARO MECÂNICO, APLICADA MANUALMENTE EM PAREDES INTERNAS DE AMBIENTES COM PÉ-DIREITO DUPLO E ÁREA ENTRE 5M² E 10M², E = 17,5MM, COM TALISCAS. AF_03/2024",revestimentos_forros,v_8bb45ffaa009f9e8,dummy_maioria,revestimentos_forros,False
sinapi_es,104965,"EMBOÇO, EM ARGAMASSA TRAÇO 1:2:8, PREPARO MECÂNICO, APLICADO MANUALMENTE EM PAREDES INTERNAS DE AMBIENTES COM PÉ-DIREITO DUPLO E ÁREA ENTRE 5M² E 10M², E = 17,5MM, COM TALISCAS. AF_03/2024",revestimentos_forros,v_8bb45ffaa009f9e8,dummy_maioria,revestimentos_forros,False
sinapi_es,104967,"EMBOÇO, EM ARGAMASSA TRAÇO 1:2:8, PREPARO MECÂNICO, APLICADO MANUALMENTE EM PAREDES INTERNAS DE AMBIENTES COM PÉ-DIREITO DUPLO E ÁREA MENOR QUE 5M², E = 10MM, COM TALISCAS. AF_03/2024",revestimentos_forros,v_8bb45ffaa009f9e8,dummy_maioria,revestimentos_forros,False
sinapi_es,104969,"MASSA ÚNICA, EM ARGAMASSA TRAÇO 1:2:8, PREPARO MECÂNICO, APLICADA MANUALMENTE EM PAREDES INTERNAS DE AMBIENTES COM PÉ-DIREITO DUPLO E ÁREA ENTRE 5M² E 10M², E = 10MM, COM TALISCAS. AF_03/2024",revestimentos_forros,v_8bb45ffaa009f9e8,dummy_maioria,revestimentos_forros,False
sinapi_es,104971,"EMBOÇO, EM ARGAMASSA TRAÇO 1:2:8, PREPARO MECÂNICO, APLICADO MANUALMENTE EM PAREDES INTERNAS DE AMBIENTES COM PÉ-DIREITO DUPLO E ÁREA ENTRE 5M² E 10M², E = 10MM, COM TALISCAS. AF_03/2024",revestimentos_forros,v_8bb45ffaa009f9e8,dummy_maioria,revestimentos_forros,False
sinapi_es,104973,"MASSA ÚNICA, EM ARGAMASSA TRAÇO 1:2:8, PREPARO MECÂNICO, APLICADA MANUALMENTE EM PAREDES INTERNAS DE AMBIENTES COM PÉ-DIREITO DUPLO ÁREA MAIOR QUE 10M², E = 10MM, COM TALISCAS. AF_03/2024",revestimentos_forros,v_8bb45ffaa009f9e8,dummy_maioria,revestimentos_forros,False
sinapi_es,104975,"EMBOÇO, EM ARGAMASSA TRAÇO 1:2:8, PREPARO MECÂNICO, APLICADO MANUALMENTE EM PAREDES INTERNAS DE AMBIENTES COM PÉ-DIREITO DUPLO E ÁREA MAIOR QUE 10M², E = 10MM, COM TALISCAS. AF_03/2024",revestimentos_forros,v_8bb45ffaa009f9e8,dummy_maioria,revestimentos_forros,False
sinapi_es,104977,"MASSA ÚNICA, EM ARGAMASSA TRAÇO 1:2:8, PREPARO MECÂNICO, APLICADA MANUALMENTE EM TETO DE AMBIENTES COM PAREDES EM PÉ-DIREITO DUPLO, E = 17,5MM, COM TALISCAS. AF_03/2024",revestimentos_forros,v_8bb45ffaa009f9e8,dummy_maioria,revestimentos_forros,False
sinapi_es,104978,"MASSA ÚNICA, EM ARGAMASSA TRAÇO 1:2:8, PREPARO MECÂNICO, APLICADA MANUALMENTE EM TETO DE AMBIENTES COM PAREDES EM PÉ-DIREITO DUPLO, E = 10MM, COM TALISCAS. AF_03/2024",revestimentos_forros,v_8bb45ffaa009f9e8,dummy_maioria,revestimentos_forros,False
sinapi_es,105817,"ESTUCAMENTO DE DENSIDADE ALTA NAS FACES INTERNAS DE PAREDES DO SISTEMA DE PAREDES DE CONCRETO, EM AMBIENTES COM ÁREA MAIOR OU IGUAL A 10 M², UTILIZAÇÃO DE ARGAMASSA TRAÇO 1:1:6 (CIM:CAL:AREIA). AF_12/2024",revestimentos_forros,v_8bb45ffaa009f9e8,dummy_maioria,revestimentos_forros,False
sinapi_es,105819,"ESTUCAMENTO DE DENSIDADE ALTA NAS FACES INTERNAS DE PAREDES DO SISTEMA DE PAREDES DE CONCRETO, EM AMBIENTES COM ÁREA ENTRE 5 M² E 10 M², UTILIZAÇÃO DE ARGAMASSA TRAÇO 1:1:6 (CIM:CAL:AREIA). AF_12/2024",revestimentos_forros,v_8bb45ffaa009f9e8,dummy_maioria,revestimentos_forros,False
sinapi_es,105821,"ESTUCAMENTO DE DENSIDADE ALTA NAS FACES INTERNAS DE PAREDES DO SISTEMA DE PAREDES DE CONCRETO, EM AMBIENTES COM ÁREA MENOR OU IGUAL A 5 M², UTILIZAÇÃO DE ARGAMASSA TRAÇO 1:1:6 (CIM:CAL:AREIA). AF_12/2024",revestimentos_forros,v_8bb45ffaa009f9e8,dummy_maioria,revestimentos_forros,False
sinapi_es,105823,"ESTUCAMENTO DE DENSIDADE ALTA DE PANOS DE FACHADA DO SISTEMA DE PAREDES DE CONCRETO EM EDIFICAÇÕES DE MÚLTIPLOS PAVIMENTOS, PAVIMENTOS SUPERIORES, UTILIZAÇÃO DE ARGAMASSA TRAÇO 1:0,5:4,5 (CIM:CAL:AREIA). AF_12/2024",revestimentos_forros,v_8bb45ffaa009f9e8,dummy_maioria,revestimentos_forros,False
sinapi_es,105825,"ESTUCAMENTO DE DENSIDADE ALTA DE PANOS DE FACHADA DO SISTEMA DE PAREDES DE CONCRETO EM EDIFICAÇÕES DE MÚLTIPLOS PAVIMENTOS, PAVIMENTO TÉRREO, UTILIZAÇÃO DE ARGAMASSA TRAÇO 1:0,5:4,5 (CIM:CAL:AREIA). AF_12/2024",revestimentos_forros,v_8bb45ffaa009f9e8,dummy_maioria,revestimentos_forros,False
sinapi_es,105827,"ESTUCAMENTO DE DENSIDADE ALTA DE PANOS DE FACHADA DO SISTEMA DE PAREDES DE CONCRETO EM UNIDADES HABITACIONAIS DE DOIS PAVIMENTOS (SOBRADO), ACESSO COM ANDAIME FACHADEIRO, UTILIZAÇÃO DE ARGAMASSA TRAÇO 1:0,5:4,5 (CIM:CAL:AREIA). AF_12/2024",revestimentos_forros,v_8bb45ffaa009f9e8,dummy_maioria,revestimentos_forros,False
sinapi_es,105829,"ESTUCAMENTO DE DENSIDADE ALTA DE PANOS DE FACHADA DO SISTEMA DE PAREDES DE CONCRETO EM UNIDADES HABITACIONAIS DE PAVIMENTO ÚNICO, UTILIZAÇÃO DE ARGAMASSA TRAÇO 1:0,5:4,5 (CIM:CAL:AREIA). AF_12/2024",revestimentos_forros,v_8bb45ffaa009f9e8,dummy_maioria,revestimentos_forros,False
sinapi_es,106788,"PISO CIMENTADO, TRAÇO 1:3 (CIMENTO E AREIA), ACABAMENTO LISO, ESPESSURA 1,5 CM, PREPARO MECÂNICO DA ARGAMASSA. AF_02/2026",pisos,v_8ef16f32e3aa1ae0,dummy_maioria,revestimentos_forros,False
sinapi_es,106789,"PISO CIMENTADO, TRAÇO 1:3 (CIMENTO E AREIA), ACABAMENTO RUGOSO, ESPESSURA 1,5 CM, PREPARO MECÂNICO DA ARGAMASSA. AF_02/2026",pisos,v_8ef16f32e3aa1ae0,dummy_maioria,revestimentos_forros,False
sinapi_es,106791,REVESTIMENTO DE DEGRAUS DE ESCADA EM GRANITO. AF_02/2026,pisos,v_fb70b35d91a4bd09,dummy_maioria,revestimentos_forros,False
sinapi_es,87527,"EMBOÇO, EM ARGAMASSA TRAÇO 1:2:8, PREPARO MECÂNICO, APLICADO MANUALMENTE EM PAREDES INTERNAS DE AMBIENTES COM ÁREA MENOR QUE 5M², E =17,5MM, COM TALISCAS. AF_03/2024",revestimentos_forros,v_8bb45ffaa009f9e8,dummy_maioria,revestimentos_forros,False
sinapi_es,87529,"MASSA ÚNICA, EM ARGAMASSA TRAÇO 1:2:8, PREPARO MECÂNICO, APLICADA MANUALMENTE EM PAREDES INTERNAS DE AMBIENTES COM ÁREA ENTRE 5M² E 10M², E = 17,5MM, COM TALISCAS. AF_03/2024",revestimentos_forros,v_8bb45ffaa009f9e8,dummy_maioria,revestimentos_forros,False
sinapi_es,87531,"EMBOÇO, EM ARGAMASSA TRAÇO 1:2:8, PREPARO MECÂNICO, APLICADO MANUALMENTE EM PAREDES INTERNAS DE AMBIENTES COM ÁREA ENTRE 5M² E 10M², E = 17,5MM, COM TALISCAS. AF_03/2024",revestimentos_forros,v_8bb45ffaa009f9e8,dummy_maioria,revestimentos_forros,False
sinapi_es,87535,"EMBOÇO, EM ARGAMASSA TRAÇO 1:2:8, PREPARO MECÂNICO, APLICADO MANUALMENTE EM PAREDES INTERNAS DE AMBIENTES COM ÁREA MAIOR QUE 10M², E = 17,5MM, COM TALISCAS. AF_03/2024",revestimentos_forros,v_8bb45ffaa009f9e8,dummy_maioria,revestimentos_forros,False
sinapi_es,87545,"EMBOÇO, EM ARGAMASSA TRAÇO 1:2:8, PREPARO MECÂNICO, APLICADO MANUALMENTE EM PAREDES INTERNAS, PARA AMBIENTES COM ÁREA MENOR QUE 5M², E = 10MM, COM TALISCAS. AF_03/2024",revestimentos_forros,v_8bb45ffaa009f9e8,dummy_maioria,revestimentos_forros,False
sinapi_es,87547,"MASSA ÚNICA, EM ARGAMASSA TRAÇO 1:2:8, PREPARO MECÂNICO, APLICADA MANUALMENTE EM PAREDES INTERNAS DE AMBIENTES COM ÁREA ENTRE 5M² E 10M², E = 10MM, COM TALISCAS. AF_03/2024",revestimentos_forros,v_8bb45ffaa009f9e8,dummy_maioria,revestimentos_forros,False
sinapi_es,87549,"EMBOÇO, EM ARGAMASSA TRAÇO 1:2:8, PREPARO MECÂNICO, APLICADO MANUALMENTE EM PAREDES INTERNAS DE AMBIENTES COM ÁREA ENTRE 5M² E 10M², E = 10MM, COM TALISCAS. AF_03/2024",revestimentos_forros,v_8bb45ffaa009f9e8,dummy_maioria,revestimentos_forros,False
sinapi_es,87553,"EMBOÇO, EM ARGAMASSA TRAÇO 1:2:8, PREPARO MECÂNICO, APLICADO MANUALMENTE EM PAREDES INTERNAS DE AMBIENTES COM ÁREA MAIOR QUE 10M², E = 10MM, COM TALISCAS. AF_03/2024",revestimentos_forros,v_8bb45ffaa009f9e8,dummy_maioria,revestimentos_forros,False
sinapi_es,87759,"CONTRAPISO EM ARGAMASSA PRONTA, PREPARO MANUAL, APLICADO EM ÁREAS MOLHADAS SOBRE IMPERMEABILIZAÇÃO, ACABAMENTO NÃO REFORÇADO, ESPESSURA 3CM. AF_07/2021",pisos,v_154c373b9e02a0da,dummy_maioria,revestimentos_forros,False
sinapi_es,87769,"CONTRAPISO EM ARGAMASSA PRONTA, PREPARO MANUAL, APLICADO EM ÁREAS MOLHADAS SOBRE IMPERMEABILIZAÇÃO, ACABAMENTO NÃO REFORÇADO, ESPESSURA 4CM. AF_07/2021",pisos,v_154c373b9e02a0da,dummy_maioria,revestimentos_forros,False
sinapi_es,87809,"EMBOÇO OU MASSA ÚNICA EM ARGAMASSA TRAÇO 1:2:8, PREPARO MECÂNICO COM BETONEIRA 400 L, APLICADA MANUALMENTE EM SUPERFÍCIES EXTERNAS DA SACADA, ESPESSURA DE 25 MM, SEM USO DE TELA METÁLICA DE REFORÇO CONTRA FISSURAÇÃO. AF_08/2022",revestimentos_forros,v_8bb45ffaa009f9e8,dummy_maioria,revestimentos_forros,False
sinapi_es,87813,"EMBOÇO OU MASSA ÚNICA EM ARGAMASSA TRAÇO 1:2:8, PREPARO MECÂNICO COM BETONEIRA 400 L, APLICADA MANUALMENTE EM SUPERFÍCIES EXTERNAS DA SACADA, ESPESSURA DE 35 MM, SEM USO DE TELA METÁLICA DE REFORÇO CONTRA FISSURAÇÃO. AF_08/2022",revestimentos_forros,v_8bb45ffaa009f9e8,dummy_maioria,revestimentos_forros,False
sinapi_es,87817,"EMBOÇO OU MASSA ÚNICA EM ARGAMASSA TRAÇO 1:2:8, PREPARO MECÂNICO COM BETONEIRA 400 L, APLICADA MANUALMENTE EM SUPERFÍCIES EXTERNAS DA SACADA, ESPESSURA DE 45 MM, SEM USO DE TELA METÁLICA DE REFORÇO CONTRA FISSURAÇÃO. AF_08/2022",revestimentos_forros,v_8bb45ffaa009f9e8,dummy_maioria,revestimentos_forros,False
sinapi_es,87821,"EMBOÇO OU MASSA ÚNICA EM ARGAMASSA TRAÇO 1:2:8, PREPARO MECÂNICO COM BETONEIRA 400 L, APLICADA MANUALMENTE EM SUPERFÍCIES EXTERNAS DA SACADA, ESPESSURA MAIOR OU IGUAL A 50 MM, SEM USO DE TELA METÁLICA DE REFORÇO CONTRA FISSURAÇÃO. AF_08/2022",revestimentos_forros,v_8bb45ffaa009f9e8,dummy_maioria,revestimentos_forros,False
sinapi_es,87825,"EMBOÇO OU MASSA ÚNICA EM ARGAMASSA TRAÇO 1:2:8, PREPARO MECÂNICO COM BETONEIRA 400 L, APLICADA MANUALMENTE NAS PAREDES INTERNAS DA SACADA, ESPESSURA DE 25 MM, SEM USO DE TELA METÁLICA DE REFORÇO CONTRA FISSURAÇÃO. AF_08/2022",revestimentos_forros,v_8bb45ffaa009f9e8,dummy_maioria,revestimentos_forros,False
sinapi_es,87829,"EMBOÇO OU MASSA ÚNICA EM ARGAMASSA TRAÇO 1:2:8, PREPARO MECÂNICO COM BETONEIRA 400 L, APLICADA MANUALMENTE NAS PAREDES INTERNAS DA SACADA, ESPESSURA DE 35 MM, SEM USO DE TELA METÁLICA DE REFORÇO CONTRA FISSURAÇÃO. AF_08/2022",revestimentos_forros,v_8bb45ffaa009f9e8,dummy_maioria,revestimentos_forros,False
sinapi_es,87838,REVESTIMENTO DECORATIVO MONOCAMADA EXECUTADO MANUALMENTE EM FACHADA DE UM EDIFÍCIO DE ESTRUTURA CONVENCIONAL E ACABAMENTO RASPADO. AF_03/2024,revestimentos_forros,v_260c495867574e3c,dummy_maioria,revestimentos_forros,False
sinapi_es,87839,REVESTIMENTO DECORATIVO MONOCAMADA EXECUTADO MANUALMENTE EM FACHADA DE UM EDIFÍCIO DE ALVENARIA ESTRUTURAL E ACABAMENTO RASPADO. AF_03/2024,revestimentos_forros,v_260c495867574e3c,dummy_maioria,revestimentos_forros,False
sinapi_es,87878,"CHAPISCO APLICADO EM ALVENARIAS E ESTRUTURAS DE CONCRETO INTERNAS, COM COLHER DE PEDREIRO. ARGAMASSA TRAÇO 1:3 COM PREPARO MANUAL. AF_10/2022",revestimentos_forros,v_fc4a651ffca3f5de,dummy_maioria,revestimentos_forros,False
sinapi_es,87893,"CHAPISCO APLICADO EM ALVENARIA (SEM PRESENÇA DE VÃOS) E ESTRUTURAS DE CONCRETO DE FACHADA, COM COLHER DE PEDREIRO. ARGAMASSA TRAÇO 1:3 COM PREPARO MANUAL. AF_10/2022",revestimentos_forros,v_fc4a651ffca3f5de,dummy_maioria,revestimentos_forros,False
sinapi_es,87904,"CHAPISCO APLICADO EM ALVENARIA (COM PRESENÇA DE VÃOS) E ESTRUTURAS DE CONCRETO DE FACHADA, COM COLHER DE PEDREIRO. ARGAMASSA TRAÇO 1:3 COM PREPARO MANUAL. AF_10/2022",revestimentos_forros,v_fc4a651ffca3f5de,dummy_maioria,revestimentos_forros,False
sinapi_es,88470,"CONTRAPISO COM ARGAMASSA AUTONIVELANTE, APLICADO SOBRE LAJE, NÃO ADERIDO, ESPESSURA 3CM. AF_07/2021",pisos,v_c63e00e738214a4f,dummy_maioria,revestimentos_forros,False
sinapi_es,88471,"CONTRAPISO COM ARGAMASSA AUTONIVELANTE, APLICADO SOBRE LAJE, NÃO ADERIDO, ESPESSURA 4CM. AF_07/2021",pisos,v_c63e00e738214a4f,dummy_maioria,revestimentos_forros,False
sinapi_es,88472,"CONTRAPISO COM ARGAMASSA AUTONIVELANTE, APLICADO SOBRE LAJE, NÃO ADERIDO, ESPESSURA 5CM. AF_07/2021",pisos,v_c63e00e738214a4f,dummy_maioria,revestimentos_forros,False
sinapi_es,88494,"EMASSAMENTO COM MASSA LÁTEX, APLICAÇÃO EM TETO, UMA DEMÃO, LIXAMENTO MANUAL. AF_04/2023",pintura,v_b60ac7b7366d771c,dummy_maioria,revestimentos_forros,False
sinapi_es,88495,"EMASSAMENTO COM MASSA LÁTEX, APLICAÇÃO EM PAREDE, UMA DEMÃO, LIXAMENTO MANUAL. AF_04/2023",pintura,v_b60ac7b7366d771c,dummy_maioria,revestimentos_forros,False
sinapi_es,88496,"EMASSAMENTO COM MASSA LÁTEX, APLICAÇÃO EM TETO, DUAS DEMÃOS, LIXAMENTO MANUAL. AF_04/2023",pintura,v_b60ac7b7366d771c,dummy_maioria,revestimentos_forros,False
sinapi_es,88497,"EMASSAMENTO COM MASSA LÁTEX, APLICAÇÃO EM PAREDE, DUAS DEMÃOS, LIXAMENTO MANUAL. AF_04/2023",pintura,v_b60ac7b7366d771c,dummy_maioria,revestimentos_forros,False
sinapi_es,90406,"MASSA ÚNICA, EM ARGAMASSA TRAÇO 1:2:8, PREPARO MECÂNICO, APLICADA MANUALMENTE EM TETO, E = 17,5MM, COM TALISCAS. AF_03/2024",revestimentos_forros,v_8bb45ffaa009f9e8,dummy_maioria,revestimentos_forros,False
sinapi_es,90408,"MASSA ÚNICA, EM ARGAMASSA TRAÇO 1:2:8, PREPARO MECÂNICO, APLICADA MANUALMENTE EM TETO, E = 10MM, COM TALISCAS. AF_03/2024",revestimentos_forros,v_8bb45ffaa009f9e8,dummy_maioria,revestimentos_forros,False
sinapi_es,91515,"ESTUCAMENTO DE DENSIDADE BAIXA DE PANOS DE FACHADA DO SISTEMA DE PAREDES DE CONCRETO EM EDIFICAÇÕES DE MÚLTIPLOS PAVIMENTOS, PAVIMENTOS SUPERIORES, UTILIZAÇÃO DE ARGAMASSA COLANTE. AF_12/2024",revestimentos_forros,v_81765fda21aa5994,dummy_maioria,revestimentos_forros,False
sinapi_es,91519,"ESTUCAMENTO DE DENSIDADE BAIXA DE PANOS DE FACHADA DO SISTEMA DE PAREDES DE CONCRETO EM UNIDADES HABITACIONAIS DE PAVIMENTO ÚNICO, UTILIZAÇÃO DE ARGAMASSA COLANTE. AF_12/2024",revestimentos_forros,v_81765fda21aa5994,dummy_maioria,revestimentos_forros,False
sinapi_es,96110,"FORRO EM DRYWALL PARA AMBIENTES RESIDENCIAIS, INCLUSIVE ESTRUTURA UNIDIRECIONAL DE FIXAÇÃO. AF_08/2023_PS",revestimentos_forros,v_2d4c2a6b833d977f,dummy_maioria,revestimentos_forros,False
sinapi_es,96114,"FORRO EM DRYWALL, PARA AMBIENTES COMERCIAIS, INCLUSIVE ESTRUTURA BIRECIONAL DE FIXAÇÃO. AF_08/2023_PS",revestimentos_forros,v_2d4c2a6b833d977f,dummy_maioria,revestimentos_forros,False
sinapi_es,98679,"PISO CIMENTADO, TRAÇO 1:5 (CIMENTO E AREIA), ACABAMENTO LISO, ESPESSURA 2,0 CM, PREPARO MECÂNICO DA ARGAMASSA. AF_02/2026",pisos,v_8ef16f32e3aa1ae0,dummy_maioria,revestimentos_forros,False
sinapi_es,98680,"PISO CIMENTADO, TRAÇO 1:5 (CIMENTO E AREIA), ACABAMENTO LISO, ESPESSURA 3,0 CM, PREPARO MECÂNICO DA ARGAMASSA. AF_02/2026",pisos,v_8ef16f32e3aa1ae0,dummy_maioria,revestimentos_forros,False
sinapi_es,98681,"PISO CIMENTADO, TRAÇO 1:5 (CIMENTO E AREIA), ACABAMENTO RUGOSO, ESPESSURA 2,0 CM, PREPARO MECÂNICO DA ARGAMASSA. AF_02/2026",pisos,v_8ef16f32e3aa1ae0,dummy_maioria,revestimentos_forros,False
sinapi_es,98682,"PISO CIMENTADO, TRAÇO 1:5 (CIMENTO E AREIA), ACABAMENTO RUGOSO, ESPESSURA 3,0 CM, PREPARO MECÂNICO DA ARGAMASSA. AF_02/2026",pisos,v_8ef16f32e3aa1ae0,dummy_maioria,revestimentos_forros,False
sinapi_es,99054,"ACABAMENTOS PARA FORRO (SANCA DE GESSO, MONTADA NA OBRA). AF_08/2023_PS",revestimentos_forros,v_081f4cd3cef51749,dummy_maioria,revestimentos_forros,False
