fonte,nicho_id,nicho,n,n_servicos,n_meses,modelos,competencia_inicio,competencia_fim,mape,mdape,p90,q1_ape,q3_ape,mape_persistencia,mdape_persistencia,p90_persistencia,ganho_mape_pct,dentro_5_pct,dentro_5_pct_persistencia,vies_pct,vies_pct_persistencia
der_es,alvenaria_vedacoes,Alvenaria e vedações,33,11,3,"linear_multipla, linear_simples",2026-03,2026-05,2.071754405752921,0.8578717739207838,2.518402113507343,0.4034125080584088,1.7040677034467548,1.8599124657328125,0.042188159189988944,3.206585839497223,-11.389887638429363,90.9090909090909,90.9090909090909,-1.4001661183506564,-1.8599124657328125
der_es,apoio_producao,Apoio e produção,396,157,3,"linear_multipla, linear_simples",2026-03,2026-05,1097.9507699093967,3.1315572189380223,222.51153204262405,0.6699389200793384,32.53394328767318,1066.0831051219648,0.0,95.36326677161043,-2.9892289479426815,54.54545454545454,70.45454545454545,1084.7184616796794,1052.91134835227
der_es,climatizacao,Climatização e ventilação,81,27,3,linear_simples,2026-03,2026-05,4.080274937930919,1.7804428838703568,13.060838307694931,0.5119850998196072,5.053827310955742,3.5079263573595667,0.4053369363283263,12.423108630858016,-16.3158664768026,74.07407407407408,72.8395061728395,-1.144937768718358,-1.0311826217991613
der_es,coberturas,Coberturas,66,22,3,"linear_multipla, linear_simples",2026-03,2026-05,3.581029401668032,0.9973009714236063,8.11182553576443,0.7538484991653619,3.483813956935093,3.2109334674383634,0.0639673930451365,7.926816898558736,-11.52611656338448,80.3030303030303,78.78787878787878,0.9931718130514671,0.09635408293931863
der_es,eletricas,Instalações elétricas e comunicação,1174,392,3,"linear_multipla, linear_simples",2026-03,2026-05,4.2666797586693175,1.8102751093328466,11.123271554625708,0.683835033473321,5.242608282359743,3.444992314498536,1.1919681566348101,9.300704813044238,-23.85164810709857,74.02044293015332,78.96081771720614,-1.234781132526985,-1.228730767403323
der_es,esquadrias_vidros,Esquadrias e vidros,180,60,3,"linear_multipla, linear_simples",2026-03,2026-05,3.1763427455147646,1.3586474193810223,9.534721921967673,0.6033276661129785,4.006447977122392,2.7264482490003754,0.8538282640784085,10.212709002553332,-16.501119970985638,80.0,81.11111111111111,-1.1322596183587004,-1.4301515870125747
der_es,estruturas,Estruturas,69,23,3,"linear_multipla, linear_simples",2026-03,2026-05,1.4056646896672966,0.7661510037474604,2.888040750104655,0.5131922875989737,1.8209353236179688,1.0423321295632577,0.010188487009684274,3.1274806476947767,-34.85765715159112,94.20289855072464,94.20289855072464,-0.47641386904217187,-0.7835287728925341
der_es,fundacoes,Fundações,48,16,3,"linear_multipla, linear_simples",2026-03,2026-05,1.4560462661700833,0.917851707078249,2.9675595920936653,0.6559700508857256,2.2099734137190845,1.2019078668836212,0.15603330547618993,2.9976052792346457,-21.14458240009755,100.0,100.0,-0.3152070108865857,-0.7698274338081775
der_es,gas_incendio,Gás e combate a incêndio,179,62,3,linear_simples,2026-03,2026-05,2.940633344540198,1.1866906650565698,8.126630277968319,0.32468077287642527,3.1176244693835975,2.470925334781344,0.5426252298309376,7.575548922257317,-19.009397133419235,83.79888268156425,86.03351955307262,-0.45609840240924066,-0.48741475445588917
der_es,hidrossanitarias,Instalações hidráulicas e sanitárias,675,225,3,"linear_multipla, linear_simples",2026-03,2026-05,2.722941125107274,0.9543999137383349,7.4975326799343955,0.4336829098797494,3.464950341128856,2.4206836096026443,0.8564676336972059,6.577467267164838,-12.486452765061903,83.7037037037037,85.92592592592592,-0.6649010723137005,-1.2658612500115958
der_es,impermeabilizacao,Impermeabilização,12,4,3,linear_simples,2026-03,2026-05,3.076328490748987,2.8266134262022655,2.998360374923922,2.577783660124976,2.9839383779104445,1.9613042482822431,0.04950495049504669,4.955028685208031,-56.85116133528536,91.66666666666666,83.33333333333334,0.8766157392670051,-1.9613042482822431
der_es,outros_complementares,Outros serviços complementares,35,12,3,"linear_multipla, linear_simples",2026-03,2026-05,4.365428712906661,2.3286765256233006,7.444980211683273,1.010927067065908,3.4702494902555756,3.033873223663048,0.2617063252405708,6.643353416218163,-43.88962198083925,88.57142857142857,88.57142857142857,-3.9229410261895143,-2.7352280666268625
der_es,pintura,Pintura,81,27,3,linear_simples,2026-03,2026-05,2.743724039225083,2.0163709987454816,5.685807346289013,0.8967263404925541,4.222605482370359,2.5068109648545476,2.5688073394495516,5.517959396147852,-9.450775415141118,81.48148148148148,79.01234567901234,0.10886159086987905,-0.6850750661237224
der_es,pisos,Pisos e acabamentos de borda,105,35,3,"linear_multipla, linear_simples",2026-03,2026-05,2.283537209563877,1.0796412798330246,5.2978788916348885,0.5490458997269904,3.391479333156434,1.8602129840226849,0.09265387160821627,5.081646441486644,-22.756761143864246,86.66666666666667,88.57142857142857,-0.7348509247619305,-1.4988574809053656
der_es,preliminares,Serviços preliminares,282,96,3,"linear_multipla, linear_simples",2026-03,2026-05,4.407946366048468,2.5995801852473837,8.508239032137933,1.7004632092460534,4.775266016790312,2.1540042888069832,0.0,6.589994020330883,-104.63962810816189,78.72340425531915,77.6595744680851,0.35750491715681726,-1.186502819044664
der_es,revestimentos_forros,Revestimentos e forros,45,15,3,"linear_multipla, linear_simples",2026-03,2026-05,2.2364687922073796,0.8130817508601851,5.105491238274721,0.5848791553606237,3.766987364526493,1.8726302448276133,0.6383684297794812,5.442915796814953,-19.42927859809611,86.66666666666667,84.44444444444444,-0.15493629900522185,-1.0585324621596965
der_es,terra_contencao,Terra e contenções,51,17,3,linear_simples,2026-03,2026-05,1.8798453691288615,0.8963955993369388,4.768779963439765,0.6355644411069213,2.5061233760346777,1.7029120860572913,1.0443989764355788,5.263157894736851,-10.390042123737537,92.15686274509804,86.27450980392157,-0.7617760362398107,-1.0802778666025936
der_es,urbanizacao_infraestrutura,Urbanização e infraestrutura externa,130,44,3,"linear_multipla, linear_simples",2026-03,2026-05,2.3753109300515236,1.239289170022205,6.031123039087427,0.6597082313788304,2.6847337115427647,1.2957968811616303,0.28088798530411363,4.152602068204376,-83.3088939002656,83.84615384615385,91.53846153846153,0.4086812921305126,-0.8184177446627665
sinapi_es,alvenaria_vedacoes,Alvenaria e vedações,363,121,3,"linear_multipla, linear_simples",2026-03,2026-05,1.2939713904473222,1.1823080739217948,2.1528775968968996,0.8941445948501653,1.5506653079454098,1.1944241806377278,1.1941848390446543,2.32188443156722,-8.334326399557995,99.17355371900827,99.17355371900827,0.10415034407948144,-0.6672236860954265
sinapi_es,apoio_producao,Apoio e produção,6199,2291,3,"linear_multipla, linear_simples",2026-03,2026-05,17.281814227027244,1.3670832607525585,14.638218808423057,0.4830441992163649,5.54652144388089,1.559377035319726,0.14326647564469608,5.124352323443645,-1008.2511692551556,72.57622197128569,89.69188578803032,14.177056837578677,-1.0109250686227593
sinapi_es,climatizacao,Climatização e ventilação,125,50,3,"linear_multipla, linear_simples",2026-03,2026-05,2.817715875656369,1.9111255839378627,5.600865746520568,1.081691535441128,2.7761956626072344,1.3633955264036905,0.15507310589277865,4.884824164921579,-106.66899818050787,88.0,89.60000000000001,1.5518036790607512,-0.2865964112349284
sinapi_es,coberturas,Coberturas,450,150,3,"linear_multipla, linear_simples",2026-03,2026-05,1.180306642941242,0.8156545712372834,2.2449415197986364,0.3673334014670915,1.5636208737783284,1.3269392996226053,1.3879169057276237,2.7581559061030614,11.050441924741165,98.0,99.55555555555556,0.04258291991658843,-1.1115199287018083
sinapi_es,eletricas,Instalações elétricas e comunicação,1479,521,3,"linear_multipla, linear_simples",2026-03,2026-05,1.5721261621730926,1.1203006476343633,3.1169977055169125,0.726731419782156,1.7988003282057992,0.9655618667267242,0.16688918558077673,3.4527072798291774,-62.81982712331367,95.74036511156187,96.88979039891818,0.25207100152943623,-0.7049768611365866
sinapi_es,esquadrias_vidros,Esquadrias e vidros,415,185,3,"linear_multipla, linear_simples",2026-03,2026-05,2.783783837134477,2.0627078351511603,5.6164167843807205,1.3033605643553596,4.224776204347389,1.800811804228658,0.6337009582353996,5.3205765944107135,-54.58493944773176,84.09638554216868,89.39759036144578,1.4093729883396757,-0.4181789240557887
sinapi_es,estruturas,Estruturas,1244,428,3,"linear_multipla, linear_simples",2026-03,2026-05,2.639446614863395,0.9164227945324246,7.583254808909401,0.30598991763843886,2.291259508961032,2.5013168632654748,1.09263010761333,6.486893971908077,-5.522281228200388,86.65594855305466,88.42443729903538,0.15612310350116215,0.5477292935267054
sinapi_es,fundacoes,Fundações,322,116,3,"linear_multipla, linear_simples",2026-03,2026-05,2.9960665447055037,0.981670815655443,7.852659186335257,0.4155796528068611,2.3950568745375684,1.5957794405171577,0.20714730308013618,5.284395670482705,-87.7494137745341,86.95652173913044,89.75155279503106,1.8922991626729089,0.8391796958750884
sinapi_es,gas_incendio,Gás e combate a incêndio,688,336,3,"linear_multipla, linear_simples",2026-03,2026-05,1.018095402482289,0.450511244925071,2.2126186356800064,0.22785700791325514,1.044285681558862,0.37541582904837795,0.006520522607780752,0.19365369498209364,-171.19138930902463,95.78488372093024,95.63953488372093,-0.37759091823887947,-0.10852642077566427
sinapi_es,hidrossanitarias,Instalações hidráulicas e sanitárias,3940,1404,3,"linear_multipla, linear_simples",2026-03,2026-05,2.3731869013356293,1.3848603841487885,4.730002926021991,0.8157124445625515,2.8307074810283486,1.009091360225102,0.010092344982054774,3.2613766988978243,-135.1805787739807,91.01522842639595,96.8274111675127,1.9944744604672242,0.46213433218352357
sinapi_es,impermeabilizacao,Impermeabilização,65,23,3,linear_multipla,2026-03,2026-05,3.3181315021955307,2.3562930724471047,7.500523128209723,1.4825033069810678,4.047871912648117,2.0018904262672517,1.348722604072113,4.437778620820946,-65.74990612161314,83.07692307692308,92.3076923076923,-3.08144125076213,-1.8451413758199238
sinapi_es,pintura,Pintura,402,134,3,linear_multipla,2026-03,2026-05,1.3473473047790971,1.3611735243476306,2.1270205417280694,0.6457479975898068,1.7664227028541912,0.40243579991636846,0.26464326116405124,0.9237562335765662,-234.79807339682353,99.25373134328358,100.0,1.1091665635707062,-0.1516702511241926
sinapi_es,pisos,Pisos e acabamentos de borda,226,102,3,"linear_multipla, linear_simples",2026-03,2026-05,1.1955843027616835,0.8241102110054521,1.9013791210936426,0.31600117764362323,1.2009043363313991,0.9688222236842808,0.8576025580192468,2.003835383814624,-23.405953490111074,97.78761061946902,100.0,0.04816906112431629,-0.6686240009859291
sinapi_es,preliminares,Serviços preliminares,471,160,3,"linear_multipla, linear_simples",2026-03,2026-05,2.3875814553567047,1.2798373311139506,4.301251788112631,0.772761224504556,2.253070394733845,0.6560530698100565,0.020240866309074002,2.4457648196766755,-263.9311460043878,93.63057324840764,98.93842887473461,0.41151388371743886,-0.4954005646895312
sinapi_es,revestimentos_forros,Revestimentos e forros,942,314,3,"linear_multipla, linear_simples",2026-03,2026-05,1.275856261845718,0.9724633315211508,2.6929819241375426,0.39796371335286895,1.543620044842998,1.177988715245372,0.5931408843284516,2.8069625571432018,-8.308020724965983,94.79830148619958,99.4692144373673,-0.694672240423742,-0.7059284074442513
sinapi_es,terra_contencao,Terra e contenções,931,367,3,"linear_multipla, linear_simples",2026-03,2026-05,1.6762136551710318,1.1243287395327997,4.4575900999054285,0.25248649670682755,2.4249606197531923,1.4074676513901438,0.6071660586677344,4.036253776435049,-19.09429346496524,98.17400644468314,98.71106337271752,-0.9559318689471213,-0.8141021860017499
sinapi_es,urbanizacao_infraestrutura,Urbanização e infraestrutura externa,3628,1253,3,"linear_multipla, linear_simples",2026-03,2026-05,2.1060960353852662,1.1248926582519405,3.3757306544209276,0.4451913907465843,2.147007212552719,1.0889571544210737,0.5706132068868661,2.5067456491044866,-93.4048577425379,93.77067254685777,97.57442116868799,0.32109470959422226,-0.4933358678474568
