algoritmo,candidato,parametros,fold,f1_macro,acuracia_balanceada,n_treino,n_validacao
random_forest,0,"{""bootstrap"": true, ""ccp_alpha"": 0.0, ""class_weight"": null, ""criterion"": ""gini"", ""max_depth"": null, ""max_features"": ""sqrt"", ""max_leaf_nodes"": null, ""max_samples"": null, ""min_impurity_decrease"": 0.0, ""min_samples_leaf"": 1, ""min_samples_split"": 2, ""min_weight_fraction_leaf"": 0.0, ""monotonic_cst"": null, ""n_estimators"": 200, ""n_jobs"": 1, ""oob_score"": false, ""random_state"": 42, ""verbose"": 0, ""warm_start"": false}",0,0.6455026455026455,0.6547619047619048,37,19
random_forest,0,"{""bootstrap"": true, ""ccp_alpha"": 0.0, ""class_weight"": null, ""criterion"": ""gini"", ""max_depth"": null, ""max_features"": ""sqrt"", ""max_leaf_nodes"": null, ""max_samples"": null, ""min_impurity_decrease"": 0.0, ""min_samples_leaf"": 1, ""min_samples_split"": 2, ""min_weight_fraction_leaf"": 0.0, ""monotonic_cst"": null, ""n_estimators"": 200, ""n_jobs"": 1, ""oob_score"": false, ""random_state"": 42, ""verbose"": 0, ""warm_start"": false}",1,0.4351851851851852,0.43452380952380953,37,19
random_forest,0,"{""bootstrap"": true, ""ccp_alpha"": 0.0, ""class_weight"": null, ""criterion"": ""gini"", ""max_depth"": null, ""max_features"": ""sqrt"", ""max_leaf_nodes"": null, ""max_samples"": null, ""min_impurity_decrease"": 0.0, ""min_samples_leaf"": 1, ""min_samples_split"": 2, ""min_weight_fraction_leaf"": 0.0, ""monotonic_cst"": null, ""n_estimators"": 200, ""n_jobs"": 1, ""oob_score"": false, ""random_state"": 42, ""verbose"": 0, ""warm_start"": false}",2,0.43333333333333335,0.4166666666666667,38,18
random_forest,1,"{""bootstrap"": true, ""ccp_alpha"": 0.0, ""class_weight"": null, ""criterion"": ""gini"", ""max_depth"": null, ""max_features"": ""sqrt"", ""max_leaf_nodes"": null, ""max_samples"": null, ""min_impurity_decrease"": 0.0, ""min_samples_leaf"": 2, ""min_samples_split"": 2, ""min_weight_fraction_leaf"": 0.0, ""monotonic_cst"": null, ""n_estimators"": 200, ""n_jobs"": 1, ""oob_score"": false, ""random_state"": 42, ""verbose"": 0, ""warm_start"": false}",0,0.6455026455026455,0.6547619047619048,37,19
random_forest,1,"{""bootstrap"": true, ""ccp_alpha"": 0.0, ""class_weight"": null, ""criterion"": ""gini"", ""max_depth"": null, ""max_features"": ""sqrt"", ""max_leaf_nodes"": null, ""max_samples"": null, ""min_impurity_decrease"": 0.0, ""min_samples_leaf"": 2, ""min_samples_split"": 2, ""min_weight_fraction_leaf"": 0.0, ""monotonic_cst"": null, ""n_estimators"": 200, ""n_jobs"": 1, ""oob_score"": false, ""random_state"": 42, ""verbose"": 0, ""warm_start"": false}",1,0.5666666666666667,0.5654761904761905,37,19
random_forest,1,"{""bootstrap"": true, ""ccp_alpha"": 0.0, ""class_weight"": null, ""criterion"": ""gini"", ""max_depth"": null, ""max_features"": ""sqrt"", ""max_leaf_nodes"": null, ""max_samples"": null, ""min_impurity_decrease"": 0.0, ""min_samples_leaf"": 2, ""min_samples_split"": 2, ""min_weight_fraction_leaf"": 0.0, ""monotonic_cst"": null, ""n_estimators"": 200, ""n_jobs"": 1, ""oob_score"": false, ""random_state"": 42, ""verbose"": 0, ""warm_start"": false}",2,0.5591036414565825,0.5555555555555555,38,18
random_forest,2,"{""bootstrap"": true, ""ccp_alpha"": 0.0, ""class_weight"": null, ""criterion"": ""gini"", ""max_depth"": null, ""max_features"": ""sqrt"", ""max_leaf_nodes"": null, ""max_samples"": null, ""min_impurity_decrease"": 0.0, ""min_samples_leaf"": 4, ""min_samples_split"": 2, ""min_weight_fraction_leaf"": 0.0, ""monotonic_cst"": null, ""n_estimators"": 200, ""n_jobs"": 1, ""oob_score"": false, ""random_state"": 42, ""verbose"": 0, ""warm_start"": false}",0,0.6455026455026455,0.6547619047619048,37,19
random_forest,2,"{""bootstrap"": true, ""ccp_alpha"": 0.0, ""class_weight"": null, ""criterion"": ""gini"", ""max_depth"": null, ""max_features"": ""sqrt"", ""max_leaf_nodes"": null, ""max_samples"": null, ""min_impurity_decrease"": 0.0, ""min_samples_leaf"": 4, ""min_samples_split"": 2, ""min_weight_fraction_leaf"": 0.0, ""monotonic_cst"": null, ""n_estimators"": 200, ""n_jobs"": 1, ""oob_score"": false, ""random_state"": 42, ""verbose"": 0, ""warm_start"": false}",1,0.6075036075036074,0.6071428571428571,37,19
random_forest,2,"{""bootstrap"": true, ""ccp_alpha"": 0.0, ""class_weight"": null, ""criterion"": ""gini"", ""max_depth"": null, ""max_features"": ""sqrt"", ""max_leaf_nodes"": null, ""max_samples"": null, ""min_impurity_decrease"": 0.0, ""min_samples_leaf"": 4, ""min_samples_split"": 2, ""min_weight_fraction_leaf"": 0.0, ""monotonic_cst"": null, ""n_estimators"": 200, ""n_jobs"": 1, ""oob_score"": false, ""random_state"": 42, ""verbose"": 0, ""warm_start"": false}",2,0.41307189542483663,0.47222222222222215,38,18
arvore_decisao,0,"{""ccp_alpha"": 0.0, ""class_weight"": null, ""criterion"": ""gini"", ""max_depth"": 3, ""max_features"": null, ""max_leaf_nodes"": null, ""min_impurity_decrease"": 0.0, ""min_samples_leaf"": 2, ""min_samples_split"": 2, ""min_weight_fraction_leaf"": 0.0, ""monotonic_cst"": null, ""random_state"": 42, ""splitter"": ""best""}",0,0.6962962962962963,0.7023809523809524,37,19
arvore_decisao,0,"{""ccp_alpha"": 0.0, ""class_weight"": null, ""criterion"": ""gini"", ""max_depth"": 3, ""max_features"": null, ""max_leaf_nodes"": null, ""min_impurity_decrease"": 0.0, ""min_samples_leaf"": 2, ""min_samples_split"": 2, ""min_weight_fraction_leaf"": 0.0, ""monotonic_cst"": null, ""random_state"": 42, ""splitter"": ""best""}",1,0.45162907268170427,0.44642857142857145,37,19
arvore_decisao,0,"{""ccp_alpha"": 0.0, ""class_weight"": null, ""criterion"": ""gini"", ""max_depth"": 3, ""max_features"": null, ""max_leaf_nodes"": null, ""min_impurity_decrease"": 0.0, ""min_samples_leaf"": 2, ""min_samples_split"": 2, ""min_weight_fraction_leaf"": 0.0, ""monotonic_cst"": null, ""random_state"": 42, ""splitter"": ""best""}",2,0.6496544391281233,0.625,38,18
arvore_decisao,1,"{""ccp_alpha"": 0.0, ""class_weight"": null, ""criterion"": ""gini"", ""max_depth"": 5, ""max_features"": null, ""max_leaf_nodes"": null, ""min_impurity_decrease"": 0.0, ""min_samples_leaf"": 2, ""min_samples_split"": 2, ""min_weight_fraction_leaf"": 0.0, ""monotonic_cst"": null, ""random_state"": 42, ""splitter"": ""best""}",0,0.7387254901960785,0.75,37,19
arvore_decisao,1,"{""ccp_alpha"": 0.0, ""class_weight"": null, ""criterion"": ""gini"", ""max_depth"": 5, ""max_features"": null, ""max_leaf_nodes"": null, ""min_impurity_decrease"": 0.0, ""min_samples_leaf"": 2, ""min_samples_split"": 2, ""min_weight_fraction_leaf"": 0.0, ""monotonic_cst"": null, ""random_state"": 42, ""splitter"": ""best""}",1,0.6230769230769231,0.6130952380952381,37,19
arvore_decisao,1,"{""ccp_alpha"": 0.0, ""class_weight"": null, ""criterion"": ""gini"", ""max_depth"": 5, ""max_features"": null, ""max_leaf_nodes"": null, ""min_impurity_decrease"": 0.0, ""min_samples_leaf"": 2, ""min_samples_split"": 2, ""min_weight_fraction_leaf"": 0.0, ""monotonic_cst"": null, ""random_state"": 42, ""splitter"": ""best""}",2,0.5333333333333333,0.5,38,18
arvore_decisao,2,"{""ccp_alpha"": 0.0, ""class_weight"": null, ""criterion"": ""gini"", ""max_depth"": null, ""max_features"": null, ""max_leaf_nodes"": null, ""min_impurity_decrease"": 0.0, ""min_samples_leaf"": 2, ""min_samples_split"": 2, ""min_weight_fraction_leaf"": 0.0, ""monotonic_cst"": null, ""random_state"": 42, ""splitter"": ""best""}",0,0.7387254901960785,0.75,37,19
arvore_decisao,2,"{""ccp_alpha"": 0.0, ""class_weight"": null, ""criterion"": ""gini"", ""max_depth"": null, ""max_features"": null, ""max_leaf_nodes"": null, ""min_impurity_decrease"": 0.0, ""min_samples_leaf"": 2, ""min_samples_split"": 2, ""min_weight_fraction_leaf"": 0.0, ""monotonic_cst"": null, ""random_state"": 42, ""splitter"": ""best""}",1,0.6230769230769231,0.6130952380952381,37,19
arvore_decisao,2,"{""ccp_alpha"": 0.0, ""class_weight"": null, ""criterion"": ""gini"", ""max_depth"": null, ""max_features"": null, ""max_leaf_nodes"": null, ""min_impurity_decrease"": 0.0, ""min_samples_leaf"": 2, ""min_samples_split"": 2, ""min_weight_fraction_leaf"": 0.0, ""monotonic_cst"": null, ""random_state"": 42, ""splitter"": ""best""}",2,0.5333333333333333,0.5,38,18
knn,0,"{""algorithm"": ""auto"", ""leaf_size"": 30, ""metric"": ""minkowski"", ""metric_params"": null, ""n_jobs"": null, ""n_neighbors"": 3, ""p"": 2, ""weights"": ""distance""}",0,0.6851851851851851,0.6904761904761904,37,19
knn,0,"{""algorithm"": ""auto"", ""leaf_size"": 30, ""metric"": ""minkowski"", ""metric_params"": null, ""n_jobs"": null, ""n_neighbors"": 3, ""p"": 2, ""weights"": ""distance""}",1,0.38298738298738294,0.38690476190476186,37,19
knn,0,"{""algorithm"": ""auto"", ""leaf_size"": 30, ""metric"": ""minkowski"", ""metric_params"": null, ""n_jobs"": null, ""n_neighbors"": 3, ""p"": 2, ""weights"": ""distance""}",2,0.33781512605042013,0.3055555555555555,38,18
knn,1,"{""algorithm"": ""auto"", ""leaf_size"": 30, ""metric"": ""minkowski"", ""metric_params"": null, ""n_jobs"": null, ""n_neighbors"": 5, ""p"": 2, ""weights"": ""distance""}",0,0.5981620718462822,0.6071428571428571,37,19
knn,1,"{""algorithm"": ""auto"", ""leaf_size"": 30, ""metric"": ""minkowski"", ""metric_params"": null, ""n_jobs"": null, ""n_neighbors"": 5, ""p"": 2, ""weights"": ""distance""}",1,0.48179271708683463,0.48214285714285715,37,19
knn,1,"{""algorithm"": ""auto"", ""leaf_size"": 30, ""metric"": ""minkowski"", ""metric_params"": null, ""n_jobs"": null, ""n_neighbors"": 5, ""p"": 2, ""weights"": ""distance""}",2,0.4246498599439776,0.40277777777777773,38,18
knn,2,"{""algorithm"": ""auto"", ""leaf_size"": 30, ""metric"": ""minkowski"", ""metric_params"": null, ""n_jobs"": null, ""n_neighbors"": 7, ""p"": 2, ""weights"": ""distance""}",0,0.5437229437229437,0.5595238095238095,37,19
knn,2,"{""algorithm"": ""auto"", ""leaf_size"": 30, ""metric"": ""minkowski"", ""metric_params"": null, ""n_jobs"": null, ""n_neighbors"": 7, ""p"": 2, ""weights"": ""distance""}",1,0.570995670995671,0.5654761904761905,37,19
knn,2,"{""algorithm"": ""auto"", ""leaf_size"": 30, ""metric"": ""minkowski"", ""metric_params"": null, ""n_jobs"": null, ""n_neighbors"": 7, ""p"": 2, ""weights"": ""distance""}",2,0.4246498599439776,0.40277777777777773,38,18
