codigo,no_catalogo_maio,n_previsoes_regressao,na_regressao_teste
110101,True,0,False
110201,True,0,False
110210,True,0,False
110301,True,0,False
110302,True,0,False
110401,True,0,False
120101,True,0,False
120201,True,3,True
120221,True,3,True
120224,True,3,True
120232,True,3,True
120241,True,3,True
120301,True,3,True
120302,True,3,True
120303,True,3,True
120304,True,3,True
120308,True,3,True
130103,True,3,True
130104,True,3,True
130109,True,3,True
130110,True,3,True
130111,True,3,True
130112,True,3,True
130113,True,3,True
130202,True,3,True
130205,True,3,True
130209,True,3,True
130210,True,3,True
130211,True,3,True
130222,True,3,True
130223,True,3,True
130225,True,3,True
130226,True,3,True
130228,True,3,True
130230,True,3,True
130231,True,3,True
130233,True,3,True
130234,True,3,True
130236,True,3,True
130237,True,3,True
130403,True,0,False
190101,True,3,True
190102,True,3,True
190103,True,3,True
190104,True,3,True
190105,True,3,True
190106,True,3,True
190107,True,3,True
190108,True,3,True
190114,True,3,True
190115,True,3,True
190116,True,3,True
190117,True,3,True
190121,True,3,True
190201,True,3,True
190202,True,3,True
190203,True,3,True
190204,True,3,True
190205,True,3,True
190211,True,3,True
190301,True,3,True
190302,True,3,True
190303,True,3,True
190306,True,3,True
190307,True,3,True
190417,True,0,False
190418,True,0,False
190602,True,3,True
190603,True,3,True
190605,True,3,True
