fonte,competencia,codigo_servico,codigo_recurso,categoria_nativa,categoria,descricao_recurso,unidade_recurso,coeficiente,preco_efetivo,uf_preco,custo_folha_sem_truncamento,horas_mao_obra,horas_equipamento,localizador
der_es,2026-05,110101,010139,Mão-de-obra,mao_obra,PEDREIRO (OFICIAL - SINDUSCON),H,0.1,27.86,ES,2.786,0.1,0.0,TABELA REFERENCIAL OBRAS - DER-ES - 2026-05 - MAI/XLS/tab_DER-EDIFICAÇÕES_2026_05_composicoes.xlsx!A11367
der_es,2026-05,110101,010146,Mão-de-obra,mao_obra,SERVENTE (AUXILIAR DE OBRAS - SINDUSCON),H,0.15,21.07,ES,3.1605,0.15,0.0,TABELA REFERENCIAL OBRAS - DER-ES - 2026-05 - MAI/XLS/tab_DER-EDIFICAÇÕES_2026_05_composicoes.xlsx!A11368 | TABELA REFERENCIAL OBRAS - DER-ES - 2026-05 - MAI/XLS/tab_DER-EDIFICAÇÕES_2026_05_composicoes.xlsx!A11382 > TABELA REFERENCIAL OBRAS - DER-ES - 2026-05 - MAI/XLS/tab_DER-EDIFICAÇÕES_2026_05_composicoes.xlsx!A43901
der_es,2026-05,110101,020503,Material,material,AREIA LAVADA MEDIA,M3,0.0061,154.0,ES,0.9394,0.0,0.0,TABELA REFERENCIAL OBRAS - DER-ES - 2026-05 - MAI/XLS/tab_DER-EDIFICAÇÕES_2026_05_composicoes.xlsx!A11382 > TABELA REFERENCIAL OBRAS - DER-ES - 2026-05 - MAI/XLS/tab_DER-EDIFICAÇÕES_2026_05_composicoes.xlsx!A43912
der_es,2026-05,110101,020508,Material,material,CIMENTO PORTLAND CP III - 40,KG,2.43,0.57,ES,1.3851,0.0,0.0,TABELA REFERENCIAL OBRAS - DER-ES - 2026-05 - MAI/XLS/tab_DER-EDIFICAÇÕES_2026_05_composicoes.xlsx!A11382 > TABELA REFERENCIAL OBRAS - DER-ES - 2026-05 - MAI/XLS/tab_DER-EDIFICAÇÕES_2026_05_composicoes.xlsx!A43913
der_es,2026-05,110201,034005,Material,material,"FORRO DE GESSO COLOCADO, ACABAMENTO TIPO LISO",M2,1.0,66.8,ES,66.8,0.0,0.0,TABELA REFERENCIAL OBRAS - DER-ES - 2026-05 - MAI/XLS/tab_DER-EDIFICAÇÕES_2026_05_composicoes.xlsx!A11410
der_es,2026-05,110210,010130,Mão-de-obra,mao_obra,MONTADOR (SINTRACONST),H,0.6,41.65,ES,24.99,0.6,0.0,TABELA REFERENCIAL OBRAS - DER-ES - 2026-05 - MAI/XLS/tab_DER-EDIFICAÇÕES_2026_05_composicoes.xlsx!A11431
der_es,2026-05,110210,010260,Mão-de-obra,mao_obra,AJUDANTE MONTADOR ELETROMECÂNICO - (AJUDANTE DE MONTAGEM SINTRACONST/SINDUSCON),H,0.3,21.61,ES,6.483,0.3,0.0,TABELA REFERENCIAL OBRAS - DER-ES - 2026-05 - MAI/XLS/tab_DER-EDIFICAÇÕES_2026_05_composicoes.xlsx!A11432
der_es,2026-05,110210,027002,Material,material,"ARAME GALVANIZADO N.10 BWG - 0,07142 KG/M",KG,0.037,16.62,ES,0.61494,0.0,0.0,TABELA REFERENCIAL OBRAS - DER-ES - 2026-05 - MAI/XLS/tab_DER-EDIFICAÇÕES_2026_05_composicoes.xlsx!A11443
der_es,2026-05,110210,029394,Material,material,"PERFIL CANALETA, FORMATO C, EM ACO ZINCADO, PARA ESTRUTURA FORRO DRYWALL, E = 0,5 MM, *46 X 18* (L X H) - 3 M",M,3.547,5.56,ES,19.72132,0.0,0.0,TABELA REFERENCIAL OBRAS - DER-ES - 2026-05 - MAI/XLS/tab_DER-EDIFICAÇÕES_2026_05_composicoes.xlsx!A11444
der_es,2026-05,110210,029395,Material,material,"PRESILHA REGULADORA, EM ACO GALVANIZADO, COM CORPO, MOLA E REBITE, PARA PERFIL TIPO CANALETA DE ESTRUTURA EM FORROS DRYWALL",UND,1.2267,3.58,ES,4.391586,0.0,0.0,TABELA REFERENCIAL OBRAS - DER-ES - 2026-05 - MAI/XLS/tab_DER-EDIFICAÇÕES_2026_05_composicoes.xlsx!A11445
der_es,2026-05,110210,034122,Material,material,"FORRO DE PVC FRISADO, BRANCO, REGUA DE 20 CM, ESP. 8 MM, COMPRIMENTO 6 M",M2,1.04,25.47,ES,26.4888,0.0,0.0,TABELA REFERENCIAL OBRAS - DER-ES - 2026-05 - MAI/XLS/tab_DER-EDIFICAÇÕES_2026_05_composicoes.xlsx!A11446
der_es,2026-05,110210,048658,Material,material,"PARAFUSO DRY WALL EM ACO ZINCADO, CABECA LENTILHA E PONTA BROCA (LB) 4,2 MM X 13 MM",UN,2.2134,0.15,ES,0.33201,0.0,0.0,TABELA REFERENCIAL OBRAS - DER-ES - 2026-05 - MAI/XLS/tab_DER-EDIFICAÇÕES_2026_05_composicoes.xlsx!A11447
der_es,2026-05,110210,049920,Material,material,"PARAFUSO, AUTOATARRAXANTE, CABECA CHATA, FENDA SIMPLES, EM ACO ZINCADO, 1/4"" (6,35 MM) X 25 MM",CENTO,0.0336,28.83,ES,0.968688,0.0,0.0,TABELA REFERENCIAL OBRAS - DER-ES - 2026-05 - MAI/XLS/tab_DER-EDIFICAÇÕES_2026_05_composicoes.xlsx!A11448
der_es,2026-05,110210,153074,Material,material,"PARAFUSO ZINCADO AUTOBROCANTE CABEÇA FLANGELADO 4,2 X 19MM",CENTO,0.0123,10.38,ES,0.127674,0.0,0.0,TABELA REFERENCIAL OBRAS - DER-ES - 2026-05 - MAI/XLS/tab_DER-EDIFICAÇÕES_2026_05_composicoes.xlsx!A11449
der_es,2026-05,110301,010139,Mão-de-obra,mao_obra,PEDREIRO (OFICIAL - SINDUSCON),H,0.7,27.86,ES,19.502,0.7,0.0,TABELA REFERENCIAL OBRAS - DER-ES - 2026-05 - MAI/XLS/tab_DER-EDIFICAÇÕES_2026_05_composicoes.xlsx!A11470
der_es,2026-05,110301,010146,Mão-de-obra,mao_obra,SERVENTE (AUXILIAR DE OBRAS - SINDUSCON),H,0.9,21.07,ES,18.963,0.9,0.0,TABELA REFERENCIAL OBRAS - DER-ES - 2026-05 - MAI/XLS/tab_DER-EDIFICAÇÕES_2026_05_composicoes.xlsx!A11471
der_es,2026-05,110301,020503,Material,material,AREIA LAVADA MEDIA,M3,0.0232,154.0,ES,3.5728,0.0,0.0,TABELA REFERENCIAL OBRAS - DER-ES - 2026-05 - MAI/XLS/tab_DER-EDIFICAÇÕES_2026_05_composicoes.xlsx!A11482
der_es,2026-05,110301,020505,Material,material,CAL HIDRATADO P/ ARGAMASSA CH III,KG,1.16,1.07,ES,1.2412,0.0,0.0,TABELA REFERENCIAL OBRAS - DER-ES - 2026-05 - MAI/XLS/tab_DER-EDIFICAÇÕES_2026_05_composicoes.xlsx!A11483
der_es,2026-05,110301,020508,Material,material,CIMENTO PORTLAND CP III - 40,KG,4.48,0.57,ES,2.5536,0.0,0.0,TABELA REFERENCIAL OBRAS - DER-ES - 2026-05 - MAI/XLS/tab_DER-EDIFICAÇÕES_2026_05_composicoes.xlsx!A11484
der_es,2026-05,110302,010139,Mão-de-obra,mao_obra,PEDREIRO (OFICIAL - SINDUSCON),H,1.4,27.86,ES,39.004,1.4,0.0,TABELA REFERENCIAL OBRAS - DER-ES - 2026-05 - MAI/XLS/tab_DER-EDIFICAÇÕES_2026_05_composicoes.xlsx!A11505
der_es,2026-05,110302,010146,Mão-de-obra,mao_obra,SERVENTE (AUXILIAR DE OBRAS - SINDUSCON),H,1.4625,21.07,ES,30.814875,1.4625,0.0,TABELA REFERENCIAL OBRAS - DER-ES - 2026-05 - MAI/XLS/tab_DER-EDIFICAÇÕES_2026_05_composicoes.xlsx!A11506
der_es,2026-05,110302,020503,Material,material,AREIA LAVADA MEDIA,M3,0.029,154.0,ES,4.466,0.0,0.0,TABELA REFERENCIAL OBRAS - DER-ES - 2026-05 - MAI/XLS/tab_DER-EDIFICAÇÕES_2026_05_composicoes.xlsx!A11517
der_es,2026-05,110302,020505,Material,material,CAL HIDRATADO P/ ARGAMASSA CH III,KG,1.45,1.07,ES,1.5515,0.0,0.0,TABELA REFERENCIAL OBRAS - DER-ES - 2026-05 - MAI/XLS/tab_DER-EDIFICAÇÕES_2026_05_composicoes.xlsx!A11518
der_es,2026-05,110302,020508,Material,material,CIMENTO PORTLAND CP III - 40,KG,5.6,0.57,ES,3.192,0.0,0.0,TABELA REFERENCIAL OBRAS - DER-ES - 2026-05 - MAI/XLS/tab_DER-EDIFICAÇÕES_2026_05_composicoes.xlsx!A11519
der_es,2026-05,110401,010101,Mão-de-obra,mao_obra,AJUDANTE (AJUDANTE PRATICO - SINDUSCON),H,2.6,23.48,ES,61.048,2.6,0.0,TABELA REFERENCIAL OBRAS - DER-ES - 2026-05 - MAI/XLS/tab_DER-EDIFICAÇÕES_2026_05_composicoes.xlsx!A11540
der_es,2026-05,110401,010111,Mão-de-obra,mao_obra,CARPINTEIRO (OFICIAL - SINDUSCON),H,2.6,27.86,ES,72.436,2.6,0.0,TABELA REFERENCIAL OBRAS - DER-ES - 2026-05 - MAI/XLS/tab_DER-EDIFICAÇÕES_2026_05_composicoes.xlsx!A11541
der_es,2026-05,110401,026563,Material,material,PREGO 12X12,KG,0.12,17.66,ES,2.1192,0.0,0.0,TABELA REFERENCIAL OBRAS - DER-ES - 2026-05 - MAI/XLS/tab_DER-EDIFICAÇÕES_2026_05_composicoes.xlsx!A11552
der_es,2026-05,120101,010139,Mão-de-obra,mao_obra,PEDREIRO (OFICIAL - SINDUSCON),H,0.1,27.86,ES,2.786,0.1,0.0,TABELA REFERENCIAL OBRAS - DER-ES - 2026-05 - MAI/XLS/tab_DER-EDIFICAÇÕES_2026_05_composicoes.xlsx!A11573
der_es,2026-05,120101,010146,Mão-de-obra,mao_obra,SERVENTE (AUXILIAR DE OBRAS - SINDUSCON),H,0.1,21.07,ES,2.107,0.1,0.0,TABELA REFERENCIAL OBRAS - DER-ES - 2026-05 - MAI/XLS/tab_DER-EDIFICAÇÕES_2026_05_composicoes.xlsx!A11574 | TABELA REFERENCIAL OBRAS - DER-ES - 2026-05 - MAI/XLS/tab_DER-EDIFICAÇÕES_2026_05_composicoes.xlsx!A11588 > TABELA REFERENCIAL OBRAS - DER-ES - 2026-05 - MAI/XLS/tab_DER-EDIFICAÇÕES_2026_05_composicoes.xlsx!A43901
der_es,2026-05,120101,020503,Material,material,AREIA LAVADA MEDIA,M3,0.0061,154.0,ES,0.9394,0.0,0.0,TABELA REFERENCIAL OBRAS - DER-ES - 2026-05 - MAI/XLS/tab_DER-EDIFICAÇÕES_2026_05_composicoes.xlsx!A11588 > TABELA REFERENCIAL OBRAS - DER-ES - 2026-05 - MAI/XLS/tab_DER-EDIFICAÇÕES_2026_05_composicoes.xlsx!A43912
der_es,2026-05,120101,020508,Material,material,CIMENTO PORTLAND CP III - 40,KG,2.43,0.57,ES,1.3851,0.0,0.0,TABELA REFERENCIAL OBRAS - DER-ES - 2026-05 - MAI/XLS/tab_DER-EDIFICAÇÕES_2026_05_composicoes.xlsx!A11588 > TABELA REFERENCIAL OBRAS - DER-ES - 2026-05 - MAI/XLS/tab_DER-EDIFICAÇÕES_2026_05_composicoes.xlsx!A43913
der_es,2026-05,120201,010106,Mão-de-obra,mao_obra,AZULEJISTA (OFICIAL - SINDUSCON),H,0.61,27.86,ES,16.9946,0.61,0.0,TABELA REFERENCIAL OBRAS - DER-ES - 2026-05 - MAI/XLS/tab_DER-EDIFICAÇÕES_2026_05_composicoes.xlsx!A11606
der_es,2026-05,120201,010146,Mão-de-obra,mao_obra,SERVENTE (AUXILIAR DE OBRAS - SINDUSCON),H,0.44,21.07,ES,9.2708,0.44,0.0,TABELA REFERENCIAL OBRAS - DER-ES - 2026-05 - MAI/XLS/tab_DER-EDIFICAÇÕES_2026_05_composicoes.xlsx!A11607
der_es,2026-05,120201,020509,Material,material,CIMENTO BRANCO NAO ESTRUTURAL,KG,0.25,4.84,ES,1.21,0.0,0.0,TABELA REFERENCIAL OBRAS - DER-ES - 2026-05 - MAI/XLS/tab_DER-EDIFICAÇÕES_2026_05_composicoes.xlsx!A11618
der_es,2026-05,120201,020510,Material,material,CIMENTO COLANTE INDUSTRIALIZADO AC I,KG,4.5,0.94,ES,4.23,0.0,0.0,TABELA REFERENCIAL OBRAS - DER-ES - 2026-05 - MAI/XLS/tab_DER-EDIFICAÇÕES_2026_05_composicoes.xlsx!A11619
der_es,2026-05,120201,032001,Material,material,AZULEJO BRANCO 15X15CM,M2,1.05,85.26,ES,89.523,0.0,0.0,TABELA REFERENCIAL OBRAS - DER-ES - 2026-05 - MAI/XLS/tab_DER-EDIFICAÇÕES_2026_05_composicoes.xlsx!A11620
der_es,2026-05,120221,010138,Mão-de-obra,mao_obra,PASTILHEIRO (OFICIAL - SINDUSCON),H,0.75,27.86,ES,20.895,0.75,0.0,TABELA REFERENCIAL OBRAS - DER-ES - 2026-05 - MAI/XLS/tab_DER-EDIFICAÇÕES_2026_05_composicoes.xlsx!A11780
der_es,2026-05,120221,010146,Mão-de-obra,mao_obra,SERVENTE (AUXILIAR DE OBRAS - SINDUSCON),H,0.75,21.07,ES,15.8025,0.75,0.0,TABELA REFERENCIAL OBRAS - DER-ES - 2026-05 - MAI/XLS/tab_DER-EDIFICAÇÕES_2026_05_composicoes.xlsx!A11781
der_es,2026-05,120221,020572,Material,material,ARGAMASSA FINA PRE FABRICADA P/ ASSENT E REJUNTE DE PASTILHAS,KG,6.0,3.7,ES,22.2,0.0,0.0,TABELA REFERENCIAL OBRAS - DER-ES - 2026-05 - MAI/XLS/tab_DER-EDIFICAÇÕES_2026_05_composicoes.xlsx!A11792
der_es,2026-05,120221,020588,Material,material,REJUNTE PRE-FABRICADA,KG,0.5,10.47,ES,5.235,0.0,0.0,TABELA REFERENCIAL OBRAS - DER-ES - 2026-05 - MAI/XLS/tab_DER-EDIFICAÇÕES_2026_05_composicoes.xlsx!A11793
der_es,2026-05,120221,032219,Material,material,PASTILHA CERÂMICA 5X5CM COR BRANCA,M2,1.1,163.42,ES,179.762,0.0,0.0,TABELA REFERENCIAL OBRAS - DER-ES - 2026-05 - MAI/XLS/tab_DER-EDIFICAÇÕES_2026_05_composicoes.xlsx!A11794
der_es,2026-05,120224,010106,Mão-de-obra,mao_obra,AZULEJISTA (OFICIAL - SINDUSCON),H,0.36,27.86,ES,10.0296,0.36,0.0,TABELA REFERENCIAL OBRAS - DER-ES - 2026-05 - MAI/XLS/tab_DER-EDIFICAÇÕES_2026_05_composicoes.xlsx!A11815
der_es,2026-05,120224,010146,Mão-de-obra,mao_obra,SERVENTE (AUXILIAR DE OBRAS - SINDUSCON),H,0.24,21.07,ES,5.0568,0.24,0.0,TABELA REFERENCIAL OBRAS - DER-ES - 2026-05 - MAI/XLS/tab_DER-EDIFICAÇÕES_2026_05_composicoes.xlsx!A11816
der_es,2026-05,120224,020510,Material,material,CIMENTO COLANTE INDUSTRIALIZADO AC I,KG,4.5,0.94,ES,4.23,0.0,0.0,TABELA REFERENCIAL OBRAS - DER-ES - 2026-05 - MAI/XLS/tab_DER-EDIFICAÇÕES_2026_05_composicoes.xlsx!A11827
der_es,2026-05,120232,010106,Mão-de-obra,mao_obra,AZULEJISTA (OFICIAL - SINDUSCON),H,0.404,27.86,ES,11.25544,0.404,0.0,TABELA REFERENCIAL OBRAS - DER-ES - 2026-05 - MAI/XLS/tab_DER-EDIFICAÇÕES_2026_05_composicoes.xlsx!A11885
der_es,2026-05,120232,010146,Mão-de-obra,mao_obra,SERVENTE (AUXILIAR DE OBRAS - SINDUSCON),H,0.2236,21.07,ES,4.711252,0.2236,0.0,TABELA REFERENCIAL OBRAS - DER-ES - 2026-05 - MAI/XLS/tab_DER-EDIFICAÇÕES_2026_05_composicoes.xlsx!A11886
der_es,2026-05,120232,020463,Material,material,REJUNTE JUNTAPLUS FINA COR CINZA,KG,1.05,10.47,ES,10.9935,0.0,0.0,TABELA REFERENCIAL OBRAS - DER-ES - 2026-05 - MAI/XLS/tab_DER-EDIFICAÇÕES_2026_05_composicoes.xlsx!A11897
der_es,2026-05,120232,020510,Material,material,CIMENTO COLANTE INDUSTRIALIZADO AC I,KG,4.5,0.94,ES,4.23,0.0,0.0,TABELA REFERENCIAL OBRAS - DER-ES - 2026-05 - MAI/XLS/tab_DER-EDIFICAÇÕES_2026_05_composicoes.xlsx!A11898
der_es,2026-05,120232,150276,Material,material,"CERAMICA 10X10CM ELIANE BRANCO BRILHANTE GALERIA MESH (TELADA) OU EQUIVALENTE REF ELIANE CERAL, STRUFALD OU EQUIV",M2,1.05,86.19,ES,90.4995,0.0,0.0,TABELA REFERENCIAL OBRAS - DER-ES - 2026-05 - MAI/XLS/tab_DER-EDIFICAÇÕES_2026_05_composicoes.xlsx!A11899
der_es,2026-05,120241,010106,Mão-de-obra,mao_obra,AZULEJISTA (OFICIAL - SINDUSCON),H,0.61,27.86,ES,16.9946,0.61,0.0,TABELA REFERENCIAL OBRAS - DER-ES - 2026-05 - MAI/XLS/tab_DER-EDIFICAÇÕES_2026_05_composicoes.xlsx!A11920
der_es,2026-05,120241,010146,Mão-de-obra,mao_obra,SERVENTE (AUXILIAR DE OBRAS - SINDUSCON),H,0.44,21.07,ES,9.2708,0.44,0.0,TABELA REFERENCIAL OBRAS - DER-ES - 2026-05 - MAI/XLS/tab_DER-EDIFICAÇÕES_2026_05_composicoes.xlsx!A11921
der_es,2026-05,120241,020510,Material,material,CIMENTO COLANTE INDUSTRIALIZADO AC I,KG,4.5,0.94,ES,4.23,0.0,0.0,TABELA REFERENCIAL OBRAS - DER-ES - 2026-05 - MAI/XLS/tab_DER-EDIFICAÇÕES_2026_05_composicoes.xlsx!A11932
der_es,2026-05,120241,020588,Material,material,REJUNTE PRE-FABRICADA,KG,0.441,10.47,ES,4.61727,0.0,0.0,TABELA REFERENCIAL OBRAS - DER-ES - 2026-05 - MAI/XLS/tab_DER-EDIFICAÇÕES_2026_05_composicoes.xlsx!A11933
der_es,2026-05,120241,150275,Material,material,CERAMICA RETIFICADA 32X60CM BRANCO BRILHANTE TRADIZIONALLE BIANCOGRES / WHITE ABSOLUTE LINHA A EMBRAMACO OU ARTICO INCESA,M2,1.05,53.17,ES,55.8285,0.0,0.0,TABELA REFERENCIAL OBRAS - DER-ES - 2026-05 - MAI/XLS/tab_DER-EDIFICAÇÕES_2026_05_composicoes.xlsx!A11934
der_es,2026-05,120301,010139,Mão-de-obra,mao_obra,PEDREIRO (OFICIAL - SINDUSCON),H,0.6,27.86,ES,16.716,0.6,0.0,TABELA REFERENCIAL OBRAS - DER-ES - 2026-05 - MAI/XLS/tab_DER-EDIFICAÇÕES_2026_05_composicoes.xlsx!A11955
der_es,2026-05,120301,010146,Mão-de-obra,mao_obra,SERVENTE (AUXILIAR DE OBRAS - SINDUSCON),H,0.8,21.07,ES,16.856,0.8,0.0,TABELA REFERENCIAL OBRAS - DER-ES - 2026-05 - MAI/XLS/tab_DER-EDIFICAÇÕES_2026_05_composicoes.xlsx!A11956
der_es,2026-05,120301,020503,Material,material,AREIA LAVADA MEDIA,M3,0.0232,154.0,ES,3.5728,0.0,0.0,TABELA REFERENCIAL OBRAS - DER-ES - 2026-05 - MAI/XLS/tab_DER-EDIFICAÇÕES_2026_05_composicoes.xlsx!A11967
der_es,2026-05,120301,020505,Material,material,CAL HIDRATADO P/ ARGAMASSA CH III,KG,1.16,1.07,ES,1.2412,0.0,0.0,TABELA REFERENCIAL OBRAS - DER-ES - 2026-05 - MAI/XLS/tab_DER-EDIFICAÇÕES_2026_05_composicoes.xlsx!A11968
der_es,2026-05,120301,020508,Material,material,CIMENTO PORTLAND CP III - 40,KG,4.48,0.57,ES,2.5536,0.0,0.0,TABELA REFERENCIAL OBRAS - DER-ES - 2026-05 - MAI/XLS/tab_DER-EDIFICAÇÕES_2026_05_composicoes.xlsx!A11969
der_es,2026-05,120302,010139,Mão-de-obra,mao_obra,PEDREIRO (OFICIAL - SINDUSCON),H,0.5,27.86,ES,13.93,0.5,0.0,TABELA REFERENCIAL OBRAS - DER-ES - 2026-05 - MAI/XLS/tab_DER-EDIFICAÇÕES_2026_05_composicoes.xlsx!A11990
der_es,2026-05,120302,010146,Mão-de-obra,mao_obra,SERVENTE (AUXILIAR DE OBRAS - SINDUSCON),H,0.63,21.07,ES,13.2741,0.63,0.0,TABELA REFERENCIAL OBRAS - DER-ES - 2026-05 - MAI/XLS/tab_DER-EDIFICAÇÕES_2026_05_composicoes.xlsx!A11991
der_es,2026-05,120302,020503,Material,material,AREIA LAVADA MEDIA,M3,0.0058,154.0,ES,0.8932,0.0,0.0,TABELA REFERENCIAL OBRAS - DER-ES - 2026-05 - MAI/XLS/tab_DER-EDIFICAÇÕES_2026_05_composicoes.xlsx!A12002
der_es,2026-05,120302,020505,Material,material,CAL HIDRATADO P/ ARGAMASSA CH III,KG,0.29,1.07,ES,0.3103,0.0,0.0,TABELA REFERENCIAL OBRAS - DER-ES - 2026-05 - MAI/XLS/tab_DER-EDIFICAÇÕES_2026_05_composicoes.xlsx!A12003
der_es,2026-05,120302,020508,Material,material,CIMENTO PORTLAND CP III - 40,KG,1.12,0.57,ES,0.6384,0.0,0.0,TABELA REFERENCIAL OBRAS - DER-ES - 2026-05 - MAI/XLS/tab_DER-EDIFICAÇÕES_2026_05_composicoes.xlsx!A12004
der_es,2026-05,120303,010139,Mão-de-obra,mao_obra,PEDREIRO (OFICIAL - SINDUSCON),H,1.2,27.86,ES,33.432,1.2,0.0,TABELA REFERENCIAL OBRAS - DER-ES - 2026-05 - MAI/XLS/tab_DER-EDIFICAÇÕES_2026_05_composicoes.xlsx!A12025
der_es,2026-05,120303,010146,Mão-de-obra,mao_obra,SERVENTE (AUXILIAR DE OBRAS - SINDUSCON),H,1.3,21.07,ES,27.391,1.3,0.0,TABELA REFERENCIAL OBRAS - DER-ES - 2026-05 - MAI/XLS/tab_DER-EDIFICAÇÕES_2026_05_composicoes.xlsx!A12026
der_es,2026-05,120303,020503,Material,material,AREIA LAVADA MEDIA,M3,0.029,154.0,ES,4.466,0.0,0.0,TABELA REFERENCIAL OBRAS - DER-ES - 2026-05 - MAI/XLS/tab_DER-EDIFICAÇÕES_2026_05_composicoes.xlsx!A12037
der_es,2026-05,120303,020505,Material,material,CAL HIDRATADO P/ ARGAMASSA CH III,KG,1.45,1.07,ES,1.5515,0.0,0.0,TABELA REFERENCIAL OBRAS - DER-ES - 2026-05 - MAI/XLS/tab_DER-EDIFICAÇÕES_2026_05_composicoes.xlsx!A12038
der_es,2026-05,120303,020508,Material,material,CIMENTO PORTLAND CP III - 40,KG,5.6,0.57,ES,3.192,0.0,0.0,TABELA REFERENCIAL OBRAS - DER-ES - 2026-05 - MAI/XLS/tab_DER-EDIFICAÇÕES_2026_05_composicoes.xlsx!A12039
der_es,2026-05,120304,010139,Mão-de-obra,mao_obra,PEDREIRO (OFICIAL - SINDUSCON),H,1.25,27.86,ES,34.825,1.25,0.0,TABELA REFERENCIAL OBRAS - DER-ES - 2026-05 - MAI/XLS/tab_DER-EDIFICAÇÕES_2026_05_composicoes.xlsx!A12060
der_es,2026-05,120304,010146,Mão-de-obra,mao_obra,SERVENTE (AUXILIAR DE OBRAS - SINDUSCON),H,1.35,21.07,ES,28.4445,1.35,0.0,TABELA REFERENCIAL OBRAS - DER-ES - 2026-05 - MAI/XLS/tab_DER-EDIFICAÇÕES_2026_05_composicoes.xlsx!A12061
der_es,2026-05,120304,020503,Material,material,AREIA LAVADA MEDIA,M3,0.029,154.0,ES,4.466,0.0,0.0,TABELA REFERENCIAL OBRAS - DER-ES - 2026-05 - MAI/XLS/tab_DER-EDIFICAÇÕES_2026_05_composicoes.xlsx!A12072
der_es,2026-05,120304,020505,Material,material,CAL HIDRATADO P/ ARGAMASSA CH III,KG,1.45,1.07,ES,1.5515,0.0,0.0,TABELA REFERENCIAL OBRAS - DER-ES - 2026-05 - MAI/XLS/tab_DER-EDIFICAÇÕES_2026_05_composicoes.xlsx!A12073
der_es,2026-05,120304,020508,Material,material,CIMENTO PORTLAND CP III - 40,KG,5.6,0.57,ES,3.192,0.0,0.0,TABELA REFERENCIAL OBRAS - DER-ES - 2026-05 - MAI/XLS/tab_DER-EDIFICAÇÕES_2026_05_composicoes.xlsx!A12074
der_es,2026-05,120304,024015,Material,material,"ADITIVO IMPERMEABILIZANTE PEGA NORMAL P/ ARGAMASSA E CONCRETO - SIKA 1, VEDACIT PRO OU EQUIVALENTE",KG,0.5,7.53,ES,3.765,0.0,0.0,TABELA REFERENCIAL OBRAS - DER-ES - 2026-05 - MAI/XLS/tab_DER-EDIFICAÇÕES_2026_05_composicoes.xlsx!A12075
der_es,2026-05,120308,010139,Mão-de-obra,mao_obra,PEDREIRO (OFICIAL - SINDUSCON),H,0.1,27.86,ES,2.786,0.1,0.0,TABELA REFERENCIAL OBRAS - DER-ES - 2026-05 - MAI/XLS/tab_DER-EDIFICAÇÕES_2026_05_composicoes.xlsx!A12096
der_es,2026-05,120308,010146,Mão-de-obra,mao_obra,SERVENTE (AUXILIAR DE OBRAS - SINDUSCON),H,0.15,21.07,ES,3.1605,0.15,0.0,TABELA REFERENCIAL OBRAS - DER-ES - 2026-05 - MAI/XLS/tab_DER-EDIFICAÇÕES_2026_05_composicoes.xlsx!A12097
der_es,2026-05,120308,020503,Material,material,AREIA LAVADA MEDIA,M3,0.0061,154.0,ES,0.9394,0.0,0.0,TABELA REFERENCIAL OBRAS - DER-ES - 2026-05 - MAI/XLS/tab_DER-EDIFICAÇÕES_2026_05_composicoes.xlsx!A12108
der_es,2026-05,120308,020508,Material,material,CIMENTO PORTLAND CP III - 40,KG,2.43,0.57,ES,1.3851,0.0,0.0,TABELA REFERENCIAL OBRAS - DER-ES - 2026-05 - MAI/XLS/tab_DER-EDIFICAÇÕES_2026_05_composicoes.xlsx!A12109
der_es,2026-05,120308,024015,Material,material,"ADITIVO IMPERMEABILIZANTE PEGA NORMAL P/ ARGAMASSA E CONCRETO - SIKA 1, VEDACIT PRO OU EQUIVALENTE",KG,0.10935,7.53,ES,0.8234055,0.0,0.0,TABELA REFERENCIAL OBRAS - DER-ES - 2026-05 - MAI/XLS/tab_DER-EDIFICAÇÕES_2026_05_composicoes.xlsx!A12110
der_es,2026-05,130103,010139,Mão-de-obra,mao_obra,PEDREIRO (OFICIAL - SINDUSCON),H,0.25,27.86,ES,6.965,0.25,0.0,TABELA REFERENCIAL OBRAS - DER-ES - 2026-05 - MAI/XLS/tab_DER-EDIFICAÇÕES_2026_05_composicoes.xlsx!A12131
der_es,2026-05,130103,010146,Mão-de-obra,mao_obra,SERVENTE (AUXILIAR DE OBRAS - SINDUSCON),H,0.55,21.07,ES,11.5885,0.55,0.0,TABELA REFERENCIAL OBRAS - DER-ES - 2026-05 - MAI/XLS/tab_DER-EDIFICAÇÕES_2026_05_composicoes.xlsx!A12132
der_es,2026-05,130103,020503,Material,material,AREIA LAVADA MEDIA,M3,0.0365,154.0,ES,5.621,0.0,0.0,TABELA REFERENCIAL OBRAS - DER-ES - 2026-05 - MAI/XLS/tab_DER-EDIFICAÇÕES_2026_05_composicoes.xlsx!A12143
der_es,2026-05,130103,020508,Material,material,CIMENTO PORTLAND CP III - 40,KG,8.76,0.57,ES,4.9932,0.0,0.0,TABELA REFERENCIAL OBRAS - DER-ES - 2026-05 - MAI/XLS/tab_DER-EDIFICAÇÕES_2026_05_composicoes.xlsx!A12144
der_es,2026-05,130104,010139,Mão-de-obra,mao_obra,PEDREIRO (OFICIAL - SINDUSCON),H,0.35,27.86,ES,9.751,0.35,0.0,TABELA REFERENCIAL OBRAS - DER-ES - 2026-05 - MAI/XLS/tab_DER-EDIFICAÇÕES_2026_05_composicoes.xlsx!A12165
der_es,2026-05,130104,010146,Mão-de-obra,mao_obra,SERVENTE (AUXILIAR DE OBRAS - SINDUSCON),H,0.85,21.07,ES,17.9095,0.85,0.0,TABELA REFERENCIAL OBRAS - DER-ES - 2026-05 - MAI/XLS/tab_DER-EDIFICAÇÕES_2026_05_composicoes.xlsx!A12166
der_es,2026-05,130104,020503,Material,material,AREIA LAVADA MEDIA,M3,0.0608,154.0,ES,9.3632,0.0,0.0,TABELA REFERENCIAL OBRAS - DER-ES - 2026-05 - MAI/XLS/tab_DER-EDIFICAÇÕES_2026_05_composicoes.xlsx!A12177
der_es,2026-05,130104,020508,Material,material,CIMENTO PORTLAND CP III - 40,KG,14.6,0.57,ES,8.322,0.0,0.0,TABELA REFERENCIAL OBRAS - DER-ES - 2026-05 - MAI/XLS/tab_DER-EDIFICAÇÕES_2026_05_composicoes.xlsx!A12178
der_es,2026-05,130109,010139,Mão-de-obra,mao_obra,PEDREIRO (OFICIAL - SINDUSCON),H,0.5,27.86,ES,13.93,0.5,0.0,TABELA REFERENCIAL OBRAS - DER-ES - 2026-05 - MAI/XLS/tab_DER-EDIFICAÇÕES_2026_05_composicoes.xlsx!A12199
der_es,2026-05,130109,010146,Mão-de-obra,mao_obra,SERVENTE (AUXILIAR DE OBRAS - SINDUSCON),H,1.48,21.07,ES,31.1836,1.48,0.0,TABELA REFERENCIAL OBRAS - DER-ES - 2026-05 - MAI/XLS/tab_DER-EDIFICAÇÕES_2026_05_composicoes.xlsx!A12200
der_es,2026-05,130109,020503,Material,material,AREIA LAVADA MEDIA,M3,0.062412,154.0,ES,9.611448,0.0,0.0,TABELA REFERENCIAL OBRAS - DER-ES - 2026-05 - MAI/XLS/tab_DER-EDIFICAÇÕES_2026_05_composicoes.xlsx!A12211
der_es,2026-05,130109,020508,Material,material,CIMENTO PORTLAND CP III - 40,KG,21.924,0.57,ES,12.49668,0.0,0.0,TABELA REFERENCIAL OBRAS - DER-ES - 2026-05 - MAI/XLS/tab_DER-EDIFICAÇÕES_2026_05_composicoes.xlsx!A12212
der_es,2026-05,130109,020517,Material,material,BRITA 1,M3,0.03192,177.39,ES,5.6622888,0.0,0.0,TABELA REFERENCIAL OBRAS - DER-ES - 2026-05 - MAI/XLS/tab_DER-EDIFICAÇÕES_2026_05_composicoes.xlsx!A12213
der_es,2026-05,130109,020518,Material,material,BRITA 2,M3,0.03192,177.39,ES,5.6622888,0.0,0.0,TABELA REFERENCIAL OBRAS - DER-ES - 2026-05 - MAI/XLS/tab_DER-EDIFICAÇÕES_2026_05_composicoes.xlsx!A12214
der_es,2026-05,130109,024015,Material,material,"ADITIVO IMPERMEABILIZANTE PEGA NORMAL P/ ARGAMASSA E CONCRETO - SIKA 1, VEDACIT PRO OU EQUIVALENTE",KG,1.6,7.53,ES,12.048,0.0,0.0,TABELA REFERENCIAL OBRAS - DER-ES - 2026-05 - MAI/XLS/tab_DER-EDIFICAÇÕES_2026_05_composicoes.xlsx!A12215
der_es,2026-05,130110,010139,Mão-de-obra,mao_obra,PEDREIRO (OFICIAL - SINDUSCON),H,0.5,27.86,ES,13.93,0.5,0.0,TABELA REFERENCIAL OBRAS - DER-ES - 2026-05 - MAI/XLS/tab_DER-EDIFICAÇÕES_2026_05_composicoes.xlsx!A12236
der_es,2026-05,130110,010146,Mão-de-obra,mao_obra,SERVENTE (AUXILIAR DE OBRAS - SINDUSCON),H,1.48,21.07,ES,31.1836,1.48,0.0,TABELA REFERENCIAL OBRAS - DER-ES - 2026-05 - MAI/XLS/tab_DER-EDIFICAÇÕES_2026_05_composicoes.xlsx!A12237
der_es,2026-05,130110,020503,Material,material,AREIA LAVADA MEDIA,M3,0.062412,154.0,ES,9.611448,0.0,0.0,TABELA REFERENCIAL OBRAS - DER-ES - 2026-05 - MAI/XLS/tab_DER-EDIFICAÇÕES_2026_05_composicoes.xlsx!A12248
der_es,2026-05,130110,020508,Material,material,CIMENTO PORTLAND CP III - 40,KG,21.924,0.57,ES,12.49668,0.0,0.0,TABELA REFERENCIAL OBRAS - DER-ES - 2026-05 - MAI/XLS/tab_DER-EDIFICAÇÕES_2026_05_composicoes.xlsx!A12249
der_es,2026-05,130110,020517,Material,material,BRITA 1,M3,0.03192,177.39,ES,5.6622888,0.0,0.0,TABELA REFERENCIAL OBRAS - DER-ES - 2026-05 - MAI/XLS/tab_DER-EDIFICAÇÕES_2026_05_composicoes.xlsx!A12250
der_es,2026-05,130110,020518,Material,material,BRITA 2,M3,0.03192,177.39,ES,5.6622888,0.0,0.0,TABELA REFERENCIAL OBRAS - DER-ES - 2026-05 - MAI/XLS/tab_DER-EDIFICAÇÕES_2026_05_composicoes.xlsx!A12251
der_es,2026-05,130111,010139,Mão-de-obra,mao_obra,PEDREIRO (OFICIAL - SINDUSCON),H,0.4,27.86,ES,11.144,0.4,0.0,TABELA REFERENCIAL OBRAS - DER-ES - 2026-05 - MAI/XLS/tab_DER-EDIFICAÇÕES_2026_05_composicoes.xlsx!A12272
der_es,2026-05,130111,010146,Mão-de-obra,mao_obra,SERVENTE (AUXILIAR DE OBRAS - SINDUSCON),H,1.11,21.07,ES,23.3877,1.11,0.0,TABELA REFERENCIAL OBRAS - DER-ES - 2026-05 - MAI/XLS/tab_DER-EDIFICAÇÕES_2026_05_composicoes.xlsx!A12273
der_es,2026-05,130111,020503,Material,material,AREIA LAVADA MEDIA,M3,0.046809,154.0,ES,7.208586,0.0,0.0,TABELA REFERENCIAL OBRAS - DER-ES - 2026-05 - MAI/XLS/tab_DER-EDIFICAÇÕES_2026_05_composicoes.xlsx!A12284
der_es,2026-05,130111,020508,Material,material,CIMENTO PORTLAND CP III - 40,KG,16.443,0.57,ES,9.37251,0.0,0.0,TABELA REFERENCIAL OBRAS - DER-ES - 2026-05 - MAI/XLS/tab_DER-EDIFICAÇÕES_2026_05_composicoes.xlsx!A12285
der_es,2026-05,130111,020517,Material,material,BRITA 1,M3,0.02394,177.39,ES,4.2467166,0.0,0.0,TABELA REFERENCIAL OBRAS - DER-ES - 2026-05 - MAI/XLS/tab_DER-EDIFICAÇÕES_2026_05_composicoes.xlsx!A12286
der_es,2026-05,130111,020518,Material,material,BRITA 2,M3,0.02394,177.39,ES,4.2467166,0.0,0.0,TABELA REFERENCIAL OBRAS - DER-ES - 2026-05 - MAI/XLS/tab_DER-EDIFICAÇÕES_2026_05_composicoes.xlsx!A12287
der_es,2026-05,130111,024015,Material,material,"ADITIVO IMPERMEABILIZANTE PEGA NORMAL P/ ARGAMASSA E CONCRETO - SIKA 1, VEDACIT PRO OU EQUIVALENTE",KG,1.2,7.53,ES,9.036,0.0,0.0,TABELA REFERENCIAL OBRAS - DER-ES - 2026-05 - MAI/XLS/tab_DER-EDIFICAÇÕES_2026_05_composicoes.xlsx!A12288
der_es,2026-05,130112,010139,Mão-de-obra,mao_obra,PEDREIRO (OFICIAL - SINDUSCON),H,0.4,27.86,ES,11.144,0.4,0.0,TABELA REFERENCIAL OBRAS - DER-ES - 2026-05 - MAI/XLS/tab_DER-EDIFICAÇÕES_2026_05_composicoes.xlsx!A12309
der_es,2026-05,130112,010146,Mão-de-obra,mao_obra,SERVENTE (AUXILIAR DE OBRAS - SINDUSCON),H,1.11,21.07,ES,23.3877,1.11,0.0,TABELA REFERENCIAL OBRAS - DER-ES - 2026-05 - MAI/XLS/tab_DER-EDIFICAÇÕES_2026_05_composicoes.xlsx!A12310
der_es,2026-05,130112,020503,Material,material,AREIA LAVADA MEDIA,M3,0.046809,154.0,ES,7.208586,0.0,0.0,TABELA REFERENCIAL OBRAS - DER-ES - 2026-05 - MAI/XLS/tab_DER-EDIFICAÇÕES_2026_05_composicoes.xlsx!A12321
der_es,2026-05,130112,020508,Material,material,CIMENTO PORTLAND CP III - 40,KG,16.443,0.57,ES,9.37251,0.0,0.0,TABELA REFERENCIAL OBRAS - DER-ES - 2026-05 - MAI/XLS/tab_DER-EDIFICAÇÕES_2026_05_composicoes.xlsx!A12322
der_es,2026-05,130112,020517,Material,material,BRITA 1,M3,0.02394,177.39,ES,4.2467166,0.0,0.0,TABELA REFERENCIAL OBRAS - DER-ES - 2026-05 - MAI/XLS/tab_DER-EDIFICAÇÕES_2026_05_composicoes.xlsx!A12323
der_es,2026-05,130112,020518,Material,material,BRITA 2,M3,0.02394,177.39,ES,4.2467166,0.0,0.0,TABELA REFERENCIAL OBRAS - DER-ES - 2026-05 - MAI/XLS/tab_DER-EDIFICAÇÕES_2026_05_composicoes.xlsx!A12324
der_es,2026-05,130113,010139,Mão-de-obra,mao_obra,PEDREIRO (OFICIAL - SINDUSCON),H,0.532,27.86,ES,14.82152,0.532,0.0,TABELA REFERENCIAL OBRAS - DER-ES - 2026-05 - MAI/XLS/tab_DER-EDIFICAÇÕES_2026_05_composicoes.xlsx!A12345
der_es,2026-05,130113,010146,Mão-de-obra,mao_obra,SERVENTE (AUXILIAR DE OBRAS - SINDUSCON),H,1.4763,21.07,ES,31.105641,1.4763,0.0,TABELA REFERENCIAL OBRAS - DER-ES - 2026-05 - MAI/XLS/tab_DER-EDIFICAÇÕES_2026_05_composicoes.xlsx!A12346
der_es,2026-05,130113,020503,Material,material,AREIA LAVADA MEDIA,M3,0.062256,154.0,ES,9.587424,0.0,0.0,TABELA REFERENCIAL OBRAS - DER-ES - 2026-05 - MAI/XLS/tab_DER-EDIFICAÇÕES_2026_05_composicoes.xlsx!A12357
der_es,2026-05,130113,020508,Material,material,CIMENTO PORTLAND CP III - 40,KG,21.86919,0.57,ES,12.4654383,0.0,0.0,TABELA REFERENCIAL OBRAS - DER-ES - 2026-05 - MAI/XLS/tab_DER-EDIFICAÇÕES_2026_05_composicoes.xlsx!A12358
der_es,2026-05,130113,020517,Material,material,BRITA 1,M3,0.03184,177.39,ES,5.6480976,0.0,0.0,TABELA REFERENCIAL OBRAS - DER-ES - 2026-05 - MAI/XLS/tab_DER-EDIFICAÇÕES_2026_05_composicoes.xlsx!A12359
der_es,2026-05,130113,020518,Material,material,BRITA 2,M3,0.03184,177.39,ES,5.6480976,0.0,0.0,TABELA REFERENCIAL OBRAS - DER-ES - 2026-05 - MAI/XLS/tab_DER-EDIFICAÇÕES_2026_05_composicoes.xlsx!A12360
der_es,2026-05,130113,024015,Material,material,"ADITIVO IMPERMEABILIZANTE PEGA NORMAL P/ ARGAMASSA E CONCRETO - SIKA 1, VEDACIT PRO OU EQUIVALENTE",KG,1.596,7.53,ES,12.01788,0.0,0.0,TABELA REFERENCIAL OBRAS - DER-ES - 2026-05 - MAI/XLS/tab_DER-EDIFICAÇÕES_2026_05_composicoes.xlsx!A12361
der_es,2026-05,130202,010139,Mão-de-obra,mao_obra,PEDREIRO (OFICIAL - SINDUSCON),H,1.0,27.86,ES,27.86,1.0,0.0,TABELA REFERENCIAL OBRAS - DER-ES - 2026-05 - MAI/XLS/tab_DER-EDIFICAÇÕES_2026_05_composicoes.xlsx!A12382
der_es,2026-05,130202,010146,Mão-de-obra,mao_obra,SERVENTE (AUXILIAR DE OBRAS - SINDUSCON),H,1.15,21.07,ES,24.2305,1.15,0.0,TABELA REFERENCIAL OBRAS - DER-ES - 2026-05 - MAI/XLS/tab_DER-EDIFICAÇÕES_2026_05_composicoes.xlsx!A12383
der_es,2026-05,130202,020503,Material,material,AREIA LAVADA MEDIA,M3,0.0182,154.0,ES,2.8028,0.0,0.0,TABELA REFERENCIAL OBRAS - DER-ES - 2026-05 - MAI/XLS/tab_DER-EDIFICAÇÕES_2026_05_composicoes.xlsx!A12394
der_es,2026-05,130202,020508,Material,material,CIMENTO PORTLAND CP III - 40,KG,7.29,0.57,ES,4.1553,0.0,0.0,TABELA REFERENCIAL OBRAS - DER-ES - 2026-05 - MAI/XLS/tab_DER-EDIFICAÇÕES_2026_05_composicoes.xlsx!A12395
der_es,2026-05,130202,036012,Material,material,"JUNTA PLASTICA ""I"" 27MM PARA PISOS",M,2.0,4.63,ES,9.26,0.0,0.0,TABELA REFERENCIAL OBRAS - DER-ES - 2026-05 - MAI/XLS/tab_DER-EDIFICAÇÕES_2026_05_composicoes.xlsx!A12396
der_es,2026-05,130205,010101,Mão-de-obra,mao_obra,AJUDANTE (AJUDANTE PRATICO - SINDUSCON),H,1.0,23.48,ES,23.48,1.0,0.0,TABELA REFERENCIAL OBRAS - DER-ES - 2026-05 - MAI/XLS/tab_DER-EDIFICAÇÕES_2026_05_composicoes.xlsx!A12417
der_es,2026-05,130205,010111,Mão-de-obra,mao_obra,CARPINTEIRO (OFICIAL - SINDUSCON),H,1.0,27.86,ES,27.86,1.0,0.0,TABELA REFERENCIAL OBRAS - DER-ES - 2026-05 - MAI/XLS/tab_DER-EDIFICAÇÕES_2026_05_composicoes.xlsx!A12418
der_es,2026-05,130205,010139,Mão-de-obra,mao_obra,PEDREIRO (OFICIAL - SINDUSCON),H,0.75,27.86,ES,20.895,0.75,0.0,TABELA REFERENCIAL OBRAS - DER-ES - 2026-05 - MAI/XLS/tab_DER-EDIFICAÇÕES_2026_05_composicoes.xlsx!A12419
der_es,2026-05,130205,010146,Mão-de-obra,mao_obra,SERVENTE (AUXILIAR DE OBRAS - SINDUSCON),H,1.0,21.07,ES,21.07,1.0,0.0,TABELA REFERENCIAL OBRAS - DER-ES - 2026-05 - MAI/XLS/tab_DER-EDIFICAÇÕES_2026_05_composicoes.xlsx!A12420
der_es,2026-05,130205,020503,Material,material,AREIA LAVADA MEDIA,M3,0.0304,154.0,ES,4.6816,0.0,0.0,TABELA REFERENCIAL OBRAS - DER-ES - 2026-05 - MAI/XLS/tab_DER-EDIFICAÇÕES_2026_05_composicoes.xlsx!A12431
der_es,2026-05,130205,020508,Material,material,CIMENTO PORTLAND CP III - 40,KG,7.3,0.57,ES,4.161,0.0,0.0,TABELA REFERENCIAL OBRAS - DER-ES - 2026-05 - MAI/XLS/tab_DER-EDIFICAÇÕES_2026_05_composicoes.xlsx!A12432
der_es,2026-05,130205,021305,Material,material,PECA EM MADEIRA DE LEI 7 X 5 CM (APARELHADA),M,2.5,19.36,ES,48.4,0.0,0.0,TABELA REFERENCIAL OBRAS - DER-ES - 2026-05 - MAI/XLS/tab_DER-EDIFICAÇÕES_2026_05_composicoes.xlsx!A12433
der_es,2026-05,130205,026560,Material,material,PREGO - PRECO MEDIO DAS BITOLAS,KG,0.2,13.85,ES,2.77,0.0,0.0,TABELA REFERENCIAL OBRAS - DER-ES - 2026-05 - MAI/XLS/tab_DER-EDIFICAÇÕES_2026_05_composicoes.xlsx!A12434
der_es,2026-05,130205,035579,Material,material,TABUA MADEIRA DE LEI P/ PISO COM MACHO/FEMEA 15 CM X 2 CM (ASSOALHO),M2,1.05,276.67,ES,290.5035,0.0,0.0,TABELA REFERENCIAL OBRAS - DER-ES - 2026-05 - MAI/XLS/tab_DER-EDIFICAÇÕES_2026_05_composicoes.xlsx!A12435
der_es,2026-05,130209,010139,Mão-de-obra,mao_obra,PEDREIRO (OFICIAL - SINDUSCON),H,1.0,27.86,ES,27.86,1.0,0.0,TABELA REFERENCIAL OBRAS - DER-ES - 2026-05 - MAI/XLS/tab_DER-EDIFICAÇÕES_2026_05_composicoes.xlsx!A12491
der_es,2026-05,130209,010146,Mão-de-obra,mao_obra,SERVENTE (AUXILIAR DE OBRAS - SINDUSCON),H,1.3,21.07,ES,27.391,1.3,0.0,TABELA REFERENCIAL OBRAS - DER-ES - 2026-05 - MAI/XLS/tab_DER-EDIFICAÇÕES_2026_05_composicoes.xlsx!A12492
der_es,2026-05,130209,020503,Material,material,AREIA LAVADA MEDIA,M3,0.03648,154.0,ES,5.61792,0.0,0.0,TABELA REFERENCIAL OBRAS - DER-ES - 2026-05 - MAI/XLS/tab_DER-EDIFICAÇÕES_2026_05_composicoes.xlsx!A12503
der_es,2026-05,130209,020508,Material,material,CIMENTO PORTLAND CP III - 40,KG,14.58,0.57,ES,8.3106,0.0,0.0,TABELA REFERENCIAL OBRAS - DER-ES - 2026-05 - MAI/XLS/tab_DER-EDIFICAÇÕES_2026_05_composicoes.xlsx!A12504
der_es,2026-05,130209,021018,Material,material,SARRAFO DE MADEIRA DE LEI 8 X 2.5 CM (BRUTA),M,2.0,13.89,ES,27.78,0.0,0.0,TABELA REFERENCIAL OBRAS - DER-ES - 2026-05 - MAI/XLS/tab_DER-EDIFICAÇÕES_2026_05_composicoes.xlsx!A12505
der_es,2026-05,130210,010139,Mão-de-obra,mao_obra,PEDREIRO (OFICIAL - SINDUSCON),H,1.0,27.86,ES,27.86,1.0,0.0,TABELA REFERENCIAL OBRAS - DER-ES - 2026-05 - MAI/XLS/tab_DER-EDIFICAÇÕES_2026_05_composicoes.xlsx!A12526
der_es,2026-05,130210,010146,Mão-de-obra,mao_obra,SERVENTE (AUXILIAR DE OBRAS - SINDUSCON),H,1.15,21.07,ES,24.2305,1.15,0.0,TABELA REFERENCIAL OBRAS - DER-ES - 2026-05 - MAI/XLS/tab_DER-EDIFICAÇÕES_2026_05_composicoes.xlsx!A12527
der_es,2026-05,130210,020503,Material,material,AREIA LAVADA MEDIA,M3,0.0182,154.0,ES,2.8028,0.0,0.0,TABELA REFERENCIAL OBRAS - DER-ES - 2026-05 - MAI/XLS/tab_DER-EDIFICAÇÕES_2026_05_composicoes.xlsx!A12538
der_es,2026-05,130210,020508,Material,material,CIMENTO PORTLAND CP III - 40,KG,7.29,0.57,ES,4.1553,0.0,0.0,TABELA REFERENCIAL OBRAS - DER-ES - 2026-05 - MAI/XLS/tab_DER-EDIFICAÇÕES_2026_05_composicoes.xlsx!A12539
der_es,2026-05,130210,034544,Material,material,XADREZ (PO CORANTE TIPO XADREZ MARCA DE REF.),KG,0.2,67.71,ES,13.542,0.0,0.0,TABELA REFERENCIAL OBRAS - DER-ES - 2026-05 - MAI/XLS/tab_DER-EDIFICAÇÕES_2026_05_composicoes.xlsx!A12540
der_es,2026-05,130210,036012,Material,material,"JUNTA PLASTICA ""I"" 27MM PARA PISOS",M,2.0,4.63,ES,9.26,0.0,0.0,TABELA REFERENCIAL OBRAS - DER-ES - 2026-05 - MAI/XLS/tab_DER-EDIFICAÇÕES_2026_05_composicoes.xlsx!A12541
der_es,2026-05,130211,035571,Material,material,"PISO VINILICO PAVIFLEX CHROMA CONCEPT 30X30CM - ESP.2MM - COLOCADO, INCLUSIVE ARGAMASSA DE REGULARIZAÇÃO",M2,1.0,269.0,ES,269.0,0.0,0.0,TABELA REFERENCIAL OBRAS - DER-ES - 2026-05 - MAI/XLS/tab_DER-EDIFICAÇÕES_2026_05_composicoes.xlsx!A12572
der_es,2026-05,130222,035625,Material,material,PISO EMBORRAC PASTILHADO COR PRETA PLURIGOMA/EQUIV,M2,1.05,188.67,ES,198.1035,0.0,0.0,TABELA REFERENCIAL OBRAS - DER-ES - 2026-05 - MAI/XLS/tab_DER-EDIFICAÇÕES_2026_05_composicoes.xlsx!A12603
der_es,2026-05,130223,010128,Mão-de-obra,mao_obra,LADRILHISTA (OFICIAL - SINDUSCON),H,0.3,27.86,ES,8.358,0.3,0.0,TABELA REFERENCIAL OBRAS - DER-ES - 2026-05 - MAI/XLS/tab_DER-EDIFICAÇÕES_2026_05_composicoes.xlsx!A12624
der_es,2026-05,130223,010146,Mão-de-obra,mao_obra,SERVENTE (AUXILIAR DE OBRAS - SINDUSCON),H,0.22,21.07,ES,4.6354,0.22,0.0,TABELA REFERENCIAL OBRAS - DER-ES - 2026-05 - MAI/XLS/tab_DER-EDIFICAÇÕES_2026_05_composicoes.xlsx!A12625
der_es,2026-05,130223,020510,Material,material,CIMENTO COLANTE INDUSTRIALIZADO AC I,KG,4.5,0.94,ES,4.23,0.0,0.0,TABELA REFERENCIAL OBRAS - DER-ES - 2026-05 - MAI/XLS/tab_DER-EDIFICAÇÕES_2026_05_composicoes.xlsx!A12636
der_es,2026-05,130225,010106,Mão-de-obra,mao_obra,AZULEJISTA (OFICIAL - SINDUSCON),H,0.25,27.86,ES,6.965,0.25,0.0,TABELA REFERENCIAL OBRAS - DER-ES - 2026-05 - MAI/XLS/tab_DER-EDIFICAÇÕES_2026_05_composicoes.xlsx!A12657
der_es,2026-05,130225,010146,Mão-de-obra,mao_obra,SERVENTE (AUXILIAR DE OBRAS - SINDUSCON),H,0.2,21.07,ES,4.214,0.2,0.0,TABELA REFERENCIAL OBRAS - DER-ES - 2026-05 - MAI/XLS/tab_DER-EDIFICAÇÕES_2026_05_composicoes.xlsx!A12658
der_es,2026-05,130225,020509,Material,material,CIMENTO BRANCO NAO ESTRUTURAL,KG,0.25,4.84,ES,1.21,0.0,0.0,TABELA REFERENCIAL OBRAS - DER-ES - 2026-05 - MAI/XLS/tab_DER-EDIFICAÇÕES_2026_05_composicoes.xlsx!A12669
der_es,2026-05,130226,010106,Mão-de-obra,mao_obra,AZULEJISTA (OFICIAL - SINDUSCON),H,0.25,27.86,ES,6.965,0.25,0.0,TABELA REFERENCIAL OBRAS - DER-ES - 2026-05 - MAI/XLS/tab_DER-EDIFICAÇÕES_2026_05_composicoes.xlsx!A12690
der_es,2026-05,130226,010146,Mão-de-obra,mao_obra,SERVENTE (AUXILIAR DE OBRAS - SINDUSCON),H,0.2,21.07,ES,4.214,0.2,0.0,TABELA REFERENCIAL OBRAS - DER-ES - 2026-05 - MAI/XLS/tab_DER-EDIFICAÇÕES_2026_05_composicoes.xlsx!A12691
der_es,2026-05,130226,020588,Material,material,REJUNTE PRE-FABRICADA,KG,0.78875,10.47,ES,8.2582125,0.0,0.0,TABELA REFERENCIAL OBRAS - DER-ES - 2026-05 - MAI/XLS/tab_DER-EDIFICAÇÕES_2026_05_composicoes.xlsx!A12702
der_es,2026-05,130228,010128,Mão-de-obra,mao_obra,LADRILHISTA (OFICIAL - SINDUSCON),H,0.9,27.86,ES,25.074,0.9,0.0,TABELA REFERENCIAL OBRAS - DER-ES - 2026-05 - MAI/XLS/tab_DER-EDIFICAÇÕES_2026_05_composicoes.xlsx!A12723
der_es,2026-05,130228,010146,Mão-de-obra,mao_obra,SERVENTE (AUXILIAR DE OBRAS - SINDUSCON),H,0.9,21.07,ES,18.963,0.9,0.0,TABELA REFERENCIAL OBRAS - DER-ES - 2026-05 - MAI/XLS/tab_DER-EDIFICAÇÕES_2026_05_composicoes.xlsx!A12724
der_es,2026-05,130228,020732,Material,material,ARGAM COLANTE FLEXIVEL AC III P/ ASSENT. PORCELANATO E PEDRAS (GRANITO E MÁRMORE),KG,8.0,1.77,ES,14.16,0.0,0.0,TABELA REFERENCIAL OBRAS - DER-ES - 2026-05 - MAI/XLS/tab_DER-EDIFICAÇÕES_2026_05_composicoes.xlsx!A12735
der_es,2026-05,130230,010124,Mão-de-obra,mao_obra,GRANITEIRO/MARMORISTA (OFICIAL - SINDUSCON),H,1.15,27.86,ES,32.039,1.15,0.0,TABELA REFERENCIAL OBRAS - DER-ES - 2026-05 - MAI/XLS/tab_DER-EDIFICAÇÕES_2026_05_composicoes.xlsx!A12756
der_es,2026-05,130230,010139,Mão-de-obra,mao_obra,PEDREIRO (OFICIAL - SINDUSCON),H,0.95,27.86,ES,26.467,0.95,0.0,TABELA REFERENCIAL OBRAS - DER-ES - 2026-05 - MAI/XLS/tab_DER-EDIFICAÇÕES_2026_05_composicoes.xlsx!A12757 | TABELA REFERENCIAL OBRAS - DER-ES - 2026-05 - MAI/XLS/tab_DER-EDIFICAÇÕES_2026_05_composicoes.xlsx!A12777 > TABELA REFERENCIAL OBRAS - DER-ES - 2026-05 - MAI/XLS/tab_DER-EDIFICAÇÕES_2026_05_composicoes.xlsx!A44598
der_es,2026-05,130230,010146,Mão-de-obra,mao_obra,SERVENTE (AUXILIAR DE OBRAS - SINDUSCON),H,1.9,21.07,ES,40.033,1.9,0.0,TABELA REFERENCIAL OBRAS - DER-ES - 2026-05 - MAI/XLS/tab_DER-EDIFICAÇÕES_2026_05_composicoes.xlsx!A12758 | TABELA REFERENCIAL OBRAS - DER-ES - 2026-05 - MAI/XLS/tab_DER-EDIFICAÇÕES_2026_05_composicoes.xlsx!A12777 > TABELA REFERENCIAL OBRAS - DER-ES - 2026-05 - MAI/XLS/tab_DER-EDIFICAÇÕES_2026_05_composicoes.xlsx!A44599
der_es,2026-05,130230,020503,Material,material,AREIA LAVADA MEDIA,M3,0.039,154.0,ES,6.006,0.0,0.0,TABELA REFERENCIAL OBRAS - DER-ES - 2026-05 - MAI/XLS/tab_DER-EDIFICAÇÕES_2026_05_composicoes.xlsx!A12769 | TABELA REFERENCIAL OBRAS - DER-ES - 2026-05 - MAI/XLS/tab_DER-EDIFICAÇÕES_2026_05_composicoes.xlsx!A12777 > TABELA REFERENCIAL OBRAS - DER-ES - 2026-05 - MAI/XLS/tab_DER-EDIFICAÇÕES_2026_05_composicoes.xlsx!A44610
der_es,2026-05,130230,020508,Material,material,CIMENTO PORTLAND CP III - 40,KG,25.78,0.57,ES,14.6946,0.0,0.0,TABELA REFERENCIAL OBRAS - DER-ES - 2026-05 - MAI/XLS/tab_DER-EDIFICAÇÕES_2026_05_composicoes.xlsx!A12770 | TABELA REFERENCIAL OBRAS - DER-ES - 2026-05 - MAI/XLS/tab_DER-EDIFICAÇÕES_2026_05_composicoes.xlsx!A12777 > TABELA REFERENCIAL OBRAS - DER-ES - 2026-05 - MAI/XLS/tab_DER-EDIFICAÇÕES_2026_05_composicoes.xlsx!A44611
der_es,2026-05,130230,035114,Material,material,JUNTA DE DILATACAO PLASTICA,M,2.0,1.78,ES,3.56,0.0,0.0,TABELA REFERENCIAL OBRAS - DER-ES - 2026-05 - MAI/XLS/tab_DER-EDIFICAÇÕES_2026_05_composicoes.xlsx!A12771
der_es,2026-05,130230,035504,Material,material,AGREGADO DE ALTA RESISTENCIA PARA PISOS,KG,16.0,1.24,ES,19.84,0.0,0.0,TABELA REFERENCIAL OBRAS - DER-ES - 2026-05 - MAI/XLS/tab_DER-EDIFICAÇÕES_2026_05_composicoes.xlsx!A12772
der_es,2026-05,130230,078735,Material,material,"TIJOLO ESMERIL 76,2X76,2X50,8 MM",UN,0.18,37.06,ES,6.6708,0.0,0.0,TABELA REFERENCIAL OBRAS - DER-ES - 2026-05 - MAI/XLS/tab_DER-EDIFICAÇÕES_2026_05_composicoes.xlsx!A12773
der_es,2026-05,130230,081152,Equipamento,equipamento,"POLIDORA DE PISO (POLITRIZ) ELETRICA, MOTOR MONOFASICO DE 4 HP, PESO DE 100 KG, DIAMETRO DO TRABALHO DE 450 MM",UND,0.00014812,8410.08,ES,1.2457010496,0.0,0.0,TABELA REFERENCIAL OBRAS - DER-ES - 2026-05 - MAI/XLS/tab_DER-EDIFICAÇÕES_2026_05_composicoes.xlsx!A12778 > TABELA REFERENCIAL OBRAS - DER-ES - 2026-05 - MAI/XLS/tab_DER-EDIFICAÇÕES_2026_05_composicoes.xlsx!A46321 > TABELA REFERENCIAL OBRAS - DER-ES - 2026-05 - MAI/XLS/tab_DER-EDIFICAÇÕES_2026_05_composicoes.xlsx!A47009 | TABELA REFERENCIAL OBRAS - DER-ES - 2026-05 - MAI/XLS/tab_DER-EDIFICAÇÕES_2026_05_composicoes.xlsx!A12778 > TABELA REFERENCIAL OBRAS - DER-ES - 2026-05 - MAI/XLS/tab_DER-EDIFICAÇÕES_2026_05_composicoes.xlsx!A46322 > TABELA REFERENCIAL OBRAS - DER-ES - 2026-05 - MAI/XLS/tab_DER-EDIFICAÇÕES_2026_05_composicoes.xlsx!A47478 | TABELA REFERENCIAL OBRAS - DER-ES - 2026-05 - MAI/XLS/tab_DER-EDIFICAÇÕES_2026_05_composicoes.xlsx!A12778 > TABELA REFERENCIAL OBRAS - DER-ES - 2026-05 - MAI/XLS/tab_DER-EDIFICAÇÕES_2026_05_composicoes.xlsx!A46323 > TABELA REFERENCIAL OBRAS - DER-ES - 2026-05 - MAI/XLS/tab_DER-EDIFICAÇÕES_2026_05_composicoes.xlsx!A47948
der_es,2026-05,130230,131108,Material,material,"CONSUMO DE ENERGIA ELETRICA INDUSTRIAL ATE 2000 KWH, SEM DEMANDA",KWH,2.921,0.96,ES,2.80416,0.0,0.0,TABELA REFERENCIAL OBRAS - DER-ES - 2026-05 - MAI/XLS/tab_DER-EDIFICAÇÕES_2026_05_composicoes.xlsx!A12778 > TABELA REFERENCIAL OBRAS - DER-ES - 2026-05 - MAI/XLS/tab_DER-EDIFICAÇÕES_2026_05_composicoes.xlsx!A46324 > TABELA REFERENCIAL OBRAS - DER-ES - 2026-05 - MAI/XLS/tab_DER-EDIFICAÇÕES_2026_05_composicoes.xlsx!A48426
der_es,2026-05,130231,010124,Mão-de-obra,mao_obra,GRANITEIRO/MARMORISTA (OFICIAL - SINDUSCON),H,1.4375,27.86,ES,40.04875,1.4375,0.0,TABELA REFERENCIAL OBRAS - DER-ES - 2026-05 - MAI/XLS/tab_DER-EDIFICAÇÕES_2026_05_composicoes.xlsx!A12796
der_es,2026-05,130231,010139,Mão-de-obra,mao_obra,PEDREIRO (OFICIAL - SINDUSCON),H,0.95,27.86,ES,26.467,0.95,0.0,TABELA REFERENCIAL OBRAS - DER-ES - 2026-05 - MAI/XLS/tab_DER-EDIFICAÇÕES_2026_05_composicoes.xlsx!A12797 | TABELA REFERENCIAL OBRAS - DER-ES - 2026-05 - MAI/XLS/tab_DER-EDIFICAÇÕES_2026_05_composicoes.xlsx!A12817 > TABELA REFERENCIAL OBRAS - DER-ES - 2026-05 - MAI/XLS/tab_DER-EDIFICAÇÕES_2026_05_composicoes.xlsx!A44598
der_es,2026-05,130231,010146,Mão-de-obra,mao_obra,SERVENTE (AUXILIAR DE OBRAS - SINDUSCON),H,2.0875,21.07,ES,43.983625,2.0875,0.0,TABELA REFERENCIAL OBRAS - DER-ES - 2026-05 - MAI/XLS/tab_DER-EDIFICAÇÕES_2026_05_composicoes.xlsx!A12798 | TABELA REFERENCIAL OBRAS - DER-ES - 2026-05 - MAI/XLS/tab_DER-EDIFICAÇÕES_2026_05_composicoes.xlsx!A12817 > TABELA REFERENCIAL OBRAS - DER-ES - 2026-05 - MAI/XLS/tab_DER-EDIFICAÇÕES_2026_05_composicoes.xlsx!A44599
der_es,2026-05,130231,020503,Material,material,AREIA LAVADA MEDIA,M3,0.039,154.0,ES,6.006,0.0,0.0,TABELA REFERENCIAL OBRAS - DER-ES - 2026-05 - MAI/XLS/tab_DER-EDIFICAÇÕES_2026_05_composicoes.xlsx!A12809 | TABELA REFERENCIAL OBRAS - DER-ES - 2026-05 - MAI/XLS/tab_DER-EDIFICAÇÕES_2026_05_composicoes.xlsx!A12817 > TABELA REFERENCIAL OBRAS - DER-ES - 2026-05 - MAI/XLS/tab_DER-EDIFICAÇÕES_2026_05_composicoes.xlsx!A44610
der_es,2026-05,130231,020508,Material,material,CIMENTO PORTLAND CP III - 40,KG,25.78,0.57,ES,14.6946,0.0,0.0,TABELA REFERENCIAL OBRAS - DER-ES - 2026-05 - MAI/XLS/tab_DER-EDIFICAÇÕES_2026_05_composicoes.xlsx!A12810 | TABELA REFERENCIAL OBRAS - DER-ES - 2026-05 - MAI/XLS/tab_DER-EDIFICAÇÕES_2026_05_composicoes.xlsx!A12817 > TABELA REFERENCIAL OBRAS - DER-ES - 2026-05 - MAI/XLS/tab_DER-EDIFICAÇÕES_2026_05_composicoes.xlsx!A44611
der_es,2026-05,130231,035114,Material,material,JUNTA DE DILATACAO PLASTICA,M,2.0,1.78,ES,3.56,0.0,0.0,TABELA REFERENCIAL OBRAS - DER-ES - 2026-05 - MAI/XLS/tab_DER-EDIFICAÇÕES_2026_05_composicoes.xlsx!A12811
der_es,2026-05,130231,035504,Material,material,AGREGADO DE ALTA RESISTENCIA PARA PISOS,KG,16.0,1.24,ES,19.84,0.0,0.0,TABELA REFERENCIAL OBRAS - DER-ES - 2026-05 - MAI/XLS/tab_DER-EDIFICAÇÕES_2026_05_composicoes.xlsx!A12812
der_es,2026-05,130231,078735,Material,material,"TIJOLO ESMERIL 76,2X76,2X50,8 MM",UN,0.26,37.06,ES,9.6356,0.0,0.0,TABELA REFERENCIAL OBRAS - DER-ES - 2026-05 - MAI/XLS/tab_DER-EDIFICAÇÕES_2026_05_composicoes.xlsx!A12813
der_es,2026-05,130231,081152,Equipamento,equipamento,"POLIDORA DE PISO (POLITRIZ) ELETRICA, MOTOR MONOFASICO DE 4 HP, PESO DE 100 KG, DIAMETRO DO TRABALHO DE 450 MM",UND,0.00018515,8410.08,ES,1.557126312,0.0,0.0,TABELA REFERENCIAL OBRAS - DER-ES - 2026-05 - MAI/XLS/tab_DER-EDIFICAÇÕES_2026_05_composicoes.xlsx!A12818 > TABELA REFERENCIAL OBRAS - DER-ES - 2026-05 - MAI/XLS/tab_DER-EDIFICAÇÕES_2026_05_composicoes.xlsx!A46321 > TABELA REFERENCIAL OBRAS - DER-ES - 2026-05 - MAI/XLS/tab_DER-EDIFICAÇÕES_2026_05_composicoes.xlsx!A47009 | TABELA REFERENCIAL OBRAS - DER-ES - 2026-05 - MAI/XLS/tab_DER-EDIFICAÇÕES_2026_05_composicoes.xlsx!A12818 > TABELA REFERENCIAL OBRAS - DER-ES - 2026-05 - MAI/XLS/tab_DER-EDIFICAÇÕES_2026_05_composicoes.xlsx!A46322 > TABELA REFERENCIAL OBRAS - DER-ES - 2026-05 - MAI/XLS/tab_DER-EDIFICAÇÕES_2026_05_composicoes.xlsx!A47478 | TABELA REFERENCIAL OBRAS - DER-ES - 2026-05 - MAI/XLS/tab_DER-EDIFICAÇÕES_2026_05_composicoes.xlsx!A12818 > TABELA REFERENCIAL OBRAS - DER-ES - 2026-05 - MAI/XLS/tab_DER-EDIFICAÇÕES_2026_05_composicoes.xlsx!A46323 > TABELA REFERENCIAL OBRAS - DER-ES - 2026-05 - MAI/XLS/tab_DER-EDIFICAÇÕES_2026_05_composicoes.xlsx!A47948
der_es,2026-05,130231,131108,Material,material,"CONSUMO DE ENERGIA ELETRICA INDUSTRIAL ATE 2000 KWH, SEM DEMANDA",KWH,3.65125,0.96,ES,3.5052,0.0,0.0,TABELA REFERENCIAL OBRAS - DER-ES - 2026-05 - MAI/XLS/tab_DER-EDIFICAÇÕES_2026_05_composicoes.xlsx!A12818 > TABELA REFERENCIAL OBRAS - DER-ES - 2026-05 - MAI/XLS/tab_DER-EDIFICAÇÕES_2026_05_composicoes.xlsx!A46324 > TABELA REFERENCIAL OBRAS - DER-ES - 2026-05 - MAI/XLS/tab_DER-EDIFICAÇÕES_2026_05_composicoes.xlsx!A48426
der_es,2026-05,130233,010128,Mão-de-obra,mao_obra,LADRILHISTA (OFICIAL - SINDUSCON),H,0.9,27.86,ES,25.074,0.9,0.0,TABELA REFERENCIAL OBRAS - DER-ES - 2026-05 - MAI/XLS/tab_DER-EDIFICAÇÕES_2026_05_composicoes.xlsx!A12836
der_es,2026-05,130233,010146,Mão-de-obra,mao_obra,SERVENTE (AUXILIAR DE OBRAS - SINDUSCON),H,0.9,21.07,ES,18.963,0.9,0.0,TABELA REFERENCIAL OBRAS - DER-ES - 2026-05 - MAI/XLS/tab_DER-EDIFICAÇÕES_2026_05_composicoes.xlsx!A12837
der_es,2026-05,130233,020468,Material,material,REJUNTE PORCELANATO QUARTZOLIT,KG,0.224,16.46,ES,3.68704,0.0,0.0,TABELA REFERENCIAL OBRAS - DER-ES - 2026-05 - MAI/XLS/tab_DER-EDIFICAÇÕES_2026_05_composicoes.xlsx!A12848
der_es,2026-05,130233,020732,Material,material,ARGAM COLANTE FLEXIVEL AC III P/ ASSENT. PORCELANATO E PEDRAS (GRANITO E MÁRMORE),KG,8.0,1.77,ES,14.16,0.0,0.0,TABELA REFERENCIAL OBRAS - DER-ES - 2026-05 - MAI/XLS/tab_DER-EDIFICAÇÕES_2026_05_composicoes.xlsx!A12849
der_es,2026-05,130233,150301,Material,material,PORCELANATO ACABAMENTO ACETINADO 60X60CM CIMENTO CINZA BOLD,M2,1.02,79.14,ES,80.7228,0.0,0.0,TABELA REFERENCIAL OBRAS - DER-ES - 2026-05 - MAI/XLS/tab_DER-EDIFICAÇÕES_2026_05_composicoes.xlsx!A12850
der_es,2026-05,130234,010128,Mão-de-obra,mao_obra,LADRILHISTA (OFICIAL - SINDUSCON),H,0.9,27.86,ES,25.074,0.9,0.0,TABELA REFERENCIAL OBRAS - DER-ES - 2026-05 - MAI/XLS/tab_DER-EDIFICAÇÕES_2026_05_composicoes.xlsx!A12871
der_es,2026-05,130234,010146,Mão-de-obra,mao_obra,SERVENTE (AUXILIAR DE OBRAS - SINDUSCON),H,0.9,21.07,ES,18.963,0.9,0.0,TABELA REFERENCIAL OBRAS - DER-ES - 2026-05 - MAI/XLS/tab_DER-EDIFICAÇÕES_2026_05_composicoes.xlsx!A12872
der_es,2026-05,130234,020468,Material,material,REJUNTE PORCELANATO QUARTZOLIT,KG,0.224,16.46,ES,3.68704,0.0,0.0,TABELA REFERENCIAL OBRAS - DER-ES - 2026-05 - MAI/XLS/tab_DER-EDIFICAÇÕES_2026_05_composicoes.xlsx!A12883
der_es,2026-05,130234,020732,Material,material,ARGAM COLANTE FLEXIVEL AC III P/ ASSENT. PORCELANATO E PEDRAS (GRANITO E MÁRMORE),KG,8.0,1.77,ES,14.16,0.0,0.0,TABELA REFERENCIAL OBRAS - DER-ES - 2026-05 - MAI/XLS/tab_DER-EDIFICAÇÕES_2026_05_composicoes.xlsx!A12884
der_es,2026-05,130234,150302,Material,material,"PORCELANATO NATURAL RETIFICADO, 60X60CM, PLATINA NA ELIANE/EQUIV",M2,1.02,156.46,ES,159.5892,0.0,0.0,TABELA REFERENCIAL OBRAS - DER-ES - 2026-05 - MAI/XLS/tab_DER-EDIFICAÇÕES_2026_05_composicoes.xlsx!A12885
der_es,2026-05,130236,010128,Mão-de-obra,mao_obra,LADRILHISTA (OFICIAL - SINDUSCON),H,0.55,27.86,ES,15.323,0.55,0.0,TABELA REFERENCIAL OBRAS - DER-ES - 2026-05 - MAI/XLS/tab_DER-EDIFICAÇÕES_2026_05_composicoes.xlsx!A12906
der_es,2026-05,130236,010146,Mão-de-obra,mao_obra,SERVENTE (AUXILIAR DE OBRAS - SINDUSCON),H,0.42,21.07,ES,8.8494,0.42,0.0,TABELA REFERENCIAL OBRAS - DER-ES - 2026-05 - MAI/XLS/tab_DER-EDIFICAÇÕES_2026_05_composicoes.xlsx!A12907
der_es,2026-05,130236,020509,Material,material,CIMENTO BRANCO NAO ESTRUTURAL,KG,0.25,4.84,ES,1.21,0.0,0.0,TABELA REFERENCIAL OBRAS - DER-ES - 2026-05 - MAI/XLS/tab_DER-EDIFICAÇÕES_2026_05_composicoes.xlsx!A12918
der_es,2026-05,130236,020510,Material,material,CIMENTO COLANTE INDUSTRIALIZADO AC I,KG,4.5,0.94,ES,4.23,0.0,0.0,TABELA REFERENCIAL OBRAS - DER-ES - 2026-05 - MAI/XLS/tab_DER-EDIFICAÇÕES_2026_05_composicoes.xlsx!A12919
der_es,2026-05,130236,034787,Material,material,PISO CERAMICO 45X45 CM CARGO PLUS WHITE ELIANE - PEI 5,M2,1.05,59.84,ES,62.832,0.0,0.0,TABELA REFERENCIAL OBRAS - DER-ES - 2026-05 - MAI/XLS/tab_DER-EDIFICAÇÕES_2026_05_composicoes.xlsx!A12920
der_es,2026-05,130237,010128,Mão-de-obra,mao_obra,LADRILHISTA (OFICIAL - SINDUSCON),H,0.9,27.86,ES,25.074,0.9,0.0,TABELA REFERENCIAL OBRAS - DER-ES - 2026-05 - MAI/XLS/tab_DER-EDIFICAÇÕES_2026_05_composicoes.xlsx!A12941
der_es,2026-05,130237,010146,Mão-de-obra,mao_obra,SERVENTE (AUXILIAR DE OBRAS - SINDUSCON),H,0.9,21.07,ES,18.963,0.9,0.0,TABELA REFERENCIAL OBRAS - DER-ES - 2026-05 - MAI/XLS/tab_DER-EDIFICAÇÕES_2026_05_composicoes.xlsx!A12942
der_es,2026-05,130237,020732,Material,material,ARGAM COLANTE FLEXIVEL AC III P/ ASSENT. PORCELANATO E PEDRAS (GRANITO E MÁRMORE),KG,8.0,1.77,ES,14.16,0.0,0.0,TABELA REFERENCIAL OBRAS - DER-ES - 2026-05 - MAI/XLS/tab_DER-EDIFICAÇÕES_2026_05_composicoes.xlsx!A12953
der_es,2026-05,130403,010139,Mão-de-obra,mao_obra,PEDREIRO (OFICIAL - SINDUSCON),H,1.3785,27.86,ES,38.40501,1.3785,0.0,TABELA REFERENCIAL OBRAS - DER-ES - 2026-05 - MAI/XLS/tab_DER-EDIFICAÇÕES_2026_05_composicoes.xlsx!A13405
der_es,2026-05,130403,010146,Mão-de-obra,mao_obra,SERVENTE (AUXILIAR DE OBRAS - SINDUSCON),H,3.221,21.07,ES,67.86647,3.221,0.0,TABELA REFERENCIAL OBRAS - DER-ES - 2026-05 - MAI/XLS/tab_DER-EDIFICAÇÕES_2026_05_composicoes.xlsx!A13406
der_es,2026-05,130403,020503,Material,material,AREIA LAVADA MEDIA,M3,0.093065,154.0,ES,14.33201,0.0,0.0,TABELA REFERENCIAL OBRAS - DER-ES - 2026-05 - MAI/XLS/tab_DER-EDIFICAÇÕES_2026_05_composicoes.xlsx!A13417
der_es,2026-05,130403,020508,Material,material,CIMENTO PORTLAND CP III - 40,KG,33.98625,0.57,ES,19.3721625,0.0,0.0,TABELA REFERENCIAL OBRAS - DER-ES - 2026-05 - MAI/XLS/tab_DER-EDIFICAÇÕES_2026_05_composicoes.xlsx!A13418
der_es,2026-05,130403,020517,Material,material,BRITA 1,M3,0.033915,177.39,ES,6.01618185,0.0,0.0,TABELA REFERENCIAL OBRAS - DER-ES - 2026-05 - MAI/XLS/tab_DER-EDIFICAÇÕES_2026_05_composicoes.xlsx!A13419
der_es,2026-05,130403,020518,Material,material,BRITA 2,M3,0.033915,177.39,ES,6.01618185,0.0,0.0,TABELA REFERENCIAL OBRAS - DER-ES - 2026-05 - MAI/XLS/tab_DER-EDIFICAÇÕES_2026_05_composicoes.xlsx!A13420
der_es,2026-05,130403,049967,Material,material,"CONSUMO DE ENERGIA ELETRICA COMERCIAL, BAIXA TENSAO CONSUMO ATE 100KWH, INCLUIDO ICMS, PIS/PASEP E CONFINS",KWH,0.07965625,0.9,ES,0.071690625,0.0,0.0,TABELA REFERENCIAL OBRAS - DER-ES - 2026-05 - MAI/XLS/tab_DER-EDIFICAÇÕES_2026_05_composicoes.xlsx!A13424 > TABELA REFERENCIAL OBRAS - DER-ES - 2026-05 - MAI/XLS/tab_DER-EDIFICAÇÕES_2026_05_composicoes.xlsx!A45833 > TABELA REFERENCIAL OBRAS - DER-ES - 2026-05 - MAI/XLS/tab_DER-EDIFICAÇÕES_2026_05_composicoes.xlsx!A47992
der_es,2026-05,130403,081115,Equipamento,equipamento,"BETONEIRA CAPACIDADE NOMINAL 400L, CAPACIDADE DE MISTURA 280L, MOTOR ELETRICO TRIFASICO 220/380V POTENCIA 2CV, SEM CARREGADOR",UN,8.79405e-06,4950.0,ES,0.0435305475,0.0,0.0,TABELA REFERENCIAL OBRAS - DER-ES - 2026-05 - MAI/XLS/tab_DER-EDIFICAÇÕES_2026_05_composicoes.xlsx!A13424 > TABELA REFERENCIAL OBRAS - DER-ES - 2026-05 - MAI/XLS/tab_DER-EDIFICAÇÕES_2026_05_composicoes.xlsx!A45830 > TABELA REFERENCIAL OBRAS - DER-ES - 2026-05 - MAI/XLS/tab_DER-EDIFICAÇÕES_2026_05_composicoes.xlsx!A46570 | TABELA REFERENCIAL OBRAS - DER-ES - 2026-05 - MAI/XLS/tab_DER-EDIFICAÇÕES_2026_05_composicoes.xlsx!A13424 > TABELA REFERENCIAL OBRAS - DER-ES - 2026-05 - MAI/XLS/tab_DER-EDIFICAÇÕES_2026_05_composicoes.xlsx!A45831 > TABELA REFERENCIAL OBRAS - DER-ES - 2026-05 - MAI/XLS/tab_DER-EDIFICAÇÕES_2026_05_composicoes.xlsx!A47040 | TABELA REFERENCIAL OBRAS - DER-ES - 2026-05 - MAI/XLS/tab_DER-EDIFICAÇÕES_2026_05_composicoes.xlsx!A13424 > TABELA REFERENCIAL OBRAS - DER-ES - 2026-05 - MAI/XLS/tab_DER-EDIFICAÇÕES_2026_05_composicoes.xlsx!A45832 > TABELA REFERENCIAL OBRAS - DER-ES - 2026-05 - MAI/XLS/tab_DER-EDIFICAÇÕES_2026_05_composicoes.xlsx!A47509
der_es,2026-05,190101,010101,Mão-de-obra,mao_obra,AJUDANTE (AJUDANTE PRATICO - SINDUSCON),H,0.25,23.48,ES,5.87,0.25,0.0,TABELA REFERENCIAL OBRAS - DER-ES - 2026-05 - MAI/XLS/tab_DER-EDIFICAÇÕES_2026_05_composicoes.xlsx!A39182 | TABELA REFERENCIAL OBRAS - DER-ES - 2026-05 - MAI/XLS/tab_DER-EDIFICAÇÕES_2026_05_composicoes.xlsx!A39199 > TABELA REFERENCIAL OBRAS - DER-ES - 2026-05 - MAI/XLS/tab_DER-EDIFICAÇÕES_2026_05_composicoes.xlsx!A39629
der_es,2026-05,190101,010140,Mão-de-obra,mao_obra,PINTOR (OFICIAL - SINDUSCON),H,0.35,27.86,ES,9.751,0.35,0.0,TABELA REFERENCIAL OBRAS - DER-ES - 2026-05 - MAI/XLS/tab_DER-EDIFICAÇÕES_2026_05_composicoes.xlsx!A39183 | TABELA REFERENCIAL OBRAS - DER-ES - 2026-05 - MAI/XLS/tab_DER-EDIFICAÇÕES_2026_05_composicoes.xlsx!A39199 > TABELA REFERENCIAL OBRAS - DER-ES - 2026-05 - MAI/XLS/tab_DER-EDIFICAÇÕES_2026_05_composicoes.xlsx!A39630
der_es,2026-05,190101,038009,Material,material,LIQUIDO SELADOR PARA PINTURA LATEX PVA,L,0.12,12.31,ES,1.4772,0.0,0.0,TABELA REFERENCIAL OBRAS - DER-ES - 2026-05 - MAI/XLS/tab_DER-EDIFICAÇÕES_2026_05_composicoes.xlsx!A39199 > TABELA REFERENCIAL OBRAS - DER-ES - 2026-05 - MAI/XLS/tab_DER-EDIFICAÇÕES_2026_05_composicoes.xlsx!A39641
der_es,2026-05,190101,038013,Material,material,LIXA PARA MADEIRA/MASSA Nº 150,UN,0.5,0.92,ES,0.46,0.0,0.0,TABELA REFERENCIAL OBRAS - DER-ES - 2026-05 - MAI/XLS/tab_DER-EDIFICAÇÕES_2026_05_composicoes.xlsx!A39194
der_es,2026-05,190101,038017,Material,material,"MASSA A BASE DE PVA - SUVINIL, CORAL OU EQUIVALENTE",KG,0.7,3.96,ES,2.772,0.0,0.0,TABELA REFERENCIAL OBRAS - DER-ES - 2026-05 - MAI/XLS/tab_DER-EDIFICAÇÕES_2026_05_composicoes.xlsx!A39195
der_es,2026-05,190102,010101,Mão-de-obra,mao_obra,AJUDANTE (AJUDANTE PRATICO - SINDUSCON),H,0.25,23.48,ES,5.87,0.25,0.0,TABELA REFERENCIAL OBRAS - DER-ES - 2026-05 - MAI/XLS/tab_DER-EDIFICAÇÕES_2026_05_composicoes.xlsx!A39217
der_es,2026-05,190102,010140,Mão-de-obra,mao_obra,PINTOR (OFICIAL - SINDUSCON),H,0.35,27.86,ES,9.751,0.35,0.0,TABELA REFERENCIAL OBRAS - DER-ES - 2026-05 - MAI/XLS/tab_DER-EDIFICAÇÕES_2026_05_composicoes.xlsx!A39218
der_es,2026-05,190102,038013,Material,material,LIXA PARA MADEIRA/MASSA Nº 150,UN,0.5,0.92,ES,0.46,0.0,0.0,TABELA REFERENCIAL OBRAS - DER-ES - 2026-05 - MAI/XLS/tab_DER-EDIFICAÇÕES_2026_05_composicoes.xlsx!A39229
der_es,2026-05,190102,038016,Material,material,MASSA PARA MADEIRA A BASE D'AGUA SUVINIL/CORAL/EQUIVALENTE,KG,0.58,17.07,ES,9.9006,0.0,0.0,TABELA REFERENCIAL OBRAS - DER-ES - 2026-05 - MAI/XLS/tab_DER-EDIFICAÇÕES_2026_05_composicoes.xlsx!A39230
der_es,2026-05,190103,010101,Mão-de-obra,mao_obra,AJUDANTE (AJUDANTE PRATICO - SINDUSCON),H,0.25,23.48,ES,5.87,0.25,0.0,TABELA REFERENCIAL OBRAS - DER-ES - 2026-05 - MAI/XLS/tab_DER-EDIFICAÇÕES_2026_05_composicoes.xlsx!A39251 | TABELA REFERENCIAL OBRAS - DER-ES - 2026-05 - MAI/XLS/tab_DER-EDIFICAÇÕES_2026_05_composicoes.xlsx!A39268 > TABELA REFERENCIAL OBRAS - DER-ES - 2026-05 - MAI/XLS/tab_DER-EDIFICAÇÕES_2026_05_composicoes.xlsx!A39490
der_es,2026-05,190103,010140,Mão-de-obra,mao_obra,PINTOR (OFICIAL - SINDUSCON),H,0.35,27.86,ES,9.751,0.35,0.0,TABELA REFERENCIAL OBRAS - DER-ES - 2026-05 - MAI/XLS/tab_DER-EDIFICAÇÕES_2026_05_composicoes.xlsx!A39252 | TABELA REFERENCIAL OBRAS - DER-ES - 2026-05 - MAI/XLS/tab_DER-EDIFICAÇÕES_2026_05_composicoes.xlsx!A39268 > TABELA REFERENCIAL OBRAS - DER-ES - 2026-05 - MAI/XLS/tab_DER-EDIFICAÇÕES_2026_05_composicoes.xlsx!A39491
der_es,2026-05,190103,037519,Material,material,"SELADOR ACRILICO - SUVINIL, CORAL OU EQUIVALENTE",L,0.12,12.31,ES,1.4772,0.0,0.0,TABELA REFERENCIAL OBRAS - DER-ES - 2026-05 - MAI/XLS/tab_DER-EDIFICAÇÕES_2026_05_composicoes.xlsx!A39268 > TABELA REFERENCIAL OBRAS - DER-ES - 2026-05 - MAI/XLS/tab_DER-EDIFICAÇÕES_2026_05_composicoes.xlsx!A39502
der_es,2026-05,190103,038013,Material,material,LIXA PARA MADEIRA/MASSA Nº 150,UN,0.5,0.92,ES,0.46,0.0,0.0,TABELA REFERENCIAL OBRAS - DER-ES - 2026-05 - MAI/XLS/tab_DER-EDIFICAÇÕES_2026_05_composicoes.xlsx!A39263
der_es,2026-05,190103,038014,Material,material,"MASSA ACRILICA A BASE D'AGUA - SUVINIL, CORAL OU EQUIVALENTE",KG,0.7,8.29,ES,5.803,0.0,0.0,TABELA REFERENCIAL OBRAS - DER-ES - 2026-05 - MAI/XLS/tab_DER-EDIFICAÇÕES_2026_05_composicoes.xlsx!A39264
der_es,2026-05,190104,010101,Mão-de-obra,mao_obra,AJUDANTE (AJUDANTE PRATICO - SINDUSCON),H,0.39975,23.48,ES,9.38613,0.39975,0.0,TABELA REFERENCIAL OBRAS - DER-ES - 2026-05 - MAI/XLS/tab_DER-EDIFICAÇÕES_2026_05_composicoes.xlsx!A39286 | TABELA REFERENCIAL OBRAS - DER-ES - 2026-05 - MAI/XLS/tab_DER-EDIFICAÇÕES_2026_05_composicoes.xlsx!A39303 > TABELA REFERENCIAL OBRAS - DER-ES - 2026-05 - MAI/XLS/tab_DER-EDIFICAÇÕES_2026_05_composicoes.xlsx!A39629
der_es,2026-05,190104,010140,Mão-de-obra,mao_obra,PINTOR (OFICIAL - SINDUSCON),H,0.5,27.86,ES,13.93,0.5,0.0,TABELA REFERENCIAL OBRAS - DER-ES - 2026-05 - MAI/XLS/tab_DER-EDIFICAÇÕES_2026_05_composicoes.xlsx!A39287 | TABELA REFERENCIAL OBRAS - DER-ES - 2026-05 - MAI/XLS/tab_DER-EDIFICAÇÕES_2026_05_composicoes.xlsx!A39303 > TABELA REFERENCIAL OBRAS - DER-ES - 2026-05 - MAI/XLS/tab_DER-EDIFICAÇÕES_2026_05_composicoes.xlsx!A39630
der_es,2026-05,190104,037513,Material,material,"TINTA LATEX PVA - LINHA PREMIUM - SUVINIL, CORAL OU EQUIVALENTE",L,0.24,24.2,ES,5.808,0.0,0.0,TABELA REFERENCIAL OBRAS - DER-ES - 2026-05 - MAI/XLS/tab_DER-EDIFICAÇÕES_2026_05_composicoes.xlsx!A39298
der_es,2026-05,190104,038009,Material,material,LIQUIDO SELADOR PARA PINTURA LATEX PVA,L,0.12,12.31,ES,1.4772,0.0,0.0,TABELA REFERENCIAL OBRAS - DER-ES - 2026-05 - MAI/XLS/tab_DER-EDIFICAÇÕES_2026_05_composicoes.xlsx!A39303 > TABELA REFERENCIAL OBRAS - DER-ES - 2026-05 - MAI/XLS/tab_DER-EDIFICAÇÕES_2026_05_composicoes.xlsx!A39641
der_es,2026-05,190104,038013,Material,material,LIXA PARA MADEIRA/MASSA Nº 150,UN,0.25,0.92,ES,0.23,0.0,0.0,TABELA REFERENCIAL OBRAS - DER-ES - 2026-05 - MAI/XLS/tab_DER-EDIFICAÇÕES_2026_05_composicoes.xlsx!A39299
der_es,2026-05,190105,010101,Mão-de-obra,mao_obra,AJUDANTE (AJUDANTE PRATICO - SINDUSCON),H,0.4,23.48,ES,9.392,0.4,0.0,TABELA REFERENCIAL OBRAS - DER-ES - 2026-05 - MAI/XLS/tab_DER-EDIFICAÇÕES_2026_05_composicoes.xlsx!A39321 | TABELA REFERENCIAL OBRAS - DER-ES - 2026-05 - MAI/XLS/tab_DER-EDIFICAÇÕES_2026_05_composicoes.xlsx!A39339 > TABELA REFERENCIAL OBRAS - DER-ES - 2026-05 - MAI/XLS/tab_DER-EDIFICAÇÕES_2026_05_composicoes.xlsx!A39490
der_es,2026-05,190105,010140,Mão-de-obra,mao_obra,PINTOR (OFICIAL - SINDUSCON),H,0.5,27.86,ES,13.93,0.5,0.0,TABELA REFERENCIAL OBRAS - DER-ES - 2026-05 - MAI/XLS/tab_DER-EDIFICAÇÕES_2026_05_composicoes.xlsx!A39322 | TABELA REFERENCIAL OBRAS - DER-ES - 2026-05 - MAI/XLS/tab_DER-EDIFICAÇÕES_2026_05_composicoes.xlsx!A39339 > TABELA REFERENCIAL OBRAS - DER-ES - 2026-05 - MAI/XLS/tab_DER-EDIFICAÇÕES_2026_05_composicoes.xlsx!A39491
der_es,2026-05,190105,037502,Material,material,ESMALTE SINTETICO BRANCO FOSCO - LINHA PREMIUM,L,0.24,40.15,ES,9.636,0.0,0.0,TABELA REFERENCIAL OBRAS - DER-ES - 2026-05 - MAI/XLS/tab_DER-EDIFICAÇÕES_2026_05_composicoes.xlsx!A39333
der_es,2026-05,190105,037519,Material,material,"SELADOR ACRILICO - SUVINIL, CORAL OU EQUIVALENTE",L,0.12,12.31,ES,1.4772,0.0,0.0,TABELA REFERENCIAL OBRAS - DER-ES - 2026-05 - MAI/XLS/tab_DER-EDIFICAÇÕES_2026_05_composicoes.xlsx!A39339 > TABELA REFERENCIAL OBRAS - DER-ES - 2026-05 - MAI/XLS/tab_DER-EDIFICAÇÕES_2026_05_composicoes.xlsx!A39502
der_es,2026-05,190105,038001,Material,material,"AGUARRAS MINERAL - SUVINIL, CORAL OU EQUIVALENTE",L,0.05,15.32,ES,0.766,0.0,0.0,TABELA REFERENCIAL OBRAS - DER-ES - 2026-05 - MAI/XLS/tab_DER-EDIFICAÇÕES_2026_05_composicoes.xlsx!A39334
der_es,2026-05,190105,038013,Material,material,LIXA PARA MADEIRA/MASSA Nº 150,UN,0.4,0.92,ES,0.368,0.0,0.0,TABELA REFERENCIAL OBRAS - DER-ES - 2026-05 - MAI/XLS/tab_DER-EDIFICAÇÕES_2026_05_composicoes.xlsx!A39335
der_es,2026-05,190106,010101,Mão-de-obra,mao_obra,AJUDANTE (AJUDANTE PRATICO - SINDUSCON),H,0.4,23.48,ES,9.392,0.4,0.0,TABELA REFERENCIAL OBRAS - DER-ES - 2026-05 - MAI/XLS/tab_DER-EDIFICAÇÕES_2026_05_composicoes.xlsx!A39357 | TABELA REFERENCIAL OBRAS - DER-ES - 2026-05 - MAI/XLS/tab_DER-EDIFICAÇÕES_2026_05_composicoes.xlsx!A39374 > TABELA REFERENCIAL OBRAS - DER-ES - 2026-05 - MAI/XLS/tab_DER-EDIFICAÇÕES_2026_05_composicoes.xlsx!A39490
der_es,2026-05,190106,010140,Mão-de-obra,mao_obra,PINTOR (OFICIAL - SINDUSCON),H,0.5,27.86,ES,13.93,0.5,0.0,TABELA REFERENCIAL OBRAS - DER-ES - 2026-05 - MAI/XLS/tab_DER-EDIFICAÇÕES_2026_05_composicoes.xlsx!A39358 | TABELA REFERENCIAL OBRAS - DER-ES - 2026-05 - MAI/XLS/tab_DER-EDIFICAÇÕES_2026_05_composicoes.xlsx!A39374 > TABELA REFERENCIAL OBRAS - DER-ES - 2026-05 - MAI/XLS/tab_DER-EDIFICAÇÕES_2026_05_composicoes.xlsx!A39491
der_es,2026-05,190106,037514,Material,material,TINTA LATEX ACRILICA FOSCA - LINHA PREMIUM,L,0.24,26.75,ES,6.42,0.0,0.0,TABELA REFERENCIAL OBRAS - DER-ES - 2026-05 - MAI/XLS/tab_DER-EDIFICAÇÕES_2026_05_composicoes.xlsx!A39369
der_es,2026-05,190106,037519,Material,material,"SELADOR ACRILICO - SUVINIL, CORAL OU EQUIVALENTE",L,0.12,12.31,ES,1.4772,0.0,0.0,TABELA REFERENCIAL OBRAS - DER-ES - 2026-05 - MAI/XLS/tab_DER-EDIFICAÇÕES_2026_05_composicoes.xlsx!A39374 > TABELA REFERENCIAL OBRAS - DER-ES - 2026-05 - MAI/XLS/tab_DER-EDIFICAÇÕES_2026_05_composicoes.xlsx!A39502
der_es,2026-05,190106,038013,Material,material,LIXA PARA MADEIRA/MASSA Nº 150,UN,0.25,0.92,ES,0.23,0.0,0.0,TABELA REFERENCIAL OBRAS - DER-ES - 2026-05 - MAI/XLS/tab_DER-EDIFICAÇÕES_2026_05_composicoes.xlsx!A39370
der_es,2026-05,190107,010146,Mão-de-obra,mao_obra,SERVENTE (AUXILIAR DE OBRAS - SINDUSCON),H,0.2,21.07,ES,4.214,0.2,0.0,TABELA REFERENCIAL OBRAS - DER-ES - 2026-05 - MAI/XLS/tab_DER-EDIFICAÇÕES_2026_05_composicoes.xlsx!A39392
der_es,2026-05,190107,020508,Material,material,CIMENTO PORTLAND CP III - 40,KG,1.0,0.57,ES,0.57,0.0,0.0,TABELA REFERENCIAL OBRAS - DER-ES - 2026-05 - MAI/XLS/tab_DER-EDIFICAÇÕES_2026_05_composicoes.xlsx!A39403
der_es,2026-05,190108,010140,Mão-de-obra,mao_obra,PINTOR (OFICIAL - SINDUSCON),H,0.4,27.86,ES,11.144,0.4,0.0,TABELA REFERENCIAL OBRAS - DER-ES - 2026-05 - MAI/XLS/tab_DER-EDIFICAÇÕES_2026_05_composicoes.xlsx!A39424
der_es,2026-05,190108,010146,Mão-de-obra,mao_obra,SERVENTE (AUXILIAR DE OBRAS - SINDUSCON),H,0.015,21.07,ES,0.31605,0.015,0.0,TABELA REFERENCIAL OBRAS - DER-ES - 2026-05 - MAI/XLS/tab_DER-EDIFICAÇÕES_2026_05_composicoes.xlsx!A39425
der_es,2026-05,190108,038003,Material,material,CAL EM PO PARA PINTURA,KG,0.6,1.69,ES,1.014,0.0,0.0,TABELA REFERENCIAL OBRAS - DER-ES - 2026-05 - MAI/XLS/tab_DER-EDIFICAÇÕES_2026_05_composicoes.xlsx!A39436
der_es,2026-05,190108,038018,Material,material,OLEO DE LINHACA,KG,0.0225,31.22,ES,0.70245,0.0,0.0,TABELA REFERENCIAL OBRAS - DER-ES - 2026-05 - MAI/XLS/tab_DER-EDIFICAÇÕES_2026_05_composicoes.xlsx!A39437
der_es,2026-05,190114,010101,Mão-de-obra,mao_obra,AJUDANTE (AJUDANTE PRATICO - SINDUSCON),H,0.019,23.48,ES,0.44612,0.019,0.0,TABELA REFERENCIAL OBRAS - DER-ES - 2026-05 - MAI/XLS/tab_DER-EDIFICAÇÕES_2026_05_composicoes.xlsx!A39490
der_es,2026-05,190114,010140,Mão-de-obra,mao_obra,PINTOR (OFICIAL - SINDUSCON),H,0.051,27.86,ES,1.42086,0.051,0.0,TABELA REFERENCIAL OBRAS - DER-ES - 2026-05 - MAI/XLS/tab_DER-EDIFICAÇÕES_2026_05_composicoes.xlsx!A39491
der_es,2026-05,190114,037519,Material,material,"SELADOR ACRILICO - SUVINIL, CORAL OU EQUIVALENTE",L,0.12,12.31,ES,1.4772,0.0,0.0,TABELA REFERENCIAL OBRAS - DER-ES - 2026-05 - MAI/XLS/tab_DER-EDIFICAÇÕES_2026_05_composicoes.xlsx!A39502
der_es,2026-05,190115,010101,Mão-de-obra,mao_obra,AJUDANTE (AJUDANTE PRATICO - SINDUSCON),H,0.34975,23.48,ES,8.21213,0.34975,0.0,TABELA REFERENCIAL OBRAS - DER-ES - 2026-05 - MAI/XLS/tab_DER-EDIFICAÇÕES_2026_05_composicoes.xlsx!A39523 | TABELA REFERENCIAL OBRAS - DER-ES - 2026-05 - MAI/XLS/tab_DER-EDIFICAÇÕES_2026_05_composicoes.xlsx!A39540 > TABELA REFERENCIAL OBRAS - DER-ES - 2026-05 - MAI/XLS/tab_DER-EDIFICAÇÕES_2026_05_composicoes.xlsx!A39629
der_es,2026-05,190115,010140,Mão-de-obra,mao_obra,PINTOR (OFICIAL - SINDUSCON),H,0.4,27.86,ES,11.144,0.4,0.0,TABELA REFERENCIAL OBRAS - DER-ES - 2026-05 - MAI/XLS/tab_DER-EDIFICAÇÕES_2026_05_composicoes.xlsx!A39524 | TABELA REFERENCIAL OBRAS - DER-ES - 2026-05 - MAI/XLS/tab_DER-EDIFICAÇÕES_2026_05_composicoes.xlsx!A39540 > TABELA REFERENCIAL OBRAS - DER-ES - 2026-05 - MAI/XLS/tab_DER-EDIFICAÇÕES_2026_05_composicoes.xlsx!A39630
der_es,2026-05,190115,037513,Material,material,"TINTA LATEX PVA - LINHA PREMIUM - SUVINIL, CORAL OU EQUIVALENTE",L,0.17,24.2,ES,4.114,0.0,0.0,TABELA REFERENCIAL OBRAS - DER-ES - 2026-05 - MAI/XLS/tab_DER-EDIFICAÇÕES_2026_05_composicoes.xlsx!A39535
der_es,2026-05,190115,038009,Material,material,LIQUIDO SELADOR PARA PINTURA LATEX PVA,L,0.12,12.31,ES,1.4772,0.0,0.0,TABELA REFERENCIAL OBRAS - DER-ES - 2026-05 - MAI/XLS/tab_DER-EDIFICAÇÕES_2026_05_composicoes.xlsx!A39540 > TABELA REFERENCIAL OBRAS - DER-ES - 2026-05 - MAI/XLS/tab_DER-EDIFICAÇÕES_2026_05_composicoes.xlsx!A39641
der_es,2026-05,190115,038013,Material,material,LIXA PARA MADEIRA/MASSA Nº 150,UN,0.25,0.92,ES,0.23,0.0,0.0,TABELA REFERENCIAL OBRAS - DER-ES - 2026-05 - MAI/XLS/tab_DER-EDIFICAÇÕES_2026_05_composicoes.xlsx!A39536
der_es,2026-05,190116,010101,Mão-de-obra,mao_obra,AJUDANTE (AJUDANTE PRATICO - SINDUSCON),H,0.3425,23.48,ES,8.0419,0.3425,0.0,TABELA REFERENCIAL OBRAS - DER-ES - 2026-05 - MAI/XLS/tab_DER-EDIFICAÇÕES_2026_05_composicoes.xlsx!A39558 | TABELA REFERENCIAL OBRAS - DER-ES - 2026-05 - MAI/XLS/tab_DER-EDIFICAÇÕES_2026_05_composicoes.xlsx!A39576 > TABELA REFERENCIAL OBRAS - DER-ES - 2026-05 - MAI/XLS/tab_DER-EDIFICAÇÕES_2026_05_composicoes.xlsx!A39490
der_es,2026-05,190116,010140,Mão-de-obra,mao_obra,PINTOR (OFICIAL - SINDUSCON),H,0.3985,27.86,ES,11.10221,0.3985,0.0,TABELA REFERENCIAL OBRAS - DER-ES - 2026-05 - MAI/XLS/tab_DER-EDIFICAÇÕES_2026_05_composicoes.xlsx!A39559 | TABELA REFERENCIAL OBRAS - DER-ES - 2026-05 - MAI/XLS/tab_DER-EDIFICAÇÕES_2026_05_composicoes.xlsx!A39576 > TABELA REFERENCIAL OBRAS - DER-ES - 2026-05 - MAI/XLS/tab_DER-EDIFICAÇÕES_2026_05_composicoes.xlsx!A39491
der_es,2026-05,190116,037502,Material,material,ESMALTE SINTETICO BRANCO FOSCO - LINHA PREMIUM,L,0.17,40.15,ES,6.8255,0.0,0.0,TABELA REFERENCIAL OBRAS - DER-ES - 2026-05 - MAI/XLS/tab_DER-EDIFICAÇÕES_2026_05_composicoes.xlsx!A39570
der_es,2026-05,190116,037519,Material,material,"SELADOR ACRILICO - SUVINIL, CORAL OU EQUIVALENTE",L,0.12,12.31,ES,1.4772,0.0,0.0,TABELA REFERENCIAL OBRAS - DER-ES - 2026-05 - MAI/XLS/tab_DER-EDIFICAÇÕES_2026_05_composicoes.xlsx!A39576 > TABELA REFERENCIAL OBRAS - DER-ES - 2026-05 - MAI/XLS/tab_DER-EDIFICAÇÕES_2026_05_composicoes.xlsx!A39502
der_es,2026-05,190116,038001,Material,material,"AGUARRAS MINERAL - SUVINIL, CORAL OU EQUIVALENTE",L,0.05,15.32,ES,0.766,0.0,0.0,TABELA REFERENCIAL OBRAS - DER-ES - 2026-05 - MAI/XLS/tab_DER-EDIFICAÇÕES_2026_05_composicoes.xlsx!A39571
der_es,2026-05,190116,038013,Material,material,LIXA PARA MADEIRA/MASSA Nº 150,UN,0.25,0.92,ES,0.23,0.0,0.0,TABELA REFERENCIAL OBRAS - DER-ES - 2026-05 - MAI/XLS/tab_DER-EDIFICAÇÕES_2026_05_composicoes.xlsx!A39572
der_es,2026-05,190117,010101,Mão-de-obra,mao_obra,AJUDANTE (AJUDANTE PRATICO - SINDUSCON),H,0.3425,23.48,ES,8.0419,0.3425,0.0,TABELA REFERENCIAL OBRAS - DER-ES - 2026-05 - MAI/XLS/tab_DER-EDIFICAÇÕES_2026_05_composicoes.xlsx!A39594 | TABELA REFERENCIAL OBRAS - DER-ES - 2026-05 - MAI/XLS/tab_DER-EDIFICAÇÕES_2026_05_composicoes.xlsx!A39611 > TABELA REFERENCIAL OBRAS - DER-ES - 2026-05 - MAI/XLS/tab_DER-EDIFICAÇÕES_2026_05_composicoes.xlsx!A39490
der_es,2026-05,190117,010140,Mão-de-obra,mao_obra,PINTOR (OFICIAL - SINDUSCON),H,0.3985,27.86,ES,11.10221,0.3985,0.0,TABELA REFERENCIAL OBRAS - DER-ES - 2026-05 - MAI/XLS/tab_DER-EDIFICAÇÕES_2026_05_composicoes.xlsx!A39595 | TABELA REFERENCIAL OBRAS - DER-ES - 2026-05 - MAI/XLS/tab_DER-EDIFICAÇÕES_2026_05_composicoes.xlsx!A39611 > TABELA REFERENCIAL OBRAS - DER-ES - 2026-05 - MAI/XLS/tab_DER-EDIFICAÇÕES_2026_05_composicoes.xlsx!A39491
der_es,2026-05,190117,037514,Material,material,TINTA LATEX ACRILICA FOSCA - LINHA PREMIUM,L,0.17,26.75,ES,4.5475,0.0,0.0,TABELA REFERENCIAL OBRAS - DER-ES - 2026-05 - MAI/XLS/tab_DER-EDIFICAÇÕES_2026_05_composicoes.xlsx!A39606
der_es,2026-05,190117,037519,Material,material,"SELADOR ACRILICO - SUVINIL, CORAL OU EQUIVALENTE",L,0.12,12.31,ES,1.4772,0.0,0.0,TABELA REFERENCIAL OBRAS - DER-ES - 2026-05 - MAI/XLS/tab_DER-EDIFICAÇÕES_2026_05_composicoes.xlsx!A39611 > TABELA REFERENCIAL OBRAS - DER-ES - 2026-05 - MAI/XLS/tab_DER-EDIFICAÇÕES_2026_05_composicoes.xlsx!A39502
der_es,2026-05,190117,038013,Material,material,LIXA PARA MADEIRA/MASSA Nº 150,UN,0.25,0.92,ES,0.23,0.0,0.0,TABELA REFERENCIAL OBRAS - DER-ES - 2026-05 - MAI/XLS/tab_DER-EDIFICAÇÕES_2026_05_composicoes.xlsx!A39607
der_es,2026-05,190121,010101,Mão-de-obra,mao_obra,AJUDANTE (AJUDANTE PRATICO - SINDUSCON),H,0.02625,23.48,ES,0.61635,0.02625,0.0,TABELA REFERENCIAL OBRAS - DER-ES - 2026-05 - MAI/XLS/tab_DER-EDIFICAÇÕES_2026_05_composicoes.xlsx!A39629
der_es,2026-05,190121,010140,Mão-de-obra,mao_obra,PINTOR (OFICIAL - SINDUSCON),H,0.0525,27.86,ES,1.46265,0.0525,0.0,TABELA REFERENCIAL OBRAS - DER-ES - 2026-05 - MAI/XLS/tab_DER-EDIFICAÇÕES_2026_05_composicoes.xlsx!A39630
der_es,2026-05,190121,038009,Material,material,LIQUIDO SELADOR PARA PINTURA LATEX PVA,L,0.12,12.31,ES,1.4772,0.0,0.0,TABELA REFERENCIAL OBRAS - DER-ES - 2026-05 - MAI/XLS/tab_DER-EDIFICAÇÕES_2026_05_composicoes.xlsx!A39641
der_es,2026-05,190201,010101,Mão-de-obra,mao_obra,AJUDANTE (AJUDANTE PRATICO - SINDUSCON),H,0.1,23.48,ES,2.348,0.1,0.0,TABELA REFERENCIAL OBRAS - DER-ES - 2026-05 - MAI/XLS/tab_DER-EDIFICAÇÕES_2026_05_composicoes.xlsx!A39662
der_es,2026-05,190201,010140,Mão-de-obra,mao_obra,PINTOR (OFICIAL - SINDUSCON),H,0.15,27.86,ES,4.179,0.15,0.0,TABELA REFERENCIAL OBRAS - DER-ES - 2026-05 - MAI/XLS/tab_DER-EDIFICAÇÕES_2026_05_composicoes.xlsx!A39663
der_es,2026-05,190201,038025,Material,material,VERNIZ ACRILICO PARA CONCRETO,L,0.29,33.96,ES,9.8484,0.0,0.0,TABELA REFERENCIAL OBRAS - DER-ES - 2026-05 - MAI/XLS/tab_DER-EDIFICAÇÕES_2026_05_composicoes.xlsx!A39674
der_es,2026-05,190202,010101,Mão-de-obra,mao_obra,AJUDANTE (AJUDANTE PRATICO - SINDUSCON),H,0.1,23.48,ES,2.348,0.1,0.0,TABELA REFERENCIAL OBRAS - DER-ES - 2026-05 - MAI/XLS/tab_DER-EDIFICAÇÕES_2026_05_composicoes.xlsx!A39695
der_es,2026-05,190202,010140,Mão-de-obra,mao_obra,PINTOR (OFICIAL - SINDUSCON),H,0.25,27.86,ES,6.965,0.25,0.0,TABELA REFERENCIAL OBRAS - DER-ES - 2026-05 - MAI/XLS/tab_DER-EDIFICAÇÕES_2026_05_composicoes.xlsx!A39696
der_es,2026-05,190202,038022,Material,material,SILICONE - HIDROFUGANTE,L,0.25,39.04,ES,9.76,0.0,0.0,TABELA REFERENCIAL OBRAS - DER-ES - 2026-05 - MAI/XLS/tab_DER-EDIFICAÇÕES_2026_05_composicoes.xlsx!A39707
der_es,2026-05,190203,010101,Mão-de-obra,mao_obra,AJUDANTE (AJUDANTE PRATICO - SINDUSCON),H,0.245,23.48,ES,5.7526,0.245,0.0,TABELA REFERENCIAL OBRAS - DER-ES - 2026-05 - MAI/XLS/tab_DER-EDIFICAÇÕES_2026_05_composicoes.xlsx!A39728 | TABELA REFERENCIAL OBRAS - DER-ES - 2026-05 - MAI/XLS/tab_DER-EDIFICAÇÕES_2026_05_composicoes.xlsx!A39745 > TABELA REFERENCIAL OBRAS - DER-ES - 2026-05 - MAI/XLS/tab_DER-EDIFICAÇÕES_2026_05_composicoes.xlsx!A39490
der_es,2026-05,190203,010140,Mão-de-obra,mao_obra,PINTOR (OFICIAL - SINDUSCON),H,0.5,27.86,ES,13.93,0.5,0.0,TABELA REFERENCIAL OBRAS - DER-ES - 2026-05 - MAI/XLS/tab_DER-EDIFICAÇÕES_2026_05_composicoes.xlsx!A39729 | TABELA REFERENCIAL OBRAS - DER-ES - 2026-05 - MAI/XLS/tab_DER-EDIFICAÇÕES_2026_05_composicoes.xlsx!A39745 > TABELA REFERENCIAL OBRAS - DER-ES - 2026-05 - MAI/XLS/tab_DER-EDIFICAÇÕES_2026_05_composicoes.xlsx!A39491
der_es,2026-05,190203,037514,Material,material,TINTA LATEX ACRILICA FOSCA - LINHA PREMIUM,L,0.3,26.75,ES,8.025,0.0,0.0,TABELA REFERENCIAL OBRAS - DER-ES - 2026-05 - MAI/XLS/tab_DER-EDIFICAÇÕES_2026_05_composicoes.xlsx!A39740
der_es,2026-05,190203,037519,Material,material,"SELADOR ACRILICO - SUVINIL, CORAL OU EQUIVALENTE",L,0.12,12.31,ES,1.4772,0.0,0.0,TABELA REFERENCIAL OBRAS - DER-ES - 2026-05 - MAI/XLS/tab_DER-EDIFICAÇÕES_2026_05_composicoes.xlsx!A39745 > TABELA REFERENCIAL OBRAS - DER-ES - 2026-05 - MAI/XLS/tab_DER-EDIFICAÇÕES_2026_05_composicoes.xlsx!A39502
der_es,2026-05,190203,038013,Material,material,LIXA PARA MADEIRA/MASSA Nº 150,UN,0.3,0.92,ES,0.276,0.0,0.0,TABELA REFERENCIAL OBRAS - DER-ES - 2026-05 - MAI/XLS/tab_DER-EDIFICAÇÕES_2026_05_composicoes.xlsx!A39741
der_es,2026-05,190204,010101,Mão-de-obra,mao_obra,AJUDANTE (AJUDANTE PRATICO - SINDUSCON),H,0.6,23.48,ES,14.088,0.6,0.0,TABELA REFERENCIAL OBRAS - DER-ES - 2026-05 - MAI/XLS/tab_DER-EDIFICAÇÕES_2026_05_composicoes.xlsx!A39763 | TABELA REFERENCIAL OBRAS - DER-ES - 2026-05 - MAI/XLS/tab_DER-EDIFICAÇÕES_2026_05_composicoes.xlsx!A39780 > TABELA REFERENCIAL OBRAS - DER-ES - 2026-05 - MAI/XLS/tab_DER-EDIFICAÇÕES_2026_05_composicoes.xlsx!A39490
der_es,2026-05,190204,010140,Mão-de-obra,mao_obra,PINTOR (OFICIAL - SINDUSCON),H,0.65,27.86,ES,18.109,0.65,0.0,TABELA REFERENCIAL OBRAS - DER-ES - 2026-05 - MAI/XLS/tab_DER-EDIFICAÇÕES_2026_05_composicoes.xlsx!A39764 | TABELA REFERENCIAL OBRAS - DER-ES - 2026-05 - MAI/XLS/tab_DER-EDIFICAÇÕES_2026_05_composicoes.xlsx!A39780 > TABELA REFERENCIAL OBRAS - DER-ES - 2026-05 - MAI/XLS/tab_DER-EDIFICAÇÕES_2026_05_composicoes.xlsx!A39491
der_es,2026-05,190204,037514,Material,material,TINTA LATEX ACRILICA FOSCA - LINHA PREMIUM,L,0.17,26.75,ES,4.5475,0.0,0.0,TABELA REFERENCIAL OBRAS - DER-ES - 2026-05 - MAI/XLS/tab_DER-EDIFICAÇÕES_2026_05_composicoes.xlsx!A39775
der_es,2026-05,190204,037519,Material,material,"SELADOR ACRILICO - SUVINIL, CORAL OU EQUIVALENTE",L,0.12,12.31,ES,1.4772,0.0,0.0,TABELA REFERENCIAL OBRAS - DER-ES - 2026-05 - MAI/XLS/tab_DER-EDIFICAÇÕES_2026_05_composicoes.xlsx!A39780 > TABELA REFERENCIAL OBRAS - DER-ES - 2026-05 - MAI/XLS/tab_DER-EDIFICAÇÕES_2026_05_composicoes.xlsx!A39502
der_es,2026-05,190204,038013,Material,material,LIXA PARA MADEIRA/MASSA Nº 150,UN,0.25,0.92,ES,0.23,0.0,0.0,TABELA REFERENCIAL OBRAS - DER-ES - 2026-05 - MAI/XLS/tab_DER-EDIFICAÇÕES_2026_05_composicoes.xlsx!A39776
der_es,2026-05,190205,010140,Mão-de-obra,mao_obra,PINTOR (OFICIAL - SINDUSCON),H,0.4,27.86,ES,11.144,0.4,0.0,TABELA REFERENCIAL OBRAS - DER-ES - 2026-05 - MAI/XLS/tab_DER-EDIFICAÇÕES_2026_05_composicoes.xlsx!A39798
der_es,2026-05,190205,038003,Material,material,CAL EM PO PARA PINTURA,KG,0.8,1.69,ES,1.352,0.0,0.0,TABELA REFERENCIAL OBRAS - DER-ES - 2026-05 - MAI/XLS/tab_DER-EDIFICAÇÕES_2026_05_composicoes.xlsx!A39809
der_es,2026-05,190205,038018,Material,material,OLEO DE LINHACA,KG,0.0225,31.22,ES,0.70245,0.0,0.0,TABELA REFERENCIAL OBRAS - DER-ES - 2026-05 - MAI/XLS/tab_DER-EDIFICAÇÕES_2026_05_composicoes.xlsx!A39810
der_es,2026-05,190211,010101,Mão-de-obra,mao_obra,AJUDANTE (AJUDANTE PRATICO - SINDUSCON),H,0.34975,23.48,ES,8.21213,0.34975,0.0,TABELA REFERENCIAL OBRAS - DER-ES - 2026-05 - MAI/XLS/tab_DER-EDIFICAÇÕES_2026_05_composicoes.xlsx!A39831 | TABELA REFERENCIAL OBRAS - DER-ES - 2026-05 - MAI/XLS/tab_DER-EDIFICAÇÕES_2026_05_composicoes.xlsx!A39848 > TABELA REFERENCIAL OBRAS - DER-ES - 2026-05 - MAI/XLS/tab_DER-EDIFICAÇÕES_2026_05_composicoes.xlsx!A39629
der_es,2026-05,190211,010140,Mão-de-obra,mao_obra,PINTOR (OFICIAL - SINDUSCON),H,0.4,27.86,ES,11.144,0.4,0.0,TABELA REFERENCIAL OBRAS - DER-ES - 2026-05 - MAI/XLS/tab_DER-EDIFICAÇÕES_2026_05_composicoes.xlsx!A39832 | TABELA REFERENCIAL OBRAS - DER-ES - 2026-05 - MAI/XLS/tab_DER-EDIFICAÇÕES_2026_05_composicoes.xlsx!A39848 > TABELA REFERENCIAL OBRAS - DER-ES - 2026-05 - MAI/XLS/tab_DER-EDIFICAÇÕES_2026_05_composicoes.xlsx!A39630
der_es,2026-05,190211,037513,Material,material,"TINTA LATEX PVA - LINHA PREMIUM - SUVINIL, CORAL OU EQUIVALENTE",L,0.17,24.2,ES,4.114,0.0,0.0,TABELA REFERENCIAL OBRAS - DER-ES - 2026-05 - MAI/XLS/tab_DER-EDIFICAÇÕES_2026_05_composicoes.xlsx!A39843
der_es,2026-05,190211,038009,Material,material,LIQUIDO SELADOR PARA PINTURA LATEX PVA,L,0.12,12.31,ES,1.4772,0.0,0.0,TABELA REFERENCIAL OBRAS - DER-ES - 2026-05 - MAI/XLS/tab_DER-EDIFICAÇÕES_2026_05_composicoes.xlsx!A39848 > TABELA REFERENCIAL OBRAS - DER-ES - 2026-05 - MAI/XLS/tab_DER-EDIFICAÇÕES_2026_05_composicoes.xlsx!A39641
der_es,2026-05,190211,038013,Material,material,LIXA PARA MADEIRA/MASSA Nº 150,UN,0.25,0.92,ES,0.23,0.0,0.0,TABELA REFERENCIAL OBRAS - DER-ES - 2026-05 - MAI/XLS/tab_DER-EDIFICAÇÕES_2026_05_composicoes.xlsx!A39844
der_es,2026-05,190301,010101,Mão-de-obra,mao_obra,AJUDANTE (AJUDANTE PRATICO - SINDUSCON),H,0.3,23.48,ES,7.044,0.3,0.0,TABELA REFERENCIAL OBRAS - DER-ES - 2026-05 - MAI/XLS/tab_DER-EDIFICAÇÕES_2026_05_composicoes.xlsx!A39866
der_es,2026-05,190301,010140,Mão-de-obra,mao_obra,PINTOR (OFICIAL - SINDUSCON),H,0.6306,27.86,ES,17.568516,0.6306,0.0,TABELA REFERENCIAL OBRAS - DER-ES - 2026-05 - MAI/XLS/tab_DER-EDIFICAÇÕES_2026_05_composicoes.xlsx!A39867 | TABELA REFERENCIAL OBRAS - DER-ES - 2026-05 - MAI/XLS/tab_DER-EDIFICAÇÕES_2026_05_composicoes.xlsx!A39883 > TABELA REFERENCIAL OBRAS - DER-ES - 2026-05 - MAI/XLS/tab_DER-EDIFICAÇÕES_2026_05_composicoes.xlsx!A40006
der_es,2026-05,190301,036991,Material,material,LIXA DE MADEIRA GRAO 220 - NORTON OU EQUIVALENTE,UN,0.9,0.97,ES,0.873,0.0,0.0,TABELA REFERENCIAL OBRAS - DER-ES - 2026-05 - MAI/XLS/tab_DER-EDIFICAÇÕES_2026_05_composicoes.xlsx!A39878 | TABELA REFERENCIAL OBRAS - DER-ES - 2026-05 - MAI/XLS/tab_DER-EDIFICAÇÕES_2026_05_composicoes.xlsx!A39883 > TABELA REFERENCIAL OBRAS - DER-ES - 2026-05 - MAI/XLS/tab_DER-EDIFICAÇÕES_2026_05_composicoes.xlsx!A40017
der_es,2026-05,190301,038001,Material,material,"AGUARRAS MINERAL - SUVINIL, CORAL OU EQUIVALENTE",L,0.0276,15.32,ES,0.422832,0.0,0.0,TABELA REFERENCIAL OBRAS - DER-ES - 2026-05 - MAI/XLS/tab_DER-EDIFICAÇÕES_2026_05_composicoes.xlsx!A39883 > TABELA REFERENCIAL OBRAS - DER-ES - 2026-05 - MAI/XLS/tab_DER-EDIFICAÇÕES_2026_05_composicoes.xlsx!A40018
der_es,2026-05,190301,038006,Material,material,FUNDO BRANCO FOSCO NIVELADOR P/ MADEIRAS,L,0.49608,35.9,ES,17.809272,0.0,0.0,TABELA REFERENCIAL OBRAS - DER-ES - 2026-05 - MAI/XLS/tab_DER-EDIFICAÇÕES_2026_05_composicoes.xlsx!A39883 > TABELA REFERENCIAL OBRAS - DER-ES - 2026-05 - MAI/XLS/tab_DER-EDIFICAÇÕES_2026_05_composicoes.xlsx!A40019
der_es,2026-05,190301,038016,Material,material,MASSA PARA MADEIRA A BASE D'AGUA SUVINIL/CORAL/EQUIVALENTE,KG,0.45,17.07,ES,7.6815,0.0,0.0,TABELA REFERENCIAL OBRAS - DER-ES - 2026-05 - MAI/XLS/tab_DER-EDIFICAÇÕES_2026_05_composicoes.xlsx!A39879
der_es,2026-05,190302,010101,Mão-de-obra,mao_obra,AJUDANTE (AJUDANTE PRATICO - SINDUSCON),H,0.35,23.48,ES,8.218,0.35,0.0,TABELA REFERENCIAL OBRAS - DER-ES - 2026-05 - MAI/XLS/tab_DER-EDIFICAÇÕES_2026_05_composicoes.xlsx!A39901
der_es,2026-05,190302,010140,Mão-de-obra,mao_obra,PINTOR (OFICIAL - SINDUSCON),H,0.4,27.86,ES,11.144,0.4,0.0,TABELA REFERENCIAL OBRAS - DER-ES - 2026-05 - MAI/XLS/tab_DER-EDIFICAÇÕES_2026_05_composicoes.xlsx!A39902 | TABELA REFERENCIAL OBRAS - DER-ES - 2026-05 - MAI/XLS/tab_DER-EDIFICAÇÕES_2026_05_composicoes.xlsx!A39918 > TABELA REFERENCIAL OBRAS - DER-ES - 2026-05 - MAI/XLS/tab_DER-EDIFICAÇÕES_2026_05_composicoes.xlsx!A40006
der_es,2026-05,190302,036991,Material,material,LIXA DE MADEIRA GRAO 220 - NORTON OU EQUIVALENTE,UN,0.4,0.97,ES,0.388,0.0,0.0,TABELA REFERENCIAL OBRAS - DER-ES - 2026-05 - MAI/XLS/tab_DER-EDIFICAÇÕES_2026_05_composicoes.xlsx!A39918 > TABELA REFERENCIAL OBRAS - DER-ES - 2026-05 - MAI/XLS/tab_DER-EDIFICAÇÕES_2026_05_composicoes.xlsx!A40017
der_es,2026-05,190302,037502,Material,material,ESMALTE SINTETICO BRANCO FOSCO - LINHA PREMIUM,L,0.16,40.15,ES,6.424,0.0,0.0,TABELA REFERENCIAL OBRAS - DER-ES - 2026-05 - MAI/XLS/tab_DER-EDIFICAÇÕES_2026_05_composicoes.xlsx!A39913
der_es,2026-05,190302,038001,Material,material,"AGUARRAS MINERAL - SUVINIL, CORAL OU EQUIVALENTE",L,0.0676,15.32,ES,1.035632,0.0,0.0,TABELA REFERENCIAL OBRAS - DER-ES - 2026-05 - MAI/XLS/tab_DER-EDIFICAÇÕES_2026_05_composicoes.xlsx!A39914 | TABELA REFERENCIAL OBRAS - DER-ES - 2026-05 - MAI/XLS/tab_DER-EDIFICAÇÕES_2026_05_composicoes.xlsx!A39918 > TABELA REFERENCIAL OBRAS - DER-ES - 2026-05 - MAI/XLS/tab_DER-EDIFICAÇÕES_2026_05_composicoes.xlsx!A40018
der_es,2026-05,190302,038006,Material,material,FUNDO BRANCO FOSCO NIVELADOR P/ MADEIRAS,L,0.49608,35.9,ES,17.809272,0.0,0.0,TABELA REFERENCIAL OBRAS - DER-ES - 2026-05 - MAI/XLS/tab_DER-EDIFICAÇÕES_2026_05_composicoes.xlsx!A39918 > TABELA REFERENCIAL OBRAS - DER-ES - 2026-05 - MAI/XLS/tab_DER-EDIFICAÇÕES_2026_05_composicoes.xlsx!A40019
der_es,2026-05,190303,010101,Mão-de-obra,mao_obra,AJUDANTE (AJUDANTE PRATICO - SINDUSCON),H,0.3,23.48,ES,7.044,0.3,0.0,TABELA REFERENCIAL OBRAS - DER-ES - 2026-05 - MAI/XLS/tab_DER-EDIFICAÇÕES_2026_05_composicoes.xlsx!A39936
der_es,2026-05,190303,010140,Mão-de-obra,mao_obra,PINTOR (OFICIAL - SINDUSCON),H,0.4,27.86,ES,11.144,0.4,0.0,TABELA REFERENCIAL OBRAS - DER-ES - 2026-05 - MAI/XLS/tab_DER-EDIFICAÇÕES_2026_05_composicoes.xlsx!A39937
der_es,2026-05,190303,036991,Material,material,LIXA DE MADEIRA GRAO 220 - NORTON OU EQUIVALENTE,UN,1.0,0.97,ES,0.97,0.0,0.0,TABELA REFERENCIAL OBRAS - DER-ES - 2026-05 - MAI/XLS/tab_DER-EDIFICAÇÕES_2026_05_composicoes.xlsx!A39948
der_es,2026-05,190303,038001,Material,material,"AGUARRAS MINERAL - SUVINIL, CORAL OU EQUIVALENTE",L,0.0457,15.32,ES,0.700124,0.0,0.0,TABELA REFERENCIAL OBRAS - DER-ES - 2026-05 - MAI/XLS/tab_DER-EDIFICAÇÕES_2026_05_composicoes.xlsx!A39949
der_es,2026-05,190303,038088,Material,material,"VERNIZ COPAL INCOLOR BRILHANTE PREMIUM, SUVINIL, EUCATEX, MONTANA OU EQUIVALENTE",L,0.3044,39.22,ES,11.938568,0.0,0.0,TABELA REFERENCIAL OBRAS - DER-ES - 2026-05 - MAI/XLS/tab_DER-EDIFICAÇÕES_2026_05_composicoes.xlsx!A39950
der_es,2026-05,190306,010101,Mão-de-obra,mao_obra,AJUDANTE (AJUDANTE PRATICO - SINDUSCON),H,0.3,23.48,ES,7.044,0.3,0.0,TABELA REFERENCIAL OBRAS - DER-ES - 2026-05 - MAI/XLS/tab_DER-EDIFICAÇÕES_2026_05_composicoes.xlsx!A39971
der_es,2026-05,190306,010140,Mão-de-obra,mao_obra,PINTOR (OFICIAL - SINDUSCON),H,0.4,27.86,ES,11.144,0.4,0.0,TABELA REFERENCIAL OBRAS - DER-ES - 2026-05 - MAI/XLS/tab_DER-EDIFICAÇÕES_2026_05_composicoes.xlsx!A39972
der_es,2026-05,190306,036991,Material,material,LIXA DE MADEIRA GRAO 220 - NORTON OU EQUIVALENTE,UN,1.0,0.97,ES,0.97,0.0,0.0,TABELA REFERENCIAL OBRAS - DER-ES - 2026-05 - MAI/XLS/tab_DER-EDIFICAÇÕES_2026_05_composicoes.xlsx!A39983
der_es,2026-05,190306,038001,Material,material,"AGUARRAS MINERAL - SUVINIL, CORAL OU EQUIVALENTE",L,0.0199,15.32,ES,0.304868,0.0,0.0,TABELA REFERENCIAL OBRAS - DER-ES - 2026-05 - MAI/XLS/tab_DER-EDIFICAÇÕES_2026_05_composicoes.xlsx!A39984
der_es,2026-05,190306,038051,Material,material,"VERNIZ TRIPLA PROTECAO INCOLOR FOSCO PREMIUM, SUVINIL OU EQUIVALENTE",L,0.1992,56.11,ES,11.177112,0.0,0.0,TABELA REFERENCIAL OBRAS - DER-ES - 2026-05 - MAI/XLS/tab_DER-EDIFICAÇÕES_2026_05_composicoes.xlsx!A39985
der_es,2026-05,190307,010140,Mão-de-obra,mao_obra,PINTOR (OFICIAL - SINDUSCON),H,0.2806,27.86,ES,7.817516,0.2806,0.0,TABELA REFERENCIAL OBRAS - DER-ES - 2026-05 - MAI/XLS/tab_DER-EDIFICAÇÕES_2026_05_composicoes.xlsx!A40006
der_es,2026-05,190307,036991,Material,material,LIXA DE MADEIRA GRAO 220 - NORTON OU EQUIVALENTE,UN,0.4,0.97,ES,0.388,0.0,0.0,TABELA REFERENCIAL OBRAS - DER-ES - 2026-05 - MAI/XLS/tab_DER-EDIFICAÇÕES_2026_05_composicoes.xlsx!A40017
der_es,2026-05,190307,038001,Material,material,"AGUARRAS MINERAL - SUVINIL, CORAL OU EQUIVALENTE",L,0.0276,15.32,ES,0.422832,0.0,0.0,TABELA REFERENCIAL OBRAS - DER-ES - 2026-05 - MAI/XLS/tab_DER-EDIFICAÇÕES_2026_05_composicoes.xlsx!A40018
der_es,2026-05,190307,038006,Material,material,FUNDO BRANCO FOSCO NIVELADOR P/ MADEIRAS,L,0.49608,35.9,ES,17.809272,0.0,0.0,TABELA REFERENCIAL OBRAS - DER-ES - 2026-05 - MAI/XLS/tab_DER-EDIFICAÇÕES_2026_05_composicoes.xlsx!A40019
der_es,2026-05,190417,010101,Mão-de-obra,mao_obra,AJUDANTE (AJUDANTE PRATICO - SINDUSCON),H,0.8,23.48,ES,18.784,0.8,0.0,TABELA REFERENCIAL OBRAS - DER-ES - 2026-05 - MAI/XLS/tab_DER-EDIFICAÇÕES_2026_05_composicoes.xlsx!A40040 | TABELA REFERENCIAL OBRAS - DER-ES - 2026-05 - MAI/XLS/tab_DER-EDIFICAÇÕES_2026_05_composicoes.xlsx!A40058 > TABELA REFERENCIAL OBRAS - DER-ES - 2026-05 - MAI/XLS/tab_DER-EDIFICAÇÕES_2026_05_composicoes.xlsx!A45388
der_es,2026-05,190417,010140,Mão-de-obra,mao_obra,PINTOR (OFICIAL - SINDUSCON),H,0.8,27.86,ES,22.288,0.8,0.0,TABELA REFERENCIAL OBRAS - DER-ES - 2026-05 - MAI/XLS/tab_DER-EDIFICAÇÕES_2026_05_composicoes.xlsx!A40041 | TABELA REFERENCIAL OBRAS - DER-ES - 2026-05 - MAI/XLS/tab_DER-EDIFICAÇÕES_2026_05_composicoes.xlsx!A40058 > TABELA REFERENCIAL OBRAS - DER-ES - 2026-05 - MAI/XLS/tab_DER-EDIFICAÇÕES_2026_05_composicoes.xlsx!A45389
der_es,2026-05,190417,037502,Material,material,ESMALTE SINTETICO BRANCO FOSCO - LINHA PREMIUM,L,0.18,40.15,ES,7.227,0.0,0.0,TABELA REFERENCIAL OBRAS - DER-ES - 2026-05 - MAI/XLS/tab_DER-EDIFICAÇÕES_2026_05_composicoes.xlsx!A40052
der_es,2026-05,190417,038001,Material,material,"AGUARRAS MINERAL - SUVINIL, CORAL OU EQUIVALENTE",L,0.03,15.32,ES,0.4596,0.0,0.0,TABELA REFERENCIAL OBRAS - DER-ES - 2026-05 - MAI/XLS/tab_DER-EDIFICAÇÕES_2026_05_composicoes.xlsx!A40053
der_es,2026-05,190417,038028,Material,material,"ZARCAO - SUVINIL, CORAL OU EQUIVALENTE",L,0.12,41.79,ES,5.0148,0.0,0.0,TABELA REFERENCIAL OBRAS - DER-ES - 2026-05 - MAI/XLS/tab_DER-EDIFICAÇÕES_2026_05_composicoes.xlsx!A40058 > TABELA REFERENCIAL OBRAS - DER-ES - 2026-05 - MAI/XLS/tab_DER-EDIFICAÇÕES_2026_05_composicoes.xlsx!A45400
der_es,2026-05,190417,150881,Material,material,LIXA EM FOLHA D'ÁGUA GRANA Nº 240 - NORTON OU EQUIVALENTE,UN,0.3,2.46,ES,0.738,0.0,0.0,TABELA REFERENCIAL OBRAS - DER-ES - 2026-05 - MAI/XLS/tab_DER-EDIFICAÇÕES_2026_05_composicoes.xlsx!A40054
der_es,2026-05,190418,010101,Mão-de-obra,mao_obra,AJUDANTE (AJUDANTE PRATICO - SINDUSCON),H,0.2,23.48,ES,4.696,0.2,0.0,TABELA REFERENCIAL OBRAS - DER-ES - 2026-05 - MAI/XLS/tab_DER-EDIFICAÇÕES_2026_05_composicoes.xlsx!A40076
der_es,2026-05,190418,010140,Mão-de-obra,mao_obra,PINTOR (OFICIAL - SINDUSCON),H,0.4,27.86,ES,11.144,0.4,0.0,TABELA REFERENCIAL OBRAS - DER-ES - 2026-05 - MAI/XLS/tab_DER-EDIFICAÇÕES_2026_05_composicoes.xlsx!A40077
der_es,2026-05,190418,037509,Material,material,TINTA EPOXI CATALISAVEL PARA ACABAMENTO,L,0.18,84.81,ES,15.2658,0.0,0.0,TABELA REFERENCIAL OBRAS - DER-ES - 2026-05 - MAI/XLS/tab_DER-EDIFICAÇÕES_2026_05_composicoes.xlsx!A40088
der_es,2026-05,190418,037564,Material,material,SOLVENTE PARA TINTA A BASE DE EPOXI,L,0.02,31.97,ES,0.6394,0.0,0.0,TABELA REFERENCIAL OBRAS - DER-ES - 2026-05 - MAI/XLS/tab_DER-EDIFICAÇÕES_2026_05_composicoes.xlsx!A40089
der_es,2026-05,190418,038021,Material,material,PRIMER A BASE DE EPOXI,L,0.11,99.44,ES,10.9384,0.0,0.0,TABELA REFERENCIAL OBRAS - DER-ES - 2026-05 - MAI/XLS/tab_DER-EDIFICAÇÕES_2026_05_composicoes.xlsx!A40090
der_es,2026-05,190418,038024,Material,material,"TRINCHA 2""",UN,0.08,8.5,ES,0.68,0.0,0.0,TABELA REFERENCIAL OBRAS - DER-ES - 2026-05 - MAI/XLS/tab_DER-EDIFICAÇÕES_2026_05_composicoes.xlsx!A40091
der_es,2026-05,190602,010101,Mão-de-obra,mao_obra,AJUDANTE (AJUDANTE PRATICO - SINDUSCON),H,0.3,23.48,ES,7.044,0.3,0.0,TABELA REFERENCIAL OBRAS - DER-ES - 2026-05 - MAI/XLS/tab_DER-EDIFICAÇÕES_2026_05_composicoes.xlsx!A40178
der_es,2026-05,190602,010140,Mão-de-obra,mao_obra,PINTOR (OFICIAL - SINDUSCON),H,0.35,27.86,ES,9.751,0.35,0.0,TABELA REFERENCIAL OBRAS - DER-ES - 2026-05 - MAI/XLS/tab_DER-EDIFICAÇÕES_2026_05_composicoes.xlsx!A40179
der_es,2026-05,190602,037517,Material,material,"TINTA A BASE DE EMULSAO ACRILICA (PARA PISOS) - SUVINIL, CORAL OU EQUIVALENTE",L,0.3,17.14,ES,5.142,0.0,0.0,TABELA REFERENCIAL OBRAS - DER-ES - 2026-05 - MAI/XLS/tab_DER-EDIFICAÇÕES_2026_05_composicoes.xlsx!A40190
der_es,2026-05,190603,010101,Mão-de-obra,mao_obra,AJUDANTE (AJUDANTE PRATICO - SINDUSCON),H,0.4,23.48,ES,9.392,0.4,0.0,TABELA REFERENCIAL OBRAS - DER-ES - 2026-05 - MAI/XLS/tab_DER-EDIFICAÇÕES_2026_05_composicoes.xlsx!A40211
der_es,2026-05,190603,010140,Mão-de-obra,mao_obra,PINTOR (OFICIAL - SINDUSCON),H,0.5,27.86,ES,13.93,0.5,0.0,TABELA REFERENCIAL OBRAS - DER-ES - 2026-05 - MAI/XLS/tab_DER-EDIFICAÇÕES_2026_05_composicoes.xlsx!A40212
der_es,2026-05,190603,037566,Material,material,TINTA PARA PISOS,L,0.15,17.14,ES,2.571,0.0,0.0,TABELA REFERENCIAL OBRAS - DER-ES - 2026-05 - MAI/XLS/tab_DER-EDIFICAÇÕES_2026_05_composicoes.xlsx!A40223
der_es,2026-05,190605,010101,Mão-de-obra,mao_obra,AJUDANTE (AJUDANTE PRATICO - SINDUSCON),H,0.6,23.48,ES,14.088,0.6,0.0,TABELA REFERENCIAL OBRAS - DER-ES - 2026-05 - MAI/XLS/tab_DER-EDIFICAÇÕES_2026_05_composicoes.xlsx!A40279
der_es,2026-05,190605,010140,Mão-de-obra,mao_obra,PINTOR (OFICIAL - SINDUSCON),H,0.7,27.86,ES,19.502,0.7,0.0,TABELA REFERENCIAL OBRAS - DER-ES - 2026-05 - MAI/XLS/tab_DER-EDIFICAÇÕES_2026_05_composicoes.xlsx!A40280
der_es,2026-05,190605,034850,Material,material,SELADOR EPOXI INTERGARD 2001 VERNIZ INCOLOR - INTERNACIONAL OU EQUIVALENTE,L,0.078125,143.31,ES,11.19609375,0.0,0.0,TABELA REFERENCIAL OBRAS - DER-ES - 2026-05 - MAI/XLS/tab_DER-EDIFICAÇÕES_2026_05_composicoes.xlsx!A40291
der_es,2026-05,190605,036825,Material,material,TINTA EPOXI INTERGARD INTERNATIONAL REF2005 (CINZA OU BRANCO) INCLUSIVE O COMPONENTE B - INTERNACIONAL OU EQUIVALENTE,L,0.2016,176.92,ES,35.667072,0.0,0.0,TABELA REFERENCIAL OBRAS - DER-ES - 2026-05 - MAI/XLS/tab_DER-EDIFICAÇÕES_2026_05_composicoes.xlsx!A40292
