atributo,pc1,pc2
fracao_mao_obra,0.05641619187740771,0.6965202799377607
fracao_material,-0.09342500527602582,-0.6914605641053478
fracao_equipamento,0.37542392403258973,0.026815868936715365
fracao_outros,0.2489775897526344,0.015810635030530144
n_mao_obra,0.4430867025599066,-0.09933621465229012
n_material,0.250415498909866,-0.042580902016366474
n_equipamento,0.4994457502059817,-0.08111846238083904
n_outros,0.47547937828115583,-0.09251616758474468
horas_mao_obra,0.22493459960403875,0.09461742944122074
horas_equipamento,0.0,0.0
