fonte,competencia,codigo,descricao,unidade,grupo,custo,regime,publicado_em,arquivo_sha256,localizador,assinatura_tecnica,assinatura_tipo,nicho_id,nicho,classe,status_composicao,motivo_exclusao,custo_recalculado_hierarquia,diferenca_reconciliacao
der_es,2026-05,110101,"Chapisco com argamassa de cimento e areia média ou grossa lavada no traço 1:3, espessura 5 mm, preparo manual",m2,TETOS E FORROS / REVESTIMENTO COM ARGAMASSA,8.25,sem_desoneracao,,9d7efd575c10dc676bc49f5acb5630fa9b3cd2b98449be07612e1891e8d213f6,TABELA REFERENCIAL OBRAS - DER-ES - 2026-05 - MAI/XLS/tab_DER-EDIFICAÇÕES_2026_05_servicos.xlsx!A372,ee7655c0177d1c5a464d2343a99238bc07316bb612104a67b56fb681927bd74c,descricao_unidade,revestimentos_forros,Revestimentos e forros,revestimentos_forros,ok,,8.25,0.0
der_es,2026-05,110201,Forro de gesso acabamento tipo liso,m2,TETOS E FORROS / REBAIXAMENTOS,66.8,sem_desoneracao,,9d7efd575c10dc676bc49f5acb5630fa9b3cd2b98449be07612e1891e8d213f6,TABELA REFERENCIAL OBRAS - DER-ES - 2026-05 - MAI/XLS/tab_DER-EDIFICAÇÕES_2026_05_servicos.xlsx!A374,d7a170b73932173974ec7808e4ef144e8ddd8c5145516872f1557bd5dd4eeed0,descricao_unidade,revestimentos_forros,Revestimentos e forros,revestimentos_forros,ok,,66.8,0.0
der_es,2026-05,110210,"Forro em réguas de PVC branco L = 20 cm, frisado, estruturado por perfis de aço galvanizado e tirantes rígidos fabricado de acordo com a NBR-14285, fornecimento e instalação",m2,TETOS E FORROS / REBAIXAMENTOS,84.08,sem_desoneracao,,9d7efd575c10dc676bc49f5acb5630fa9b3cd2b98449be07612e1891e8d213f6,TABELA REFERENCIAL OBRAS - DER-ES - 2026-05 - MAI/XLS/tab_DER-EDIFICAÇÕES_2026_05_servicos.xlsx!A375,726066346c8d1fc22a0bd04fdaa9b538c853e0b7b10e6379f4b663eab660a30a,descricao_unidade,revestimentos_forros,Revestimentos e forros,revestimentos_forros,ok,,84.08,0.0
der_es,2026-05,110301,"Emboço de argamassa de cimento, cal hidratada CH1 e areia lavada traço 1:0.5:6, espessura 20 mm",m2,"TETOS E FORROS / REVESTIMENTO EMPREGANDO ARGAMASSA DE CIMENTO, CAL E AREIA",45.82,sem_desoneracao,,9d7efd575c10dc676bc49f5acb5630fa9b3cd2b98449be07612e1891e8d213f6,TABELA REFERENCIAL OBRAS - DER-ES - 2026-05 - MAI/XLS/tab_DER-EDIFICAÇÕES_2026_05_servicos.xlsx!A377,66c6c5e32808547423cc22466cfc0c7ae21433b1c2d52cccfee551f52d5843ef,descricao_unidade,revestimentos_forros,Revestimentos e forros,revestimentos_forros,ok,,45.82,0.0
der_es,2026-05,110302,"Reboco tipo paulista de argamassa de cimento, cal hidratada CH1 e areia lavada traço 1:0.5:6, espessura 25 mm",m2,"TETOS E FORROS / REVESTIMENTO EMPREGANDO ARGAMASSA DE CIMENTO, CAL E AREIA",79.01,sem_desoneracao,,9d7efd575c10dc676bc49f5acb5630fa9b3cd2b98449be07612e1891e8d213f6,TABELA REFERENCIAL OBRAS - DER-ES - 2026-05 - MAI/XLS/tab_DER-EDIFICAÇÕES_2026_05_servicos.xlsx!A378,99287b9a69586d9d45e17ecb8e3af3d1199ecc251a25f2e93e5609ad8f38a343,descricao_unidade,revestimentos_forros,Revestimentos e forros,revestimentos_forros,ok,,79.01,0.0
der_es,2026-05,110401,"Recolocação de forro de madeira existente, com aproveitamento integral do material, incluindo desmontagem, limpeza e remontagem das peças",m2,TETOS E FORROS / REVISÕES E REPAROS,135.58,sem_desoneracao,,9d7efd575c10dc676bc49f5acb5630fa9b3cd2b98449be07612e1891e8d213f6,TABELA REFERENCIAL OBRAS - DER-ES - 2026-05 - MAI/XLS/tab_DER-EDIFICAÇÕES_2026_05_servicos.xlsx!A380,66c1ae7ff5745044cdd705d4df8ef1827962cc4dff32b0b59748578bc8717184,descricao_unidade,revestimentos_forros,Revestimentos e forros,revestimentos_forros,ok,,135.58,0.0
der_es,2026-05,120101,"Chapisco com argamassa de cimento e areia média ou grossa lavada no traço 1:3, espessura 5 mm, preparo manual",m2,REVESTIMENTO DE PAREDES / REVESTIMENTO COM ARGAMASSA,7.2,sem_desoneracao,,9d7efd575c10dc676bc49f5acb5630fa9b3cd2b98449be07612e1891e8d213f6,TABELA REFERENCIAL OBRAS - DER-ES - 2026-05 - MAI/XLS/tab_DER-EDIFICAÇÕES_2026_05_servicos.xlsx!A383,ee7655c0177d1c5a464d2343a99238bc07316bb612104a67b56fb681927bd74c,descricao_unidade,revestimentos_forros,Revestimentos e forros,revestimentos_forros,ok,,7.2,0.0
der_es,2026-05,120201,"Azulejo branco 15 x 15 cm, juntas a prumo, assentado com argamassa de cimento colante, inclusive rejuntamento com cimento branco, marcas de referência Eliane, Cecrisa ou Portobello",m2,REVESTIMENTO DE PAREDES / ACABAMENTOS,121.22,sem_desoneracao,,9d7efd575c10dc676bc49f5acb5630fa9b3cd2b98449be07612e1891e8d213f6,TABELA REFERENCIAL OBRAS - DER-ES - 2026-05 - MAI/XLS/tab_DER-EDIFICAÇÕES_2026_05_servicos.xlsx!A385,2c7438c22caa4579e8d01d354007bc7d1021c8c36b7b45aba0f4fe97dbce3b0e,descricao_unidade,revestimentos_forros,Revestimentos e forros,revestimentos_forros,ok,,121.22,0.0
der_es,2026-05,120221,"Pastilha cerâmica branca 5 x 5 cm, assentada com argamassa de cimento colante e rejunte pré-fabricado, marcas de referência Atlas, Jatobá, NGK ou equivalentwe",m2,REVESTIMENTO DE PAREDES / ACABAMENTOS,243.88,sem_desoneracao,,9d7efd575c10dc676bc49f5acb5630fa9b3cd2b98449be07612e1891e8d213f6,TABELA REFERENCIAL OBRAS - DER-ES - 2026-05 - MAI/XLS/tab_DER-EDIFICAÇÕES_2026_05_servicos.xlsx!A390,77a8eb90f6e0cab72b8e7922330e30a752b5941ea129636063b58d687d5ad6e2,descricao_unidade,revestimentos_forros,Revestimentos e forros,revestimentos_forros,ok,,243.88,0.0
der_es,2026-05,120224,"Assentamento de revestimento cerâmico com cimento colante, excl. rejuntamento e cerâmica",m2,REVESTIMENTO DE PAREDES / ACABAMENTOS,19.3,sem_desoneracao,,9d7efd575c10dc676bc49f5acb5630fa9b3cd2b98449be07612e1891e8d213f6,TABELA REFERENCIAL OBRAS - DER-ES - 2026-05 - MAI/XLS/tab_DER-EDIFICAÇÕES_2026_05_servicos.xlsx!A391,a98dcf2eec77bec1544530e7be0fcd279da7253e5953f7ff18a3a9afa7bc14eb,descricao_unidade,revestimentos_forros,Revestimentos e forros,revestimentos_forros,ok,,19.3,0.0
der_es,2026-05,120232,"Cerâmica 10 x 10 cm, branco brilhante ref Galeria Mesh BR telada, ELIANE, STRUFALDI, CERAL, empregando argamassa colante, inclusive rejuntamento junta plus cinza claro esp. 3 mm",m2,REVESTIMENTO DE PAREDES / ACABAMENTOS,121.67,sem_desoneracao,,9d7efd575c10dc676bc49f5acb5630fa9b3cd2b98449be07612e1891e8d213f6,TABELA REFERENCIAL OBRAS - DER-ES - 2026-05 - MAI/XLS/tab_DER-EDIFICAÇÕES_2026_05_servicos.xlsx!A393,3c5a0ea9be3760410f59f86908f1f3f913fb62377234ced828b536021c6c78cd,descricao_unidade,revestimentos_forros,Revestimentos e forros,revestimentos_forros,ok,,121.67,0.0
der_es,2026-05,120241,"Cerâmica retificada, acabamento brilhante, dim. 32x60cm, ref. TRADIZIONALLE BIANCO Biancogres/equiv. assentado com argamassa de cimento colante, inclusive rejuntamento com argamassapre-fabricada para rejunte",m2,REVESTIMENTO DE PAREDES / ACABAMENTOS,90.92,sem_desoneracao,,9d7efd575c10dc676bc49f5acb5630fa9b3cd2b98449be07612e1891e8d213f6,TABELA REFERENCIAL OBRAS - DER-ES - 2026-05 - MAI/XLS/tab_DER-EDIFICAÇÕES_2026_05_servicos.xlsx!A394,9cc0879fde016776c6601d69c18a619000a84838bdd8ecd73c59d2f798988510,descricao_unidade,revestimentos_forros,Revestimentos e forros,revestimentos_forros,ok,,90.92,0.0
der_es,2026-05,120301,"Emboço de argamassa de cimento, cal hidratada CH1 e areia média ou grossa lavada no traço 1:0.5:6, espessura 20 mm",m2,"REVESTIMENTO DE PAREDES / REVESTIMENTO EMPREGANDO ARGAMASSA DE CIMENTO, CAL E AREIA",40.92,sem_desoneracao,,9d7efd575c10dc676bc49f5acb5630fa9b3cd2b98449be07612e1891e8d213f6,TABELA REFERENCIAL OBRAS - DER-ES - 2026-05 - MAI/XLS/tab_DER-EDIFICAÇÕES_2026_05_servicos.xlsx!A396,8c522e85972302031bb2e1b93dd51a26a48b46f7affcda58dc6c7f035214464e,descricao_unidade,revestimentos_forros,Revestimentos e forros,revestimentos_forros,ok,,40.92,0.0
der_es,2026-05,120302,"Reboco de argamassa de cimento, cal hidratada CH1 e areia média ou grossa lavada no traço 1:0.5:6, espessura 5mm",m2,"REVESTIMENTO DE PAREDES / REVESTIMENTO EMPREGANDO ARGAMASSA DE CIMENTO, CAL E AREIA",29.03,sem_desoneracao,,9d7efd575c10dc676bc49f5acb5630fa9b3cd2b98449be07612e1891e8d213f6,TABELA REFERENCIAL OBRAS - DER-ES - 2026-05 - MAI/XLS/tab_DER-EDIFICAÇÕES_2026_05_servicos.xlsx!A397,cdf6b5993269e9335fbc321d01dceea050877e4ff35eed6fb19f48c5c5902f0f,descricao_unidade,revestimentos_forros,Revestimentos e forros,revestimentos_forros,ok,,29.03,0.0
der_es,2026-05,120303,"Reboco tipo paulista de argamassa de cimento, cal hidratada CH1 e areia média ou grossa lavada no traço 1:0.5:6, espessura 25 mm",m2,"REVESTIMENTO DE PAREDES / REVESTIMENTO EMPREGANDO ARGAMASSA DE CIMENTO, CAL E AREIA",70.02,sem_desoneracao,,9d7efd575c10dc676bc49f5acb5630fa9b3cd2b98449be07612e1891e8d213f6,TABELA REFERENCIAL OBRAS - DER-ES - 2026-05 - MAI/XLS/tab_DER-EDIFICAÇÕES_2026_05_servicos.xlsx!A398,bd29d4f3bd7433c2c014fe33aaae91f10ebd7f460f7631a247cd8459c61bb8b2,descricao_unidade,revestimentos_forros,Revestimentos e forros,revestimentos_forros,ok,,70.02,0.0
der_es,2026-05,120304,"Reboco de argamassa de cimento, cal hidratada CH1 e areia média ou grossa lavada no traço 1:0.5:6, com impermeabilizante para revestimentos (caixas, fossas, filtros, cisternas, etc...)",m2,"REVESTIMENTO DE PAREDES / REVESTIMENTO EMPREGANDO ARGAMASSA DE CIMENTO, CAL E AREIA",76.22,sem_desoneracao,,9d7efd575c10dc676bc49f5acb5630fa9b3cd2b98449be07612e1891e8d213f6,TABELA REFERENCIAL OBRAS - DER-ES - 2026-05 - MAI/XLS/tab_DER-EDIFICAÇÕES_2026_05_servicos.xlsx!A399,00ebf3d3830ba5d4d838131bc88f627fb7305728c856cfbe8998517f79c76fae,descricao_unidade,revestimentos_forros,Revestimentos e forros,revestimentos_forros,ok,,76.22,0.0
der_es,2026-05,120308,"Chapisco de argamassa de cimento e areia média ou grossa lavada no traço 1:3, espessura 5mm, com utilização de impermeabilizante",m2,"REVESTIMENTO DE PAREDES / REVESTIMENTO EMPREGANDO ARGAMASSA DE CIMENTO, CAL E AREIA",9.07,sem_desoneracao,,9d7efd575c10dc676bc49f5acb5630fa9b3cd2b98449be07612e1891e8d213f6,TABELA REFERENCIAL OBRAS - DER-ES - 2026-05 - MAI/XLS/tab_DER-EDIFICAÇÕES_2026_05_servicos.xlsx!A400,1dc7e48bce2d1639c3c0b9e5fd612783ce654a581c24ff3a0bb6f92d398148ac,descricao_unidade,revestimentos_forros,Revestimentos e forros,revestimentos_forros,ok,,9.07,0.0
der_es,2026-05,130103,"Regularização de base para revestimento cerâmico, com argamassa de cimento e areia no traço 1:5, espessura: 3 cm",m2,PISOS INTERNOS E EXTERNOS / LASTRO DE CONTRAPISO,29.15,sem_desoneracao,,9d7efd575c10dc676bc49f5acb5630fa9b3cd2b98449be07612e1891e8d213f6,TABELA REFERENCIAL OBRAS - DER-ES - 2026-05 - MAI/XLS/tab_DER-EDIFICAÇÕES_2026_05_servicos.xlsx!A403,a33314a4cea8ee57350f8042f61721df13602afb631ea3219d03d15be62333fb,descricao_unidade,pisos,Pisos e acabamentos de borda,pisos,ok,,29.15,0.0
der_es,2026-05,130104,"Regularização de base p/ revestimento cerâmico, com argamassa de cimento e areia no traço 1:5, espessura 5cm",m2,PISOS INTERNOS E EXTERNOS / LASTRO DE CONTRAPISO,45.33,sem_desoneracao,,9d7efd575c10dc676bc49f5acb5630fa9b3cd2b98449be07612e1891e8d213f6,TABELA REFERENCIAL OBRAS - DER-ES - 2026-05 - MAI/XLS/tab_DER-EDIFICAÇÕES_2026_05_servicos.xlsx!A404,47f104b3f4bd1457c65938d737ffa872a22db73f912ac33731019441a77f77e5,descricao_unidade,pisos,Pisos e acabamentos de borda,pisos,ok,,45.33,0.0
der_es,2026-05,130109,"Lastro regularizado e impermeabilizado de concreto não estrutural, espessura de 8 cm",m2,PISOS INTERNOS E EXTERNOS / LASTRO DE CONTRAPISO,90.57,sem_desoneracao,,9d7efd575c10dc676bc49f5acb5630fa9b3cd2b98449be07612e1891e8d213f6,TABELA REFERENCIAL OBRAS - DER-ES - 2026-05 - MAI/XLS/tab_DER-EDIFICAÇÕES_2026_05_servicos.xlsx!A405,f50936ab4f0ea400afb082e5aef83407de65a4ac0a27024addeca6d3a679bccd,descricao_unidade,pisos,Pisos e acabamentos de borda,pisos,ok,,90.57,0.0
der_es,2026-05,130110,"Lastro regularizado de concreto não estrutural, espessura de 8 cm",m2,PISOS INTERNOS E EXTERNOS / LASTRO DE CONTRAPISO,78.53,sem_desoneracao,,9d7efd575c10dc676bc49f5acb5630fa9b3cd2b98449be07612e1891e8d213f6,TABELA REFERENCIAL OBRAS - DER-ES - 2026-05 - MAI/XLS/tab_DER-EDIFICAÇÕES_2026_05_servicos.xlsx!A406,3ae9964f6b197b523b714b0fce6a41babc9e9e018268af41f355fc0fe2f6e4fa,descricao_unidade,pisos,Pisos e acabamentos de borda,pisos,ok,,78.53,0.0
der_es,2026-05,130111,"Lastro impermeabilizado de concreto não estrutural, espessura de 6 cm",m2,PISOS INTERNOS E EXTERNOS / LASTRO DE CONTRAPISO,68.6,sem_desoneracao,,9d7efd575c10dc676bc49f5acb5630fa9b3cd2b98449be07612e1891e8d213f6,TABELA REFERENCIAL OBRAS - DER-ES - 2026-05 - MAI/XLS/tab_DER-EDIFICAÇÕES_2026_05_servicos.xlsx!A407,805e5ce2138542fe39a084592b8d93644cc569318cd88e1d83590cb02825151b,descricao_unidade,pisos,Pisos e acabamentos de borda,pisos,ok,,68.6,0.0
der_es,2026-05,130112,"Lastro de concreto não estrutural, espessura de 6 cm",m2,PISOS INTERNOS E EXTERNOS / LASTRO DE CONTRAPISO,59.57,sem_desoneracao,,9d7efd575c10dc676bc49f5acb5630fa9b3cd2b98449be07612e1891e8d213f6,TABELA REFERENCIAL OBRAS - DER-ES - 2026-05 - MAI/XLS/tab_DER-EDIFICAÇÕES_2026_05_servicos.xlsx!A408,e29037a39ee31b07b5b04b64def3620b40ff7b58047ccf52bae7f27c7a48fa5e,descricao_unidade,pisos,Pisos e acabamentos de borda,pisos,ok,,59.57,0.0
der_es,2026-05,130113,"Lastro impermeabilizado de concreto não estrutural, espessura de 8cm",m2,PISOS INTERNOS E EXTERNOS / LASTRO DE CONTRAPISO,91.25,sem_desoneracao,,9d7efd575c10dc676bc49f5acb5630fa9b3cd2b98449be07612e1891e8d213f6,TABELA REFERENCIAL OBRAS - DER-ES - 2026-05 - MAI/XLS/tab_DER-EDIFICAÇÕES_2026_05_servicos.xlsx!A409,47a0a9d32fabfb9b2ba7b7fded3a42a412efe0363de7ed1c1e0b316714b1bc98,descricao_unidade,pisos,Pisos e acabamentos de borda,pisos,ok,,91.25,0.0
der_es,2026-05,130202,"Piso cimentado liso com 1.5 cm de espessura, de argamassa de cimento e areia no traço 1:3 e juntas plásticas em quadros de 1 m",m2,PISOS INTERNOS E EXTERNOS / ACABAMENTOS,68.3,sem_desoneracao,,9d7efd575c10dc676bc49f5acb5630fa9b3cd2b98449be07612e1891e8d213f6,TABELA REFERENCIAL OBRAS - DER-ES - 2026-05 - MAI/XLS/tab_DER-EDIFICAÇÕES_2026_05_servicos.xlsx!A411,961ae1871d70a95ca52486148b8bd7cc75c26b58a12f8fc4c955df199cdb8296,descricao_unidade,pisos,Pisos e acabamentos de borda,pisos,ok,,68.3,0.0
der_es,2026-05,130205,"Piso de tábuas corridas de Peroba de 15cm sobre caibros de 5x6cm espaçados de 50cm, fixados com argamassa de cimento e areia no traço 1:5",m2,PISOS INTERNOS E EXTERNOS / ACABAMENTOS,443.81,sem_desoneracao,,9d7efd575c10dc676bc49f5acb5630fa9b3cd2b98449be07612e1891e8d213f6,TABELA REFERENCIAL OBRAS - DER-ES - 2026-05 - MAI/XLS/tab_DER-EDIFICAÇÕES_2026_05_servicos.xlsx!A412,3a5caa850c9309ca2717e14adae5d8e72e9254c6d21f543332ebaada90356e18,descricao_unidade,pisos,Pisos e acabamentos de borda,pisos,ok,,443.81,0.0
der_es,2026-05,130209,"Piso de cimentado camurçado executado com argamassa de cimento e areia no traço 1:3, esp. 3.0cm",m2,PISOS INTERNOS E EXTERNOS / ACABAMENTOS,96.95,sem_desoneracao,,9d7efd575c10dc676bc49f5acb5630fa9b3cd2b98449be07612e1891e8d213f6,TABELA REFERENCIAL OBRAS - DER-ES - 2026-05 - MAI/XLS/tab_DER-EDIFICAÇÕES_2026_05_servicos.xlsx!A414,8434daf263489e3429222f24356321ab1439eda74da7553149b8b9f47f4cc5c4,descricao_unidade,pisos,Pisos e acabamentos de borda,pisos,ok,,96.95,0.0
der_es,2026-05,130210,"Piso cimentado liso com 1.5 cm de espessura, em argamassa de cimento e areia no traço 1:3 e juntas plásticas em quadros de 1 m colorido com corante tipo Xadrez ou equivalente",m2,PISOS INTERNOS E EXTERNOS / ACABAMENTOS,81.84,sem_desoneracao,,9d7efd575c10dc676bc49f5acb5630fa9b3cd2b98449be07612e1891e8d213f6,TABELA REFERENCIAL OBRAS - DER-ES - 2026-05 - MAI/XLS/tab_DER-EDIFICAÇÕES_2026_05_servicos.xlsx!A415,ee68196dcca10f846850450ef9f7c005a65904f20dad52b39d6167b897862d30,descricao_unidade,pisos,Pisos e acabamentos de borda,pisos,ok,,81.84,0.0
der_es,2026-05,130211,"Fornecimento e instalação de Piso Paviflex dim. 30x30cm, esp. 2mm linha Chroma Concept ref. Fademac ou equivalente",m2,PISOS INTERNOS E EXTERNOS / ACABAMENTOS,269.0,sem_desoneracao,,9d7efd575c10dc676bc49f5acb5630fa9b3cd2b98449be07612e1891e8d213f6,TABELA REFERENCIAL OBRAS - DER-ES - 2026-05 - MAI/XLS/tab_DER-EDIFICAÇÕES_2026_05_servicos.xlsx!A416,e592a18e6408019c900f34a070a3d609864d5c28db0ebd8f850b3d3641fe104a,descricao_unidade,pisos,Pisos e acabamentos de borda,pisos,ok,,269.0,0.0
der_es,2026-05,130222,"Revestimento de piso com placas de borracha plurigoma preto pastilhado ou equivalente, inclusive arremate",m2,PISOS INTERNOS E EXTERNOS / ACABAMENTOS,198.1,sem_desoneracao,,9d7efd575c10dc676bc49f5acb5630fa9b3cd2b98449be07612e1891e8d213f6,TABELA REFERENCIAL OBRAS - DER-ES - 2026-05 - MAI/XLS/tab_DER-EDIFICAÇÕES_2026_05_servicos.xlsx!A417,42ceb5bc3940fc3dcb9ca95606cc8c530081006991a2010fcb43a236deea8ed0,descricao_unidade,pisos,Pisos e acabamentos de borda,pisos,ok,,198.1,0.0
der_es,2026-05,130223,"Assentamento de piso cerâmico, com utilização de cimento colante, excl. rejuntamento e cerâmica",m2,PISOS INTERNOS E EXTERNOS / ACABAMENTOS,17.21,sem_desoneracao,,9d7efd575c10dc676bc49f5acb5630fa9b3cd2b98449be07612e1891e8d213f6,TABELA REFERENCIAL OBRAS - DER-ES - 2026-05 - MAI/XLS/tab_DER-EDIFICAÇÕES_2026_05_servicos.xlsx!A418,c71ca4c13d67ff73486887c424db7c22a35f151947f18a880cb7e32b961a1029,descricao_unidade,pisos,Pisos e acabamentos de borda,pisos,ok,,17.21,0.0
der_es,2026-05,130225,"Rejuntamento de piso cerâmico, usando cimento branco, para juntas de no máximo 3mm de espessura",m2,PISOS INTERNOS E EXTERNOS / ACABAMENTOS,12.38,sem_desoneracao,,9d7efd575c10dc676bc49f5acb5630fa9b3cd2b98449be07612e1891e8d213f6,TABELA REFERENCIAL OBRAS - DER-ES - 2026-05 - MAI/XLS/tab_DER-EDIFICAÇÕES_2026_05_servicos.xlsx!A419,304a9f3fbe69f637038e4a1508ea0bd951af17b10343bf234ed6de53b00fde7e,descricao_unidade,pisos,Pisos e acabamentos de borda,pisos,ok,,12.38,0.0
der_es,2026-05,130226,"Rejuntamento empregando argamassa para rejunte, esp. 5mm",m2,PISOS INTERNOS E EXTERNOS / ACABAMENTOS,19.42,sem_desoneracao,,9d7efd575c10dc676bc49f5acb5630fa9b3cd2b98449be07612e1891e8d213f6,TABELA REFERENCIAL OBRAS - DER-ES - 2026-05 - MAI/XLS/tab_DER-EDIFICAÇÕES_2026_05_servicos.xlsx!A420,c3fee0dbe744f97cfd35994dd48ca7e5ee711ea726b73149c60cc636f2988e48,descricao_unidade,pisos,Pisos e acabamentos de borda,pisos,ok,,19.42,0.0
der_es,2026-05,130228,"Assentamento e rejuntamento de piso em porcelanato (dimensões superiores a 30x30cm) utilizando dupla colagem de argamassa colante para porcelanato tipo ACIII, exclusive fornecimento do porcelanato e do rejunte",m2,PISOS INTERNOS E EXTERNOS / ACABAMENTOS,58.19,sem_desoneracao,,9d7efd575c10dc676bc49f5acb5630fa9b3cd2b98449be07612e1891e8d213f6,TABELA REFERENCIAL OBRAS - DER-ES - 2026-05 - MAI/XLS/tab_DER-EDIFICAÇÕES_2026_05_servicos.xlsx!A421,70b91fa0150f202763c74ae720659efbcf1bc4f21d95b6ce0a074d0039fa8295,descricao_unidade,pisos,Pisos e acabamentos de borda,pisos,ok,,58.19,0.0
der_es,2026-05,130230,"Piso argamassa alta resistência tipo granilite ou equiv de qualidade comprovada, esp de 10mm, com juntas plástica em quadros de 1m, na cor natural, com acabamento anti-derrapante mecanizado, inclusive regularização e=3.0cm",m2,PISOS INTERNOS E EXTERNOS / ACABAMENTOS,153.29,sem_desoneracao,,9d7efd575c10dc676bc49f5acb5630fa9b3cd2b98449be07612e1891e8d213f6,TABELA REFERENCIAL OBRAS - DER-ES - 2026-05 - MAI/XLS/tab_DER-EDIFICAÇÕES_2026_05_servicos.xlsx!A422,34f30609ea2e764f788b3c716d4fcbd8e30a3714c3cf5f3bcf504da70540679f,descricao_unidade,pisos,Pisos e acabamentos de borda,pisos,ok,,153.29,0.0
der_es,2026-05,130231,"Piso argamassa alta resistência tipo granilite ou equiv de qualidade comprovada, esp de 10mm, com juntas plástica em quadros de 1m, na cor natural, com acabamento polido mecanizado, inclusive regularização e=3.0cm",m2,PISOS INTERNOS E EXTERNOS / ACABAMENTOS,169.23,sem_desoneracao,,9d7efd575c10dc676bc49f5acb5630fa9b3cd2b98449be07612e1891e8d213f6,TABELA REFERENCIAL OBRAS - DER-ES - 2026-05 - MAI/XLS/tab_DER-EDIFICAÇÕES_2026_05_servicos.xlsx!A423,401c93c635077fecf165e6becdb0f2aa3c2647118bdd948d82fa1c2375ba0368,descricao_unidade,pisos,Pisos e acabamentos de borda,pisos,ok,,169.23,0.0
der_es,2026-05,130233,"Porcelanato esmaltado, acabamento acetinado, dim. 60x60cm, ref. de cor CIMENTO CINZA BOLD Portobello/equiv, utilizando dupla colagem de argamassa colante para porcelanato tipo ACIII e rejunte 3mm para porcelanato",m2,PISOS INTERNOS E EXTERNOS / ACABAMENTOS,142.59,sem_desoneracao,,9d7efd575c10dc676bc49f5acb5630fa9b3cd2b98449be07612e1891e8d213f6,TABELA REFERENCIAL OBRAS - DER-ES - 2026-05 - MAI/XLS/tab_DER-EDIFICAÇÕES_2026_05_servicos.xlsx!A424,0e65256e183bdad3e7ea6aba1b012ee7a2fe0e7f2ba74ea2b30f0c568c99fd0c,descricao_unidade,pisos,Pisos e acabamentos de borda,pisos,ok,,142.59,0.0
der_es,2026-05,130234,"Porcelanato natural retificado, acabamento acetinado, dim. 60x60cm, ref. PLATINA NA Eliane/equiv, utilizando dupla colagem de argamassa colante para porcelanato tipo ACIII e rejunte e rejunte 3mm para porcelanato",m2,PISOS INTERNOS E EXTERNOS / ACABAMENTOS,221.45,sem_desoneracao,,9d7efd575c10dc676bc49f5acb5630fa9b3cd2b98449be07612e1891e8d213f6,TABELA REFERENCIAL OBRAS - DER-ES - 2026-05 - MAI/XLS/tab_DER-EDIFICAÇÕES_2026_05_servicos.xlsx!A425,ac6ba01e3058e7d0fb18fcdb5797a48ab393083eddb55304932a3c94f26d3621,descricao_unidade,pisos,Pisos e acabamentos de borda,pisos,ok,,221.45,0.0
der_es,2026-05,130236,"Piso cerâmico esmaltado, PEI 5, acabamento semibrilho, dim. 45x45cm, ref. de cor CARGO PLUS WHITE Eliane/equiv. assentado com argamassa de cimento colante, inclusive rejuntamento",m2,PISOS INTERNOS E EXTERNOS / ACABAMENTOS,92.43,sem_desoneracao,,9d7efd575c10dc676bc49f5acb5630fa9b3cd2b98449be07612e1891e8d213f6,TABELA REFERENCIAL OBRAS - DER-ES - 2026-05 - MAI/XLS/tab_DER-EDIFICAÇÕES_2026_05_servicos.xlsx!A426,2bf825decb658a7cec73f841c7e43304c2eae3d8a227a97fbb078dd518a93954,descricao_unidade,pisos,Pisos e acabamentos de borda,pisos,ok,,92.43,0.0
der_es,2026-05,130237,"Assentamento e rejuntamento de piso em porcelanato (dimensões superiores a 30x30cm) utilizando dupla colagem de argamassa colante para porcelanato tipo ACII/ACIII, exclusive fornecimento do porcelanato e do rejunte",m2,PISOS INTERNOS E EXTERNOS / ACABAMENTOS,58.19,sem_desoneracao,,9d7efd575c10dc676bc49f5acb5630fa9b3cd2b98449be07612e1891e8d213f6,TABELA REFERENCIAL OBRAS - DER-ES - 2026-05 - MAI/XLS/tab_DER-EDIFICAÇÕES_2026_05_servicos.xlsx!A427,507a1c1ddb28bfefb5bc7cc3a289186288d2bb73839fc8e2e8b91ad28356af94,descricao_unidade,pisos,Pisos e acabamentos de borda,pisos,ok,,58.19,0.0
der_es,2026-05,130403,"Recomposição de piso cimentado, com argamassa de cimento e areia no traço 1:3, com 2 cm de espessura, incl. lastro",m2,PISOS INTERNOS E EXTERNOS / REVISÕES E REPAROS,152.09,sem_desoneracao,,9d7efd575c10dc676bc49f5acb5630fa9b3cd2b98449be07612e1891e8d213f6,TABELA REFERENCIAL OBRAS - DER-ES - 2026-05 - MAI/XLS/tab_DER-EDIFICAÇÕES_2026_05_servicos.xlsx!A442,58bd11b4b5fa66d9c300621acf8f3dcd5139c325fb9b95dcaea4409079f90bd8,descricao_unidade,pisos,Pisos e acabamentos de borda,pisos,ok,,152.09,0.0
der_es,2026-05,190101,"Emassamento de paredes e forros, com duas demãos de massa corrida, referência Suvinil, Coral, Metalatex ou equivalente, inclusive uma demão de liquido selador PVA, referência Suvinil, Coral ou Metalatex ou equivalente",m2,PINTURA / SOBRE PAREDES E FORROS,20.3,sem_desoneracao,,9d7efd575c10dc676bc49f5acb5630fa9b3cd2b98449be07612e1891e8d213f6,TABELA REFERENCIAL OBRAS - DER-ES - 2026-05 - MAI/XLS/tab_DER-EDIFICAÇÕES_2026_05_servicos.xlsx!A1227,662f1a284823808ad7e36d80c3ce81d49e02703399a7fda5b626a397766d9013,descricao_unidade,pintura,Pintura,pintura,ok,,20.3,0.0
der_es,2026-05,190102,"Emassamento de paredes e forros, com duas demãos de massa à base de óleo, marcas de referência Suvinil, Coral ou Metalatex",m2,PINTURA / SOBRE PAREDES E FORROS,25.98,sem_desoneracao,,9d7efd575c10dc676bc49f5acb5630fa9b3cd2b98449be07612e1891e8d213f6,TABELA REFERENCIAL OBRAS - DER-ES - 2026-05 - MAI/XLS/tab_DER-EDIFICAÇÕES_2026_05_servicos.xlsx!A1228,2a4aef57475c9337f4b60a293e2cac7934cfb9ca0989a612c12ed9d8a2c34bb6,descricao_unidade,pintura,Pintura,pintura,ok,,25.98,0.0
der_es,2026-05,190103,"Emassamento de paredes e forros, com duas demãos de massa acrílica premium, referência Suvinil, Coral ou Sherwin Williams ou equivalente, inclusive uma demão de liquido selador acrílico, referência Suvinil, Coral ou Metalatex ou equivalente",m2,PINTURA / SOBRE PAREDES E FORROS,23.34,sem_desoneracao,,9d7efd575c10dc676bc49f5acb5630fa9b3cd2b98449be07612e1891e8d213f6,TABELA REFERENCIAL OBRAS - DER-ES - 2026-05 - MAI/XLS/tab_DER-EDIFICAÇÕES_2026_05_servicos.xlsx!A1229,d30c7fe74b2f2e8723be75deb5b9be22f47c9f934cafd95529357a234791312a,descricao_unidade,pintura,Pintura,pintura,ok,,23.34,0.0
der_es,2026-05,190104,"Pintura em paredes e forros, aplicação manual, com três demãos de tinta látex premium, referência Suvinil, Coral e Metalatex, inclusive uma demão de liquido selador PVA, referência Suvinil, Coral ou Metalatex ou equivalente",m2,PINTURA / SOBRE PAREDES E FORROS,30.79,sem_desoneracao,,9d7efd575c10dc676bc49f5acb5630fa9b3cd2b98449be07612e1891e8d213f6,TABELA REFERENCIAL OBRAS - DER-ES - 2026-05 - MAI/XLS/tab_DER-EDIFICAÇÕES_2026_05_servicos.xlsx!A1230,926ad9e8dbbbe4648f6c74df4606989986ee37dff6be93f3d8fa34ad494bd2b8,descricao_unidade,pintura,Pintura,pintura,ok,,30.79,0.0
der_es,2026-05,190105,"Pintura em paredes e forros, aplicação manual, com três demãos de tinta esmalte sintético premium, acabamento fosco, referência Suvinil, Coral ou Metalatex, inclusive uma demão de liquido selador acrílico, referência Suvinil, Coral ou Metalatex ou equivalente",m2,PINTURA / SOBRE PAREDES E FORROS,35.52,sem_desoneracao,,9d7efd575c10dc676bc49f5acb5630fa9b3cd2b98449be07612e1891e8d213f6,TABELA REFERENCIAL OBRAS - DER-ES - 2026-05 - MAI/XLS/tab_DER-EDIFICAÇÕES_2026_05_servicos.xlsx!A1231,af920e1b299357fb31a2e7f221753d2c1f4f027d59974cb360a06d4e0a20042e,descricao_unidade,pintura,Pintura,pintura,ok,,35.52,0.0
der_es,2026-05,190106,"Pintura em paredes e forros, aplicação manual, com três demão de tinta látex acrílico premium, referência Coral e Metalatex, inclusive uma demão de liquido selador acrílico, referência Suvinil, Coral ou Metalatex ou equivalente",m2,PINTURA / SOBRE PAREDES E FORROS,31.42,sem_desoneracao,,9d7efd575c10dc676bc49f5acb5630fa9b3cd2b98449be07612e1891e8d213f6,TABELA REFERENCIAL OBRAS - DER-ES - 2026-05 - MAI/XLS/tab_DER-EDIFICAÇÕES_2026_05_servicos.xlsx!A1232,3e1643ac8b20c7096ec2cfe8ae3837ebac1fe4a823336d7dd56a68ecb1e5cc96,descricao_unidade,pintura,Pintura,pintura,ok,,31.42,0.0
der_es,2026-05,190107,Pintura com nata de cimento sobre superfície áspera a três demãos,m2,PINTURA / SOBRE PAREDES E FORROS,4.78,sem_desoneracao,,9d7efd575c10dc676bc49f5acb5630fa9b3cd2b98449be07612e1891e8d213f6,TABELA REFERENCIAL OBRAS - DER-ES - 2026-05 - MAI/XLS/tab_DER-EDIFICAÇÕES_2026_05_servicos.xlsx!A1233,4eed46d4319a6785179d1120733b673ed193f705edcbc6c8a5e926908cb6564f,descricao_unidade,pintura,Pintura,pintura,ok,,4.78,0.0
der_es,2026-05,190108,"Pintura a cal (tipo caiação), sobre paredes e forros, a três demãos",m2,PINTURA / SOBRE PAREDES E FORROS,13.16,sem_desoneracao,,9d7efd575c10dc676bc49f5acb5630fa9b3cd2b98449be07612e1891e8d213f6,TABELA REFERENCIAL OBRAS - DER-ES - 2026-05 - MAI/XLS/tab_DER-EDIFICAÇÕES_2026_05_servicos.xlsx!A1234,6fb971659f052caa6d33bf5e9d2a084fb5e855d34e9fff5c9331a8e1407eba0d,descricao_unidade,pintura,Pintura,pintura,ok,,13.16,0.0
der_es,2026-05,190114,"Preparo em paredes e forros, aplicação manual, com uma demão de líquido selador acrílico, referência Suvinil, Coral ou Metalatex ou equivalente",m2,PINTURA / SOBRE PAREDES E FORROS,3.33,sem_desoneracao,,9d7efd575c10dc676bc49f5acb5630fa9b3cd2b98449be07612e1891e8d213f6,TABELA REFERENCIAL OBRAS - DER-ES - 2026-05 - MAI/XLS/tab_DER-EDIFICAÇÕES_2026_05_servicos.xlsx!A1236,21ccefd458cdd4528b31ea4212bac59ae1720f5f18679fb27d5bbce464db03cb,descricao_unidade,pintura,Pintura,pintura,ok,,3.33,0.0
der_es,2026-05,190115,"Pintura, sobre paredes e forros, aplicação manual, com duas demãos de tinta látex PVA premium, referência Suvinil, Coral e Metalatex, inclusive uma demão de liquido selador PVA, referência Suvinil, Coral ou Metalatex ou equivalente",m2,PINTURA / SOBRE PAREDES E FORROS,25.15,sem_desoneracao,,9d7efd575c10dc676bc49f5acb5630fa9b3cd2b98449be07612e1891e8d213f6,TABELA REFERENCIAL OBRAS - DER-ES - 2026-05 - MAI/XLS/tab_DER-EDIFICAÇÕES_2026_05_servicos.xlsx!A1237,6155a98c6539726565ca56ca435747cf43efcaff9c5160e34cb2ae908550216d,descricao_unidade,pintura,Pintura,pintura,ok,,25.15,0.0
der_es,2026-05,190116,"Pintura, sobre paredes e forros, aplicação manual, com duas demãos de tinta esmalte sintético, referência Suvinil, Coral e Metalatex, inclusive uma demão de liquido selador PVA, referência Suvinil, Coral ou Metalatex ou equivalente",m2,PINTURA / SOBRE PAREDES E FORROS,28.41,sem_desoneracao,,9d7efd575c10dc676bc49f5acb5630fa9b3cd2b98449be07612e1891e8d213f6,TABELA REFERENCIAL OBRAS - DER-ES - 2026-05 - MAI/XLS/tab_DER-EDIFICAÇÕES_2026_05_servicos.xlsx!A1238,cad3634d8eca4278910261c23291faa895d528cea2f21bf8ee9c2dd8341aa834,descricao_unidade,pintura,Pintura,pintura,ok,,28.41,0.0
der_es,2026-05,190117,"Pintura sobre paredes e forros, aplicação manual, com duas demãos de tinta látex acrílico premium, acabamento fosco, referência Suvinil, Coral e Metalatex, inclusive uma demão de liquido selador acrílico, referência Suvinil, Coral ou Metalatex",m2,PINTURA / SOBRE PAREDES E FORROS,25.37,sem_desoneracao,,9d7efd575c10dc676bc49f5acb5630fa9b3cd2b98449be07612e1891e8d213f6,TABELA REFERENCIAL OBRAS - DER-ES - 2026-05 - MAI/XLS/tab_DER-EDIFICAÇÕES_2026_05_servicos.xlsx!A1239,8a18ed46394ffc457dc1003abd179ce132ce645a07bd8e623dc5622d596b0e66,descricao_unidade,pintura,Pintura,pintura,ok,,25.37,0.0
der_es,2026-05,190121,"Preparo em paredes e forros, aplicação manual, com uma demão de líquido selador PVA, referência Suvinil, Coral ou Metalatex ou equivalente",m2,PINTURA / SOBRE PAREDES E FORROS,3.54,sem_desoneracao,,9d7efd575c10dc676bc49f5acb5630fa9b3cd2b98449be07612e1891e8d213f6,TABELA REFERENCIAL OBRAS - DER-ES - 2026-05 - MAI/XLS/tab_DER-EDIFICAÇÕES_2026_05_servicos.xlsx!A1240,132a4a3a4c1edeb4bc13f073394fb49e9a5b4cef287fd2ae7cb09b215345082b,descricao_unidade,pintura,Pintura,pintura,ok,,3.54,0.0
der_es,2026-05,190201,"Pintura sobre concreto ou blocos cerâmicos aparentes, aplicação manual, com duas demãos de verniz acrílico a base de água, acabamento fosco, referência Suvinil, Coral, Metalatex ou equivalente",m2,PINTURA / SOBRE CONCRETO OU BLOCOS CERÂMICOS APARENTES,16.35,sem_desoneracao,,9d7efd575c10dc676bc49f5acb5630fa9b3cd2b98449be07612e1891e8d213f6,TABELA REFERENCIAL OBRAS - DER-ES - 2026-05 - MAI/XLS/tab_DER-EDIFICAÇÕES_2026_05_servicos.xlsx!A1242,4a2709c03a99706b9b1c3565e5c66ca4bbc391e49c730d2e31db8344c76d3d31,descricao_unidade,pintura,Pintura,pintura,ok,,16.35,0.0
der_es,2026-05,190202,"Pintura sobre concreto ou blocos cerâmicos aparentes, aplicação manual, com uma demão de silicone incolor, referência Suvinil, Sika, Vedacit ou equivalente",m2,PINTURA / SOBRE CONCRETO OU BLOCOS CERÂMICOS APARENTES,19.06,sem_desoneracao,,9d7efd575c10dc676bc49f5acb5630fa9b3cd2b98449be07612e1891e8d213f6,TABELA REFERENCIAL OBRAS - DER-ES - 2026-05 - MAI/XLS/tab_DER-EDIFICAÇÕES_2026_05_servicos.xlsx!A1243,172b925a8419e996f07ad17fea40336a615485c19ff93bd8aca8df3df8603233,descricao_unidade,pintura,Pintura,pintura,ok,,19.06,0.0
der_es,2026-05,190203,"Pintura sobre concreto ou blocos de concreto, aplicação manual, com três demãos de tinta látex acrílico premium, referência Suvinil, Coral e Metalatex, inclusive uma demão de liquido selador acrílico, referência Suvinil, Coral ou Metalatex ou equivalente",m2,PINTURA / SOBRE CONCRETO OU BLOCOS CERÂMICOS APARENTES,29.42,sem_desoneracao,,9d7efd575c10dc676bc49f5acb5630fa9b3cd2b98449be07612e1891e8d213f6,TABELA REFERENCIAL OBRAS - DER-ES - 2026-05 - MAI/XLS/tab_DER-EDIFICAÇÕES_2026_05_servicos.xlsx!A1244,b71ead0cbf78dec083c29d5fe136186f647f24fdac337d6555fab14d146be2d9,descricao_unidade,pintura,Pintura,pintura,ok,,29.42,0.0
der_es,2026-05,190204,"Pintura sobre cobogós de concreto, aplicação manual, com duas demãos de tinta látex acrílico premium, referência Suvinil, Coral e Metalatex, inclusive uma demão de liquido selador acrílico, referência Suvinil, Coral ou Metalatex ou equivalente",m2,PINTURA / SOBRE CONCRETO OU BLOCOS CERÂMICOS APARENTES,38.42,sem_desoneracao,,9d7efd575c10dc676bc49f5acb5630fa9b3cd2b98449be07612e1891e8d213f6,TABELA REFERENCIAL OBRAS - DER-ES - 2026-05 - MAI/XLS/tab_DER-EDIFICAÇÕES_2026_05_servicos.xlsx!A1245,fe2ac1aeee14c92afc52b4bfae71c5582207b8118419c57f3cca08e484874056,descricao_unidade,pintura,Pintura,pintura,ok,,38.42,0.0
der_es,2026-05,190205,"Pintura a cal de meio-fio (tipo a caiação), aplicação manual, a três demãos",m2,PINTURA / SOBRE CONCRETO OU BLOCOS CERÂMICOS APARENTES,13.19,sem_desoneracao,,9d7efd575c10dc676bc49f5acb5630fa9b3cd2b98449be07612e1891e8d213f6,TABELA REFERENCIAL OBRAS - DER-ES - 2026-05 - MAI/XLS/tab_DER-EDIFICAÇÕES_2026_05_servicos.xlsx!A1246,f10c588535dd28bfaa6ccbc94625e77d161dcdef05afcd87fde155c457504456,descricao_unidade,pintura,Pintura,pintura,ok,,13.19,0.0
der_es,2026-05,190211,"Pintura sobre concreto ou blocos de concreto, aplicação manual, com duas demãos de tinta látex PVA premium, referência Suvinil, Coral e Metalatex, inclusive uma demão de liquido selador PVA, referência Suvinil, Coral ou Metalatex ou equivalente",m2,PINTURA / SOBRE CONCRETO OU BLOCOS CERÂMICOS APARENTES,25.15,sem_desoneracao,,9d7efd575c10dc676bc49f5acb5630fa9b3cd2b98449be07612e1891e8d213f6,TABELA REFERENCIAL OBRAS - DER-ES - 2026-05 - MAI/XLS/tab_DER-EDIFICAÇÕES_2026_05_servicos.xlsx!A1247,45a73fa5b99add881e8a2999d2892ef768c5998924c67f5955d9718e4c2f8813,descricao_unidade,pintura,Pintura,pintura,ok,,25.15,0.0
der_es,2026-05,190301,"Emassamento de esquadrias e elementos de madeira, com duas demãos de massa à base água, referência Suvinil, Coral, Sherwin Williams ou equivalente, inclusive uma demão de fundo nivelador alquídico branco, referência Suvinil, Coral ou Metalatex ou equivalente",m2,PINTURA / SOBRE MADEIRA,51.36,sem_desoneracao,,9d7efd575c10dc676bc49f5acb5630fa9b3cd2b98449be07612e1891e8d213f6,TABELA REFERENCIAL OBRAS - DER-ES - 2026-05 - MAI/XLS/tab_DER-EDIFICAÇÕES_2026_05_servicos.xlsx!A1249,c6e6b9bfb56cd1d29dc3e5554c4805530d8fd2aaa68131f4e2d65fedec7cb40b,descricao_unidade,pintura,Pintura,pintura,ok,,51.36,0.0
der_es,2026-05,190302,"Pintura de esquadrias e elementos de madeira, aplicação manual, com duas demãos de tinta esmalte sintético referência Suvinil, Coral ou Metalatex, inclusive fundo branco nivelador, referência Suvinil, Coral e Metalatex ou equivalente",m2,PINTURA / SOBRE MADEIRA,44.97,sem_desoneracao,,9d7efd575c10dc676bc49f5acb5630fa9b3cd2b98449be07612e1891e8d213f6,TABELA REFERENCIAL OBRAS - DER-ES - 2026-05 - MAI/XLS/tab_DER-EDIFICAÇÕES_2026_05_servicos.xlsx!A1250,6cf17bb37dcef9132d33f3d9df21f9411ac82933b0efd43d0875e69e555f8e49,descricao_unidade,pintura,Pintura,pintura,ok,,44.97,0.0
der_es,2026-05,190303,"Pintura de esquadrias e elementos de madeira, aplicação manual, com três demão de verniz brilhante incolor, linha Premium Copal, referência Suvinil, Eucatex, Montana ou equivalente",m2,PINTURA / SOBRE MADEIRA,31.78,sem_desoneracao,,9d7efd575c10dc676bc49f5acb5630fa9b3cd2b98449be07612e1891e8d213f6,TABELA REFERENCIAL OBRAS - DER-ES - 2026-05 - MAI/XLS/tab_DER-EDIFICAÇÕES_2026_05_servicos.xlsx!A1251,dbb85a3861c32ec52918414a805c66566fc019dd4b9f32bcf63a2b73dbbf2985,descricao_unidade,pintura,Pintura,pintura,ok,,31.78,0.0
der_es,2026-05,190306,"Pintura de esquadrias e elementos de madeira, aplicação manual, com três demãos de verniz fosco incolor, linha Tripla Proteção Premium, referência Suvinil, Coral, Metalatex ou equivalente",m2,PINTURA / SOBRE MADEIRA,30.62,sem_desoneracao,,9d7efd575c10dc676bc49f5acb5630fa9b3cd2b98449be07612e1891e8d213f6,TABELA REFERENCIAL OBRAS - DER-ES - 2026-05 - MAI/XLS/tab_DER-EDIFICAÇÕES_2026_05_servicos.xlsx!A1252,75ddb2ec7ae72e4324d07b2dec5bd34818ba9b92e75a842cc02844736af4fe1e,descricao_unidade,pintura,Pintura,pintura,ok,,30.62,0.0
der_es,2026-05,190307,"Pintura fundo nivelador alquídico branco, aplicada a rolo, pincel ou trincha, em madeira, a uma demão, referência Suvinil, Coral ou equivalente",m2,PINTURA / SOBRE MADEIRA,26.41,sem_desoneracao,,9d7efd575c10dc676bc49f5acb5630fa9b3cd2b98449be07612e1891e8d213f6,TABELA REFERENCIAL OBRAS - DER-ES - 2026-05 - MAI/XLS/tab_DER-EDIFICAÇÕES_2026_05_servicos.xlsx!A1253,27a6657996a58bb6de97c8421cb74a7127ba70095aa084d5053de84d9c23bc09,descricao_unidade,pintura,Pintura,pintura,ok,,26.41,0.0
der_es,2026-05,190417,"Pintura sobre metal, aplicação manual, com duas demãos de tinta esmalte sintético, referência Suvinil, Coral ou Metalatex, inclusive uma demão de fundo anticorrosivo",m2,PINTURA / SOBRE METAL,54.46,sem_desoneracao,,9d7efd575c10dc676bc49f5acb5630fa9b3cd2b98449be07612e1891e8d213f6,TABELA REFERENCIAL OBRAS - DER-ES - 2026-05 - MAI/XLS/tab_DER-EDIFICAÇÕES_2026_05_servicos.xlsx!A1255,ce39150a3cc0ebd951e19e8abc4e7de725cb32b7b7ea62ff78a80f9d226b43da,descricao_unidade,pintura,Pintura,pintura,ok,,54.46,0.0
der_es,2026-05,190418,Pintura de superfície metálica com uma demão de primer Epoxi e duas demãos de tinta à base de Epoxi,m2,PINTURA / SOBRE METAL,43.33,sem_desoneracao,,9d7efd575c10dc676bc49f5acb5630fa9b3cd2b98449be07612e1891e8d213f6,TABELA REFERENCIAL OBRAS - DER-ES - 2026-05 - MAI/XLS/tab_DER-EDIFICAÇÕES_2026_05_servicos.xlsx!A1256,1c2b2d94b493874c232b700e847854bc2fb67d0a26bd1265471582575168cc77,descricao_unidade,pintura,Pintura,pintura,ok,,43.33,0.0
der_es,2026-05,190602,"Pintura sobre piso, aplicação manual, com duas demãos de tinta à base de resinas acrílicas, marcas de referência Suvinil, Coral, Sherwin Williams NovaCor, Metalatex ou equivalente",m2,PINTURA / SOBRE PISOS,21.93,sem_desoneracao,,9d7efd575c10dc676bc49f5acb5630fa9b3cd2b98449be07612e1891e8d213f6,TABELA REFERENCIAL OBRAS - DER-ES - 2026-05 - MAI/XLS/tab_DER-EDIFICAÇÕES_2026_05_servicos.xlsx!A1261,cba56a933837558390dc40ef6fd14ba3558ee3406604cf0c33df28745fa16a34,descricao_unidade,pintura,Pintura,pintura,ok,,21.93,0.0
der_es,2026-05,190603,"Pintura sobre pisos, marcas de referência Novacor, Coral ou Suvinil, a duas demãos, Linha Premium",m2,PINTURA / SOBRE PISOS,25.89,sem_desoneracao,,9d7efd575c10dc676bc49f5acb5630fa9b3cd2b98449be07612e1891e8d213f6,TABELA REFERENCIAL OBRAS - DER-ES - 2026-05 - MAI/XLS/tab_DER-EDIFICAÇÕES_2026_05_servicos.xlsx!A1262,326ac25189e0fb1c731893627e96475fee24a136a9c31af3ca373528ef24b2d5,descricao_unidade,pintura,Pintura,pintura,ok,,25.89,0.0
der_es,2026-05,190605,"Aplicação de tinta epóxi de alta espessura semibrilhante sobre piso de concreto a três demãos, inclusive selador epóxi a uma demão - Ref. Intergard 2005 e 2001 - Internacional ou equivalente",m2,PINTURA / SOBRE PISOS,80.43,sem_desoneracao,,9d7efd575c10dc676bc49f5acb5630fa9b3cd2b98449be07612e1891e8d213f6,TABELA REFERENCIAL OBRAS - DER-ES - 2026-05 - MAI/XLS/tab_DER-EDIFICAÇÕES_2026_05_servicos.xlsx!A1264,1b0840cc9b589e8bcd01b21bd664678c62720c946ca1116141a1475a2cdff8e0,descricao_unidade,pintura,Pintura,pintura,ok,,80.43,0.0
