fonte,grupo,unidade,fase,modelo,modelo_selecionado,n,n_servicos,n_alteracoes_tecnicas_alvo,mse,mae,rmse,r2,r2_status,ganho_mse_percentual
der_es,PINTURA / SOBRE CONCRETO OU BLOCOS CERÂMICOS APARENTES,m2,validacao,persistencia,False,12,6,0,0.0,0.0,0.0,1.0,calculado,
der_es,PINTURA / SOBRE CONCRETO OU BLOCOS CERÂMICOS APARENTES,m2,validacao,linear_simples,True,12,6,0,0.07298492937549793,0.23483191323698893,0.2701572308406679,0.9990084681558523,calculado,
der_es,PINTURA / SOBRE CONCRETO OU BLOCOS CERÂMICOS APARENTES,m2,validacao,linear_multipla,False,12,6,0,0.2202862820426236,0.3940353259984297,0.4693466544491647,0.9970073155466052,calculado,
der_es,PINTURA / SOBRE CONCRETO OU BLOCOS CERÂMICOS APARENTES,m2,teste,persistencia,False,18,6,0,0.7950277777777788,0.5950000000000003,0.8916433018745662,0.9887038971710439,calculado,0.0
der_es,PINTURA / SOBRE CONCRETO OU BLOCOS CERÂMICOS APARENTES,m2,teste,linear_simples,True,18,6,0,0.7891333266310345,0.645966947750533,0.8883317660823767,0.9887876481142625,calculado,0.7414144903490191
der_es,PINTURA / SOBRE CONCRETO OU BLOCOS CERÂMICOS APARENTES,m2,teste,linear_multipla,False,18,6,0,0.7307571426270951,0.6252368869801762,0.8548433439099208,0.9896170825009625,calculado,8.084074160317979
der_es,PINTURA / SOBRE MADEIRA,m2,validacao,persistencia,False,10,5,0,0.0,0.0,0.0,1.0,calculado,
der_es,PINTURA / SOBRE MADEIRA,m2,validacao,linear_simples,True,10,5,0,0.013620592796240888,0.11481596381531815,0.11670729538568224,0.9998464356769344,calculado,
der_es,PINTURA / SOBRE MADEIRA,m2,validacao,linear_multipla,False,10,5,0,0.025965395503131723,0.16051317438386975,0.16113781524872342,0.9997072551508426,calculado,
der_es,PINTURA / SOBRE MADEIRA,m2,teste,persistencia,False,15,5,0,0.656013333333333,0.5986666666666662,0.8099465002908112,0.9925677576362397,calculado,0.0
der_es,PINTURA / SOBRE MADEIRA,m2,teste,linear_simples,True,15,5,0,0.5564993500900112,0.5780614211679846,0.7459888404594341,0.993695192102075,calculado,15.16950619550241
der_es,PINTURA / SOBRE MADEIRA,m2,teste,linear_multipla,False,15,5,0,0.6331267362881154,0.6255407393272876,0.7956926141972888,0.9928270492199297,calculado,3.48873961584382
der_es,PINTURA / SOBRE PAREDES E FORROS,m2,validacao,persistencia,False,26,13,0,6.153846153846164e-05,0.0015384615384615398,0.007844645405527368,0.9999994680764877,calculado,0.0
der_es,PINTURA / SOBRE PAREDES E FORROS,m2,validacao,linear_simples,True,26,13,0,0.06999037409587182,0.2400210096728753,0.2645569392321279,0.9993950202086845,calculado,-113634.3579057915
der_es,PINTURA / SOBRE PAREDES E FORROS,m2,validacao,linear_multipla,False,26,13,0,0.20931952388127562,0.4038290507336578,0.4575145067440765,0.9981906928843888,calculado,-340044.22630707227
der_es,PINTURA / SOBRE PAREDES E FORROS,m2,teste,persistencia,False,39,13,0,0.8106666666666666,0.6271794871794872,0.9003702941938204,0.9927123004655328,calculado,0.0
der_es,PINTURA / SOBRE PAREDES E FORROS,m2,teste,linear_simples,True,39,13,0,0.8544143523006023,0.6938490662288354,0.9243453641905726,0.9923190192300537,calculado,-5.396507273922978
der_es,PINTURA / SOBRE PAREDES E FORROS,m2,teste,linear_multipla,False,39,13,0,0.7980611144597124,0.6514871164107395,0.8933426635170361,0.9928256213663762,calculado,1.5549612097394225
der_es,PINTURA / SOBRE PISOS,m2,validacao,persistencia,False,6,3,0,0.0,0.0,0.0,1.0,calculado,
der_es,PINTURA / SOBRE PISOS,m2,validacao,linear_simples,True,6,3,0,0.23154162099877276,0.3755704401556355,0.4811877190855693,0.9997184687598123,calculado,
der_es,PINTURA / SOBRE PISOS,m2,validacao,linear_multipla,False,6,3,0,0.46691388519289784,0.5107469719077748,0.683310972539515,0.9994322798441498,calculado,
der_es,PINTURA / SOBRE PISOS,m2,teste,persistencia,False,9,3,0,3.871355555555558,1.1133333333333337,1.96757606093273,0.9947844842155137,calculado,0.0
der_es,PINTURA / SOBRE PISOS,m2,teste,linear_simples,True,9,3,0,4.359502266947446,1.2185727982681689,2.0879421129302043,0.9941268497404895,calculado,-12.609193456575628
der_es,PINTURA / SOBRE PISOS,m2,teste,linear_multipla,False,9,3,0,4.419198775564865,1.1356169869734947,2.1021890437267685,0.9940464262096346,calculado,-14.151198776437091
der_es,PISOS INTERNOS E EXTERNOS / ACABAMENTOS,m2,validacao,persistencia,False,32,16,0,20.813131250000016,1.7650000000000003,4.562141081772901,0.9983143328492885,calculado,0.0
der_es,PISOS INTERNOS E EXTERNOS / ACABAMENTOS,m2,validacao,linear_simples,True,32,16,0,21.408415614641022,2.19766107937148,4.626922909952253,0.998266120435368,calculado,-2.8601384265090157
der_es,PISOS INTERNOS E EXTERNOS / ACABAMENTOS,m2,validacao,linear_multipla,False,32,16,0,21.441863364329325,2.208363948270865,4.630535969445581,0.9982634114833974,calculado,-3.0208434606845107
der_es,PISOS INTERNOS E EXTERNOS / ACABAMENTOS,m2,teste,persistencia,False,48,16,0,10.219829166666647,1.513749999999999,3.196846753703819,0.9991480163303226,calculado,0.0
der_es,PISOS INTERNOS E EXTERNOS / ACABAMENTOS,m2,teste,linear_simples,True,48,16,0,10.110869711536537,1.6286543064228276,3.1797593795028796,0.9991570998164468,calculado,1.0661573041308365
der_es,PISOS INTERNOS E EXTERNOS / ACABAMENTOS,m2,teste,linear_multipla,False,48,16,0,10.140942382738773,1.6324876350891044,3.184484633773379,0.9991545927858155,calculado,0.7718992425546045
der_es,PISOS INTERNOS E EXTERNOS / LASTRO DE CONTRAPISO,m2,validacao,persistencia,False,14,7,0,0.0619428571428573,0.16428571428571484,0.2488832198900868,0.9998570738756987,calculado,0.0
der_es,PISOS INTERNOS E EXTERNOS / LASTRO DE CONTRAPISO,m2,validacao,linear_simples,False,14,7,0,0.37964778708138697,0.5781109634534679,0.6161556516671636,0.9991240057480398,calculado,-512.9000252697653
der_es,PISOS INTERNOS E EXTERNOS / LASTRO DE CONTRAPISO,m2,validacao,linear_multipla,True,14,7,0,0.3746243189010861,0.5747711519637922,0.6120656164996414,0.9991355968316721,calculado,-504.79018272776665
der_es,PISOS INTERNOS E EXTERNOS / LASTRO DE CONTRAPISO,m2,teste,persistencia,False,21,7,0,2.0045285714285694,0.8157142857142855,1.4158137488485445,0.9955079245182048,calculado,0.0
der_es,PISOS INTERNOS E EXTERNOS / LASTRO DE CONTRAPISO,m2,teste,linear_simples,False,21,7,0,1.5154267303212465,0.9303706110342606,1.231026697647637,0.9966039839208269,calculado,24.39984383753404
der_es,PISOS INTERNOS E EXTERNOS / LASTRO DE CONTRAPISO,m2,teste,linear_multipla,True,21,7,0,1.511282639790915,0.9413295524121471,1.2293423606916485,0.9966132706766911,calculado,24.606580253736787
der_es,REVESTIMENTO DE PAREDES / ACABAMENTOS,m2,validacao,persistencia,False,10,5,0,9.111909999999973,1.846999999999997,3.018594043590488,0.9982963130534969,calculado,0.0
der_es,REVESTIMENTO DE PAREDES / ACABAMENTOS,m2,validacao,linear_simples,True,10,5,0,9.030333910964925,2.1881028874767017,3.005051399055418,0.9983115656315004,calculado,0.8952688188870184
der_es,REVESTIMENTO DE PAREDES / ACABAMENTOS,m2,validacao,linear_multipla,False,10,5,0,9.87321448848669,2.3130195898840418,3.1421671643129825,0.9981539691849391,calculado,-8.35504837610028
der_es,REVESTIMENTO DE PAREDES / ACABAMENTOS,m2,teste,persistencia,False,15,5,0,1.0962999999999983,0.7393333333333335,1.0470434565957605,0.9997907275443882,calculado,0.0
der_es,REVESTIMENTO DE PAREDES / ACABAMENTOS,m2,teste,linear_simples,True,15,5,0,2.4090924822323037,1.1728337632018075,1.5521251503124043,0.9995401288884862,calculado,-119.74755835376332
der_es,REVESTIMENTO DE PAREDES / ACABAMENTOS,m2,teste,linear_multipla,False,15,5,0,3.384618824688128,1.504778807602673,1.8397333569536996,0.9993539108886689,calculado,-208.73107951182462
der_es,"REVESTIMENTO DE PAREDES / REVESTIMENTO EMPREGANDO ARGAMASSA DE CIMENTO, CAL E AREIA",m2,validacao,persistencia,False,10,5,0,0.008620000000000563,0.052000000000001025,0.09284395510748432,0.9999846939039321,calculado,0.0
der_es,"REVESTIMENTO DE PAREDES / REVESTIMENTO EMPREGANDO ARGAMASSA DE CIMENTO, CAL E AREIA",m2,validacao,linear_simples,True,10,5,0,0.23079055366111473,0.43954805578796685,0.48040665447214065,0.9995901969389904,calculado,-2577.3846132378153
der_es,"REVESTIMENTO DE PAREDES / REVESTIMENTO EMPREGANDO ARGAMASSA DE CIMENTO, CAL E AREIA",m2,validacao,linear_multipla,False,10,5,0,0.2935050153433247,0.4935285273011184,0.5417610315843367,0.9994788380555386,calculado,-3304.930572428138
der_es,"REVESTIMENTO DE PAREDES / REVESTIMENTO EMPREGANDO ARGAMASSA DE CIMENTO, CAL E AREIA",m2,teste,persistencia,False,15,5,0,2.783466666666663,0.8493333333333336,1.66837246041364,0.9952636265980065,calculado,0.0
der_es,"REVESTIMENTO DE PAREDES / REVESTIMENTO EMPREGANDO ARGAMASSA DE CIMENTO, CAL E AREIA",m2,teste,linear_simples,True,15,5,0,2.2486432734471857,0.9299571242675431,1.4995476896208355,0.9961736871799218,calculado,19.214291287344725
der_es,"REVESTIMENTO DE PAREDES / REVESTIMENTO EMPREGANDO ARGAMASSA DE CIMENTO, CAL E AREIA",m2,teste,linear_multipla,False,15,5,0,2.2004976812753934,0.9450938591693817,1.4834074562558304,0.9962556121783119,calculado,20.943990182192604
