fonte,regime,codigo,descricao,grupo,unidade,arquivo_sha256,assinatura_tecnica,competencia_t,competencia_alvo,custo_t,custo_t_1,custo_t_2,data_corte,modelo,custo_previsto,custo_observado,treino_ate,modelo_arquivo,dataset_sha256,tipo_resultado
der_es,sem_desoneracao,190201,"Pintura sobre concreto ou blocos cerâmicos aparentes, aplicação manual, com duas demãos de verniz acrílico a base de água, acabamento fosco, referência Suvinil, Coral, Metalatex ou equivalente",PINTURA / SOBRE CONCRETO OU BLOCOS CERÂMICOS APARENTES,m2,9d7efd575c10dc676bc49f5acb5630fa9b3cd2b98449be07612e1891e8d213f6,4a2709c03a99706b9b1c3565e5c66ca4bbc391e49c730d2e31db8344c76d3d31,2026-05,2026-06,16.35,15.93,15.93,,linear_simples,16.478938574958573,,2026-05,ffb379fb71b33b7a.joblib,ab8d97cc1409e86e5c0f21d8e2a7758141c53b714c1a4646f99711cea4ff4ccb,cenario_proxima_competencia_sem_observacao
der_es,sem_desoneracao,190202,"Pintura sobre concreto ou blocos cerâmicos aparentes, aplicação manual, com uma demão de silicone incolor, referência Suvinil, Sika, Vedacit ou equivalente",PINTURA / SOBRE CONCRETO OU BLOCOS CERÂMICOS APARENTES,m2,9d7efd575c10dc676bc49f5acb5630fa9b3cd2b98449be07612e1891e8d213f6,172b925a8419e996f07ad17fea40336a615485c19ff93bd8aca8df3df8603233,2026-05,2026-06,19.06,18.45,18.08,,linear_simples,19.209948455004177,,2026-05,ffb379fb71b33b7a.joblib,ab8d97cc1409e86e5c0f21d8e2a7758141c53b714c1a4646f99711cea4ff4ccb,cenario_proxima_competencia_sem_observacao
der_es,sem_desoneracao,190203,"Pintura sobre concreto ou blocos de concreto, aplicação manual, com três demãos de tinta látex acrílico premium, referência Suvinil, Coral e Metalatex, inclusive uma demão de liquido selador acrílico, referência Suvinil, Coral ou Metalatex ou equivalente",PINTURA / SOBRE CONCRETO OU BLOCOS CERÂMICOS APARENTES,m2,9d7efd575c10dc676bc49f5acb5630fa9b3cd2b98449be07612e1891e8d213f6,b71ead0cbf78dec083c29d5fe136186f647f24fdac337d6555fab14d146be2d9,2026-05,2026-06,29.42,28.12,29.82,,linear_simples,29.650266668019857,,2026-05,ffb379fb71b33b7a.joblib,ab8d97cc1409e86e5c0f21d8e2a7758141c53b714c1a4646f99711cea4ff4ccb,cenario_proxima_competencia_sem_observacao
der_es,sem_desoneracao,190204,"Pintura sobre cobogós de concreto, aplicação manual, com duas demãos de tinta látex acrílico premium, referência Suvinil, Coral e Metalatex, inclusive uma demão de liquido selador acrílico, referência Suvinil, Coral ou Metalatex ou equivalente",PINTURA / SOBRE CONCRETO OU BLOCOS CERÂMICOS APARENTES,m2,9d7efd575c10dc676bc49f5acb5630fa9b3cd2b98449be07612e1891e8d213f6,fe2ac1aeee14c92afc52b4bfae71c5582207b8118419c57f3cca08e484874056,2026-05,2026-06,38.42,36.3,37.35,,linear_simples,38.72004117739641,,2026-05,ffb379fb71b33b7a.joblib,ab8d97cc1409e86e5c0f21d8e2a7758141c53b714c1a4646f99711cea4ff4ccb,cenario_proxima_competencia_sem_observacao
der_es,sem_desoneracao,190205,"Pintura a cal de meio-fio (tipo a caiação), aplicação manual, a três demãos",PINTURA / SOBRE CONCRETO OU BLOCOS CERÂMICOS APARENTES,m2,9d7efd575c10dc676bc49f5acb5630fa9b3cd2b98449be07612e1891e8d213f6,f10c588535dd28bfaa6ccbc94625e77d161dcdef05afcd87fde155c457504456,2026-05,2026-06,13.19,12.46,12.46,,linear_simples,13.294439969444134,,2026-05,ffb379fb71b33b7a.joblib,ab8d97cc1409e86e5c0f21d8e2a7758141c53b714c1a4646f99711cea4ff4ccb,cenario_proxima_competencia_sem_observacao
der_es,sem_desoneracao,190211,"Pintura sobre concreto ou blocos de concreto, aplicação manual, com duas demãos de tinta látex PVA premium, referência Suvinil, Coral e Metalatex, inclusive uma demão de liquido selador PVA, referência Suvinil, Coral ou Metalatex ou equivalente",PINTURA / SOBRE CONCRETO OU BLOCOS CERÂMICOS APARENTES,m2,9d7efd575c10dc676bc49f5acb5630fa9b3cd2b98449be07612e1891e8d213f6,45a73fa5b99add881e8a2999d2892ef768c5998924c67f5955d9718e4c2f8813,2026-05,2026-06,25.15,23.87,25.0,,linear_simples,25.347162539682312,,2026-05,ffb379fb71b33b7a.joblib,ab8d97cc1409e86e5c0f21d8e2a7758141c53b714c1a4646f99711cea4ff4ccb,cenario_proxima_competencia_sem_observacao
der_es,sem_desoneracao,190201,"Pintura sobre concreto ou blocos cerâmicos aparentes, aplicação manual, com duas demãos de verniz acrílico a base de água, acabamento fosco, referência Suvinil, Coral, Metalatex ou equivalente",PINTURA / SOBRE CONCRETO OU BLOCOS CERÂMICOS APARENTES,m2,9d7efd575c10dc676bc49f5acb5630fa9b3cd2b98449be07612e1891e8d213f6,4a2709c03a99706b9b1c3565e5c66ca4bbc391e49c730d2e31db8344c76d3d31,2026-05,2026-06,16.35,15.93,15.93,,persistencia,16.35,,2026-05,,ab8d97cc1409e86e5c0f21d8e2a7758141c53b714c1a4646f99711cea4ff4ccb,cenario_proxima_competencia_sem_observacao
der_es,sem_desoneracao,190202,"Pintura sobre concreto ou blocos cerâmicos aparentes, aplicação manual, com uma demão de silicone incolor, referência Suvinil, Sika, Vedacit ou equivalente",PINTURA / SOBRE CONCRETO OU BLOCOS CERÂMICOS APARENTES,m2,9d7efd575c10dc676bc49f5acb5630fa9b3cd2b98449be07612e1891e8d213f6,172b925a8419e996f07ad17fea40336a615485c19ff93bd8aca8df3df8603233,2026-05,2026-06,19.06,18.45,18.08,,persistencia,19.06,,2026-05,,ab8d97cc1409e86e5c0f21d8e2a7758141c53b714c1a4646f99711cea4ff4ccb,cenario_proxima_competencia_sem_observacao
der_es,sem_desoneracao,190203,"Pintura sobre concreto ou blocos de concreto, aplicação manual, com três demãos de tinta látex acrílico premium, referência Suvinil, Coral e Metalatex, inclusive uma demão de liquido selador acrílico, referência Suvinil, Coral ou Metalatex ou equivalente",PINTURA / SOBRE CONCRETO OU BLOCOS CERÂMICOS APARENTES,m2,9d7efd575c10dc676bc49f5acb5630fa9b3cd2b98449be07612e1891e8d213f6,b71ead0cbf78dec083c29d5fe136186f647f24fdac337d6555fab14d146be2d9,2026-05,2026-06,29.42,28.12,29.82,,persistencia,29.42,,2026-05,,ab8d97cc1409e86e5c0f21d8e2a7758141c53b714c1a4646f99711cea4ff4ccb,cenario_proxima_competencia_sem_observacao
der_es,sem_desoneracao,190204,"Pintura sobre cobogós de concreto, aplicação manual, com duas demãos de tinta látex acrílico premium, referência Suvinil, Coral e Metalatex, inclusive uma demão de liquido selador acrílico, referência Suvinil, Coral ou Metalatex ou equivalente",PINTURA / SOBRE CONCRETO OU BLOCOS CERÂMICOS APARENTES,m2,9d7efd575c10dc676bc49f5acb5630fa9b3cd2b98449be07612e1891e8d213f6,fe2ac1aeee14c92afc52b4bfae71c5582207b8118419c57f3cca08e484874056,2026-05,2026-06,38.42,36.3,37.35,,persistencia,38.42,,2026-05,,ab8d97cc1409e86e5c0f21d8e2a7758141c53b714c1a4646f99711cea4ff4ccb,cenario_proxima_competencia_sem_observacao
der_es,sem_desoneracao,190205,"Pintura a cal de meio-fio (tipo a caiação), aplicação manual, a três demãos",PINTURA / SOBRE CONCRETO OU BLOCOS CERÂMICOS APARENTES,m2,9d7efd575c10dc676bc49f5acb5630fa9b3cd2b98449be07612e1891e8d213f6,f10c588535dd28bfaa6ccbc94625e77d161dcdef05afcd87fde155c457504456,2026-05,2026-06,13.19,12.46,12.46,,persistencia,13.19,,2026-05,,ab8d97cc1409e86e5c0f21d8e2a7758141c53b714c1a4646f99711cea4ff4ccb,cenario_proxima_competencia_sem_observacao
der_es,sem_desoneracao,190211,"Pintura sobre concreto ou blocos de concreto, aplicação manual, com duas demãos de tinta látex PVA premium, referência Suvinil, Coral e Metalatex, inclusive uma demão de liquido selador PVA, referência Suvinil, Coral ou Metalatex ou equivalente",PINTURA / SOBRE CONCRETO OU BLOCOS CERÂMICOS APARENTES,m2,9d7efd575c10dc676bc49f5acb5630fa9b3cd2b98449be07612e1891e8d213f6,45a73fa5b99add881e8a2999d2892ef768c5998924c67f5955d9718e4c2f8813,2026-05,2026-06,25.15,23.87,25.0,,persistencia,25.15,,2026-05,,ab8d97cc1409e86e5c0f21d8e2a7758141c53b714c1a4646f99711cea4ff4ccb,cenario_proxima_competencia_sem_observacao
der_es,sem_desoneracao,190301,"Emassamento de esquadrias e elementos de madeira, com duas demãos de massa à base água, referência Suvinil, Coral, Sherwin Williams ou equivalente, inclusive uma demão de fundo nivelador alquídico branco, referência Suvinil, Coral ou Metalatex ou equivalente",PINTURA / SOBRE MADEIRA,m2,9d7efd575c10dc676bc49f5acb5630fa9b3cd2b98449be07612e1891e8d213f6,c6e6b9bfb56cd1d29dc3e5554c4805530d8fd2aaa68131f4e2d65fedec7cb40b,2026-05,2026-06,51.36,49.75,49.07,,linear_simples,51.556805023599075,,2026-05,10d6857f14abd3d3.joblib,ab8d97cc1409e86e5c0f21d8e2a7758141c53b714c1a4646f99711cea4ff4ccb,cenario_proxima_competencia_sem_observacao
der_es,sem_desoneracao,190302,"Pintura de esquadrias e elementos de madeira, aplicação manual, com duas demãos de tinta esmalte sintético referência Suvinil, Coral ou Metalatex, inclusive fundo branco nivelador, referência Suvinil, Coral e Metalatex ou equivalente",PINTURA / SOBRE MADEIRA,m2,9d7efd575c10dc676bc49f5acb5630fa9b3cd2b98449be07612e1891e8d213f6,6cf17bb37dcef9132d33f3d9df21f9411ac82933b0efd43d0875e69e555f8e49,2026-05,2026-06,44.97,43.7,43.8,,linear_simples,45.16805083963051,,2026-05,10d6857f14abd3d3.joblib,ab8d97cc1409e86e5c0f21d8e2a7758141c53b714c1a4646f99711cea4ff4ccb,cenario_proxima_competencia_sem_observacao
der_es,sem_desoneracao,190303,"Pintura de esquadrias e elementos de madeira, aplicação manual, com três demão de verniz brilhante incolor, linha Premium Copal, referência Suvinil, Eucatex, Montana ou equivalente",PINTURA / SOBRE MADEIRA,m2,9d7efd575c10dc676bc49f5acb5630fa9b3cd2b98449be07612e1891e8d213f6,dbb85a3861c32ec52918414a805c66566fc019dd4b9f32bcf63a2b73dbbf2985,2026-05,2026-06,31.78,30.59,29.93,,linear_simples,31.98062240668131,,2026-05,10d6857f14abd3d3.joblib,ab8d97cc1409e86e5c0f21d8e2a7758141c53b714c1a4646f99711cea4ff4ccb,cenario_proxima_competencia_sem_observacao
der_es,sem_desoneracao,190306,"Pintura de esquadrias e elementos de madeira, aplicação manual, com três demãos de verniz fosco incolor, linha Tripla Proteção Premium, referência Suvinil, Coral, Metalatex ou equivalente",PINTURA / SOBRE MADEIRA,m2,9d7efd575c10dc676bc49f5acb5630fa9b3cd2b98449be07612e1891e8d213f6,75ddb2ec7ae72e4324d07b2dec5bd34818ba9b92e75a842cc02844736af4fe1e,2026-05,2026-06,30.62,29.43,28.73,,linear_simples,30.82084856420814,,2026-05,10d6857f14abd3d3.joblib,ab8d97cc1409e86e5c0f21d8e2a7758141c53b714c1a4646f99711cea4ff4ccb,cenario_proxima_competencia_sem_observacao
der_es,sem_desoneracao,190307,"Pintura fundo nivelador alquídico branco, aplicada a rolo, pincel ou trincha, em madeira, a uma demão, referência Suvinil, Coral ou equivalente",PINTURA / SOBRE MADEIRA,m2,9d7efd575c10dc676bc49f5acb5630fa9b3cd2b98449be07612e1891e8d213f6,27a6657996a58bb6de97c8421cb74a7127ba70095aa084d5053de84d9c23bc09,2026-05,2026-06,26.41,25.9,24.83,,linear_simples,26.611669360059835,,2026-05,10d6857f14abd3d3.joblib,ab8d97cc1409e86e5c0f21d8e2a7758141c53b714c1a4646f99711cea4ff4ccb,cenario_proxima_competencia_sem_observacao
der_es,sem_desoneracao,190301,"Emassamento de esquadrias e elementos de madeira, com duas demãos de massa à base água, referência Suvinil, Coral, Sherwin Williams ou equivalente, inclusive uma demão de fundo nivelador alquídico branco, referência Suvinil, Coral ou Metalatex ou equivalente",PINTURA / SOBRE MADEIRA,m2,9d7efd575c10dc676bc49f5acb5630fa9b3cd2b98449be07612e1891e8d213f6,c6e6b9bfb56cd1d29dc3e5554c4805530d8fd2aaa68131f4e2d65fedec7cb40b,2026-05,2026-06,51.36,49.75,49.07,,persistencia,51.36,,2026-05,,ab8d97cc1409e86e5c0f21d8e2a7758141c53b714c1a4646f99711cea4ff4ccb,cenario_proxima_competencia_sem_observacao
der_es,sem_desoneracao,190302,"Pintura de esquadrias e elementos de madeira, aplicação manual, com duas demãos de tinta esmalte sintético referência Suvinil, Coral ou Metalatex, inclusive fundo branco nivelador, referência Suvinil, Coral e Metalatex ou equivalente",PINTURA / SOBRE MADEIRA,m2,9d7efd575c10dc676bc49f5acb5630fa9b3cd2b98449be07612e1891e8d213f6,6cf17bb37dcef9132d33f3d9df21f9411ac82933b0efd43d0875e69e555f8e49,2026-05,2026-06,44.97,43.7,43.8,,persistencia,44.97,,2026-05,,ab8d97cc1409e86e5c0f21d8e2a7758141c53b714c1a4646f99711cea4ff4ccb,cenario_proxima_competencia_sem_observacao
der_es,sem_desoneracao,190303,"Pintura de esquadrias e elementos de madeira, aplicação manual, com três demão de verniz brilhante incolor, linha Premium Copal, referência Suvinil, Eucatex, Montana ou equivalente",PINTURA / SOBRE MADEIRA,m2,9d7efd575c10dc676bc49f5acb5630fa9b3cd2b98449be07612e1891e8d213f6,dbb85a3861c32ec52918414a805c66566fc019dd4b9f32bcf63a2b73dbbf2985,2026-05,2026-06,31.78,30.59,29.93,,persistencia,31.78,,2026-05,,ab8d97cc1409e86e5c0f21d8e2a7758141c53b714c1a4646f99711cea4ff4ccb,cenario_proxima_competencia_sem_observacao
der_es,sem_desoneracao,190306,"Pintura de esquadrias e elementos de madeira, aplicação manual, com três demãos de verniz fosco incolor, linha Tripla Proteção Premium, referência Suvinil, Coral, Metalatex ou equivalente",PINTURA / SOBRE MADEIRA,m2,9d7efd575c10dc676bc49f5acb5630fa9b3cd2b98449be07612e1891e8d213f6,75ddb2ec7ae72e4324d07b2dec5bd34818ba9b92e75a842cc02844736af4fe1e,2026-05,2026-06,30.62,29.43,28.73,,persistencia,30.62,,2026-05,,ab8d97cc1409e86e5c0f21d8e2a7758141c53b714c1a4646f99711cea4ff4ccb,cenario_proxima_competencia_sem_observacao
der_es,sem_desoneracao,190307,"Pintura fundo nivelador alquídico branco, aplicada a rolo, pincel ou trincha, em madeira, a uma demão, referência Suvinil, Coral ou equivalente",PINTURA / SOBRE MADEIRA,m2,9d7efd575c10dc676bc49f5acb5630fa9b3cd2b98449be07612e1891e8d213f6,27a6657996a58bb6de97c8421cb74a7127ba70095aa084d5053de84d9c23bc09,2026-05,2026-06,26.41,25.9,24.83,,persistencia,26.41,,2026-05,,ab8d97cc1409e86e5c0f21d8e2a7758141c53b714c1a4646f99711cea4ff4ccb,cenario_proxima_competencia_sem_observacao
der_es,sem_desoneracao,190101,"Emassamento de paredes e forros, com duas demãos de massa corrida, referência Suvinil, Coral, Metalatex ou equivalente, inclusive uma demão de liquido selador PVA, referência Suvinil, Coral ou Metalatex ou equivalente",PINTURA / SOBRE PAREDES E FORROS,m2,9d7efd575c10dc676bc49f5acb5630fa9b3cd2b98449be07612e1891e8d213f6,662f1a284823808ad7e36d80c3ce81d49e02703399a7fda5b626a397766d9013,2026-05,2026-06,20.3,19.27,20.06,,linear_simples,20.45384527697534,,2026-05,ae8bdc09ff71f769.joblib,ab8d97cc1409e86e5c0f21d8e2a7758141c53b714c1a4646f99711cea4ff4ccb,cenario_proxima_competencia_sem_observacao
der_es,sem_desoneracao,190102,"Emassamento de paredes e forros, com duas demãos de massa à base de óleo, marcas de referência Suvinil, Coral ou Metalatex",PINTURA / SOBRE PAREDES E FORROS,m2,9d7efd575c10dc676bc49f5acb5630fa9b3cd2b98449be07612e1891e8d213f6,2a4aef57475c9337f4b60a293e2cac7934cfb9ca0989a612c12ed9d8a2c34bb6,2026-05,2026-06,25.98,24.95,25.45,,linear_simples,26.16060939340027,,2026-05,ae8bdc09ff71f769.joblib,ab8d97cc1409e86e5c0f21d8e2a7758141c53b714c1a4646f99711cea4ff4ccb,cenario_proxima_competencia_sem_observacao
der_es,sem_desoneracao,190103,"Emassamento de paredes e forros, com duas demãos de massa acrílica premium, referência Suvinil, Coral ou Sherwin Williams ou equivalente, inclusive uma demão de liquido selador acrílico, referência Suvinil, Coral ou Metalatex ou equivalente",PINTURA / SOBRE PAREDES E FORROS,m2,9d7efd575c10dc676bc49f5acb5630fa9b3cd2b98449be07612e1891e8d213f6,d30c7fe74b2f2e8723be75deb5b9be22f47c9f934cafd95529357a234791312a,2026-05,2026-06,23.34,22.3,23.75,,linear_simples,23.50816973365347,,2026-05,ae8bdc09ff71f769.joblib,ab8d97cc1409e86e5c0f21d8e2a7758141c53b714c1a4646f99711cea4ff4ccb,cenario_proxima_competencia_sem_observacao
der_es,sem_desoneracao,190104,"Pintura em paredes e forros, aplicação manual, com três demãos de tinta látex premium, referência Suvinil, Coral e Metalatex, inclusive uma demão de liquido selador PVA, referência Suvinil, Coral ou Metalatex ou equivalente",PINTURA / SOBRE PAREDES E FORROS,m2,9d7efd575c10dc676bc49f5acb5630fa9b3cd2b98449be07612e1891e8d213f6,926ad9e8dbbbe4648f6c74df4606989986ee37dff6be93f3d8fa34ad494bd2b8,2026-05,2026-06,30.79,29.26,30.77,,linear_simples,30.993274076499553,,2026-05,ae8bdc09ff71f769.joblib,ab8d97cc1409e86e5c0f21d8e2a7758141c53b714c1a4646f99711cea4ff4ccb,cenario_proxima_competencia_sem_observacao
der_es,sem_desoneracao,190105,"Pintura em paredes e forros, aplicação manual, com três demãos de tinta esmalte sintético premium, acabamento fosco, referência Suvinil, Coral ou Metalatex, inclusive uma demão de liquido selador acrílico, referência Suvinil, Coral ou Metalatex ou equivalente",PINTURA / SOBRE PAREDES E FORROS,m2,9d7efd575c10dc676bc49f5acb5630fa9b3cd2b98449be07612e1891e8d213f6,af920e1b299357fb31a2e7f221753d2c1f4f027d59974cb360a06d4e0a20042e,2026-05,2026-06,35.52,33.98,35.98,,linear_simples,35.74556180021257,,2026-05,ae8bdc09ff71f769.joblib,ab8d97cc1409e86e5c0f21d8e2a7758141c53b714c1a4646f99711cea4ff4ccb,cenario_proxima_competencia_sem_observacao
der_es,sem_desoneracao,190106,"Pintura em paredes e forros, aplicação manual, com três demão de tinta látex acrílico premium, referência Coral e Metalatex, inclusive uma demão de liquido selador acrílico, referência Suvinil, Coral ou Metalatex ou equivalente",PINTURA / SOBRE PAREDES E FORROS,m2,9d7efd575c10dc676bc49f5acb5630fa9b3cd2b98449be07612e1891e8d213f6,3e1643ac8b20c7096ec2cfe8ae3837ebac1fe4a823336d7dd56a68ecb1e5cc96,2026-05,2026-06,31.42,29.88,31.27,,linear_simples,31.626242631666408,,2026-05,ae8bdc09ff71f769.joblib,ab8d97cc1409e86e5c0f21d8e2a7758141c53b714c1a4646f99711cea4ff4ccb,cenario_proxima_competencia_sem_observacao
der_es,sem_desoneracao,190107,Pintura com nata de cimento sobre superfície áspera a três demãos,PINTURA / SOBRE PAREDES E FORROS,m2,9d7efd575c10dc676bc49f5acb5630fa9b3cd2b98449be07612e1891e8d213f6,4eed46d4319a6785179d1120733b673ed193f705edcbc6c8a5e926908cb6564f,2026-05,2026-06,4.78,4.5,4.5,,linear_simples,4.860715156039609,,2026-05,ae8bdc09ff71f769.joblib,ab8d97cc1409e86e5c0f21d8e2a7758141c53b714c1a4646f99711cea4ff4ccb,cenario_proxima_competencia_sem_observacao
der_es,sem_desoneracao,190108,"Pintura a cal (tipo caiação), sobre paredes e forros, a três demãos",PINTURA / SOBRE PAREDES E FORROS,m2,9d7efd575c10dc676bc49f5acb5630fa9b3cd2b98449be07612e1891e8d213f6,6fb971659f052caa6d33bf5e9d2a084fb5e855d34e9fff5c9331a8e1407eba0d,2026-05,2026-06,13.16,12.41,12.41,,linear_simples,13.28020165175104,,2026-05,ae8bdc09ff71f769.joblib,ab8d97cc1409e86e5c0f21d8e2a7758141c53b714c1a4646f99711cea4ff4ccb,cenario_proxima_competencia_sem_observacao
der_es,sem_desoneracao,190114,"Preparo em paredes e forros, aplicação manual, com uma demão de líquido selador acrílico, referência Suvinil, Coral ou Metalatex ou equivalente",PINTURA / SOBRE PAREDES E FORROS,m2,9d7efd575c10dc676bc49f5acb5630fa9b3cd2b98449be07612e1891e8d213f6,21ccefd458cdd4528b31ea4212bac59ae1720f5f18679fb27d5bbce464db03cb,2026-05,2026-06,3.33,3.2,3.37,,linear_simples,3.403882767163525,,2026-05,ae8bdc09ff71f769.joblib,ab8d97cc1409e86e5c0f21d8e2a7758141c53b714c1a4646f99711cea4ff4ccb,cenario_proxima_competencia_sem_observacao
der_es,sem_desoneracao,190115,"Pintura, sobre paredes e forros, aplicação manual, com duas demãos de tinta látex PVA premium, referência Suvinil, Coral e Metalatex, inclusive uma demão de liquido selador PVA, referência Suvinil, Coral ou Metalatex ou equivalente",PINTURA / SOBRE PAREDES E FORROS,m2,9d7efd575c10dc676bc49f5acb5630fa9b3cd2b98449be07612e1891e8d213f6,6155a98c6539726565ca56ca435747cf43efcaff9c5160e34cb2ae908550216d,2026-05,2026-06,25.15,23.87,25.0,,linear_simples,25.326698439767753,,2026-05,ae8bdc09ff71f769.joblib,ab8d97cc1409e86e5c0f21d8e2a7758141c53b714c1a4646f99711cea4ff4ccb,cenario_proxima_competencia_sem_observacao
der_es,sem_desoneracao,190116,"Pintura, sobre paredes e forros, aplicação manual, com duas demãos de tinta esmalte sintético, referência Suvinil, Coral e Metalatex, inclusive uma demão de liquido selador PVA, referência Suvinil, Coral ou Metalatex ou equivalente",PINTURA / SOBRE PAREDES E FORROS,m2,9d7efd575c10dc676bc49f5acb5630fa9b3cd2b98449be07612e1891e8d213f6,cad3634d8eca4278910261c23291faa895d528cea2f21bf8ee9c2dd8341aa834,2026-05,2026-06,28.41,27.14,28.61,,linear_simples,28.602059534758123,,2026-05,ae8bdc09ff71f769.joblib,ab8d97cc1409e86e5c0f21d8e2a7758141c53b714c1a4646f99711cea4ff4ccb,cenario_proxima_competencia_sem_observacao
der_es,sem_desoneracao,190117,"Pintura sobre paredes e forros, aplicação manual, com duas demãos de tinta látex acrílico premium, acabamento fosco, referência Suvinil, Coral e Metalatex, inclusive uma demão de liquido selador acrílico, referência Suvinil, Coral ou Metalatex",PINTURA / SOBRE PAREDES E FORROS,m2,9d7efd575c10dc676bc49f5acb5630fa9b3cd2b98449be07612e1891e8d213f6,8a18ed46394ffc457dc1003abd179ce132ce645a07bd8e623dc5622d596b0e66,2026-05,2026-06,25.37,24.1,25.15,,linear_simples,25.547735078079988,,2026-05,ae8bdc09ff71f769.joblib,ab8d97cc1409e86e5c0f21d8e2a7758141c53b714c1a4646f99711cea4ff4ccb,cenario_proxima_competencia_sem_observacao
der_es,sem_desoneracao,190121,"Preparo em paredes e forros, aplicação manual, com uma demão de líquido selador PVA, referência Suvinil, Coral ou Metalatex ou equivalente",PINTURA / SOBRE PAREDES E FORROS,m2,9d7efd575c10dc676bc49f5acb5630fa9b3cd2b98449be07612e1891e8d213f6,132a4a3a4c1edeb4bc13f073394fb49e9a5b4cef287fd2ae7cb09b215345082b,2026-05,2026-06,3.54,3.4,3.57,,linear_simples,3.614872285552475,,2026-05,ae8bdc09ff71f769.joblib,ab8d97cc1409e86e5c0f21d8e2a7758141c53b714c1a4646f99711cea4ff4ccb,cenario_proxima_competencia_sem_observacao
der_es,sem_desoneracao,190101,"Emassamento de paredes e forros, com duas demãos de massa corrida, referência Suvinil, Coral, Metalatex ou equivalente, inclusive uma demão de liquido selador PVA, referência Suvinil, Coral ou Metalatex ou equivalente",PINTURA / SOBRE PAREDES E FORROS,m2,9d7efd575c10dc676bc49f5acb5630fa9b3cd2b98449be07612e1891e8d213f6,662f1a284823808ad7e36d80c3ce81d49e02703399a7fda5b626a397766d9013,2026-05,2026-06,20.3,19.27,20.06,,persistencia,20.3,,2026-05,,ab8d97cc1409e86e5c0f21d8e2a7758141c53b714c1a4646f99711cea4ff4ccb,cenario_proxima_competencia_sem_observacao
der_es,sem_desoneracao,190102,"Emassamento de paredes e forros, com duas demãos de massa à base de óleo, marcas de referência Suvinil, Coral ou Metalatex",PINTURA / SOBRE PAREDES E FORROS,m2,9d7efd575c10dc676bc49f5acb5630fa9b3cd2b98449be07612e1891e8d213f6,2a4aef57475c9337f4b60a293e2cac7934cfb9ca0989a612c12ed9d8a2c34bb6,2026-05,2026-06,25.98,24.95,25.45,,persistencia,25.98,,2026-05,,ab8d97cc1409e86e5c0f21d8e2a7758141c53b714c1a4646f99711cea4ff4ccb,cenario_proxima_competencia_sem_observacao
der_es,sem_desoneracao,190103,"Emassamento de paredes e forros, com duas demãos de massa acrílica premium, referência Suvinil, Coral ou Sherwin Williams ou equivalente, inclusive uma demão de liquido selador acrílico, referência Suvinil, Coral ou Metalatex ou equivalente",PINTURA / SOBRE PAREDES E FORROS,m2,9d7efd575c10dc676bc49f5acb5630fa9b3cd2b98449be07612e1891e8d213f6,d30c7fe74b2f2e8723be75deb5b9be22f47c9f934cafd95529357a234791312a,2026-05,2026-06,23.34,22.3,23.75,,persistencia,23.34,,2026-05,,ab8d97cc1409e86e5c0f21d8e2a7758141c53b714c1a4646f99711cea4ff4ccb,cenario_proxima_competencia_sem_observacao
der_es,sem_desoneracao,190104,"Pintura em paredes e forros, aplicação manual, com três demãos de tinta látex premium, referência Suvinil, Coral e Metalatex, inclusive uma demão de liquido selador PVA, referência Suvinil, Coral ou Metalatex ou equivalente",PINTURA / SOBRE PAREDES E FORROS,m2,9d7efd575c10dc676bc49f5acb5630fa9b3cd2b98449be07612e1891e8d213f6,926ad9e8dbbbe4648f6c74df4606989986ee37dff6be93f3d8fa34ad494bd2b8,2026-05,2026-06,30.79,29.26,30.77,,persistencia,30.79,,2026-05,,ab8d97cc1409e86e5c0f21d8e2a7758141c53b714c1a4646f99711cea4ff4ccb,cenario_proxima_competencia_sem_observacao
der_es,sem_desoneracao,190105,"Pintura em paredes e forros, aplicação manual, com três demãos de tinta esmalte sintético premium, acabamento fosco, referência Suvinil, Coral ou Metalatex, inclusive uma demão de liquido selador acrílico, referência Suvinil, Coral ou Metalatex ou equivalente",PINTURA / SOBRE PAREDES E FORROS,m2,9d7efd575c10dc676bc49f5acb5630fa9b3cd2b98449be07612e1891e8d213f6,af920e1b299357fb31a2e7f221753d2c1f4f027d59974cb360a06d4e0a20042e,2026-05,2026-06,35.52,33.98,35.98,,persistencia,35.52,,2026-05,,ab8d97cc1409e86e5c0f21d8e2a7758141c53b714c1a4646f99711cea4ff4ccb,cenario_proxima_competencia_sem_observacao
der_es,sem_desoneracao,190106,"Pintura em paredes e forros, aplicação manual, com três demão de tinta látex acrílico premium, referência Coral e Metalatex, inclusive uma demão de liquido selador acrílico, referência Suvinil, Coral ou Metalatex ou equivalente",PINTURA / SOBRE PAREDES E FORROS,m2,9d7efd575c10dc676bc49f5acb5630fa9b3cd2b98449be07612e1891e8d213f6,3e1643ac8b20c7096ec2cfe8ae3837ebac1fe4a823336d7dd56a68ecb1e5cc96,2026-05,2026-06,31.42,29.88,31.27,,persistencia,31.42,,2026-05,,ab8d97cc1409e86e5c0f21d8e2a7758141c53b714c1a4646f99711cea4ff4ccb,cenario_proxima_competencia_sem_observacao
der_es,sem_desoneracao,190107,Pintura com nata de cimento sobre superfície áspera a três demãos,PINTURA / SOBRE PAREDES E FORROS,m2,9d7efd575c10dc676bc49f5acb5630fa9b3cd2b98449be07612e1891e8d213f6,4eed46d4319a6785179d1120733b673ed193f705edcbc6c8a5e926908cb6564f,2026-05,2026-06,4.78,4.5,4.5,,persistencia,4.78,,2026-05,,ab8d97cc1409e86e5c0f21d8e2a7758141c53b714c1a4646f99711cea4ff4ccb,cenario_proxima_competencia_sem_observacao
der_es,sem_desoneracao,190108,"Pintura a cal (tipo caiação), sobre paredes e forros, a três demãos",PINTURA / SOBRE PAREDES E FORROS,m2,9d7efd575c10dc676bc49f5acb5630fa9b3cd2b98449be07612e1891e8d213f6,6fb971659f052caa6d33bf5e9d2a084fb5e855d34e9fff5c9331a8e1407eba0d,2026-05,2026-06,13.16,12.41,12.41,,persistencia,13.16,,2026-05,,ab8d97cc1409e86e5c0f21d8e2a7758141c53b714c1a4646f99711cea4ff4ccb,cenario_proxima_competencia_sem_observacao
der_es,sem_desoneracao,190114,"Preparo em paredes e forros, aplicação manual, com uma demão de líquido selador acrílico, referência Suvinil, Coral ou Metalatex ou equivalente",PINTURA / SOBRE PAREDES E FORROS,m2,9d7efd575c10dc676bc49f5acb5630fa9b3cd2b98449be07612e1891e8d213f6,21ccefd458cdd4528b31ea4212bac59ae1720f5f18679fb27d5bbce464db03cb,2026-05,2026-06,3.33,3.2,3.37,,persistencia,3.33,,2026-05,,ab8d97cc1409e86e5c0f21d8e2a7758141c53b714c1a4646f99711cea4ff4ccb,cenario_proxima_competencia_sem_observacao
der_es,sem_desoneracao,190115,"Pintura, sobre paredes e forros, aplicação manual, com duas demãos de tinta látex PVA premium, referência Suvinil, Coral e Metalatex, inclusive uma demão de liquido selador PVA, referência Suvinil, Coral ou Metalatex ou equivalente",PINTURA / SOBRE PAREDES E FORROS,m2,9d7efd575c10dc676bc49f5acb5630fa9b3cd2b98449be07612e1891e8d213f6,6155a98c6539726565ca56ca435747cf43efcaff9c5160e34cb2ae908550216d,2026-05,2026-06,25.15,23.87,25.0,,persistencia,25.15,,2026-05,,ab8d97cc1409e86e5c0f21d8e2a7758141c53b714c1a4646f99711cea4ff4ccb,cenario_proxima_competencia_sem_observacao
der_es,sem_desoneracao,190116,"Pintura, sobre paredes e forros, aplicação manual, com duas demãos de tinta esmalte sintético, referência Suvinil, Coral e Metalatex, inclusive uma demão de liquido selador PVA, referência Suvinil, Coral ou Metalatex ou equivalente",PINTURA / SOBRE PAREDES E FORROS,m2,9d7efd575c10dc676bc49f5acb5630fa9b3cd2b98449be07612e1891e8d213f6,cad3634d8eca4278910261c23291faa895d528cea2f21bf8ee9c2dd8341aa834,2026-05,2026-06,28.41,27.14,28.61,,persistencia,28.41,,2026-05,,ab8d97cc1409e86e5c0f21d8e2a7758141c53b714c1a4646f99711cea4ff4ccb,cenario_proxima_competencia_sem_observacao
der_es,sem_desoneracao,190117,"Pintura sobre paredes e forros, aplicação manual, com duas demãos de tinta látex acrílico premium, acabamento fosco, referência Suvinil, Coral e Metalatex, inclusive uma demão de liquido selador acrílico, referência Suvinil, Coral ou Metalatex",PINTURA / SOBRE PAREDES E FORROS,m2,9d7efd575c10dc676bc49f5acb5630fa9b3cd2b98449be07612e1891e8d213f6,8a18ed46394ffc457dc1003abd179ce132ce645a07bd8e623dc5622d596b0e66,2026-05,2026-06,25.37,24.1,25.15,,persistencia,25.37,,2026-05,,ab8d97cc1409e86e5c0f21d8e2a7758141c53b714c1a4646f99711cea4ff4ccb,cenario_proxima_competencia_sem_observacao
der_es,sem_desoneracao,190121,"Preparo em paredes e forros, aplicação manual, com uma demão de líquido selador PVA, referência Suvinil, Coral ou Metalatex ou equivalente",PINTURA / SOBRE PAREDES E FORROS,m2,9d7efd575c10dc676bc49f5acb5630fa9b3cd2b98449be07612e1891e8d213f6,132a4a3a4c1edeb4bc13f073394fb49e9a5b4cef287fd2ae7cb09b215345082b,2026-05,2026-06,3.54,3.4,3.57,,persistencia,3.54,,2026-05,,ab8d97cc1409e86e5c0f21d8e2a7758141c53b714c1a4646f99711cea4ff4ccb,cenario_proxima_competencia_sem_observacao
der_es,sem_desoneracao,190602,"Pintura sobre piso, aplicação manual, com duas demãos de tinta à base de resinas acrílicas, marcas de referência Suvinil, Coral, Sherwin Williams NovaCor, Metalatex ou equivalente",PINTURA / SOBRE PISOS,m2,9d7efd575c10dc676bc49f5acb5630fa9b3cd2b98449be07612e1891e8d213f6,cba56a933837558390dc40ef6fd14ba3558ee3406604cf0c33df28745fa16a34,2026-05,2026-06,21.93,20.83,20.86,,linear_simples,22.143438804190414,,2026-05,3935d43ea9c45c1e.joblib,ab8d97cc1409e86e5c0f21d8e2a7758141c53b714c1a4646f99711cea4ff4ccb,cenario_proxima_competencia_sem_observacao
der_es,sem_desoneracao,190603,"Pintura sobre pisos, marcas de referência Novacor, Coral ou Suvinil, a duas demãos, Linha Premium",PINTURA / SOBRE PISOS,m2,9d7efd575c10dc676bc49f5acb5630fa9b3cd2b98449be07612e1891e8d213f6,326ac25189e0fb1c731893627e96475fee24a136a9c31af3ca373528ef24b2d5,2026-05,2026-06,25.89,24.35,24.36,,linear_simples,26.103714007520807,,2026-05,3935d43ea9c45c1e.joblib,ab8d97cc1409e86e5c0f21d8e2a7758141c53b714c1a4646f99711cea4ff4ccb,cenario_proxima_competencia_sem_observacao
der_es,sem_desoneracao,190605,"Aplicação de tinta epóxi de alta espessura semibrilhante sobre piso de concreto a três demãos, inclusive selador epóxi a uma demão - Ref. Intergard 2005 e 2001 - Internacional ou equivalente",PINTURA / SOBRE PISOS,m2,9d7efd575c10dc676bc49f5acb5630fa9b3cd2b98449be07612e1891e8d213f6,1b0840cc9b589e8bcd01b21bd664678c62720c946ca1116141a1475a2cdff8e0,2026-05,2026-06,80.43,78.23,83.37,,linear_simples,80.64750430793487,,2026-05,3935d43ea9c45c1e.joblib,ab8d97cc1409e86e5c0f21d8e2a7758141c53b714c1a4646f99711cea4ff4ccb,cenario_proxima_competencia_sem_observacao
der_es,sem_desoneracao,190602,"Pintura sobre piso, aplicação manual, com duas demãos de tinta à base de resinas acrílicas, marcas de referência Suvinil, Coral, Sherwin Williams NovaCor, Metalatex ou equivalente",PINTURA / SOBRE PISOS,m2,9d7efd575c10dc676bc49f5acb5630fa9b3cd2b98449be07612e1891e8d213f6,cba56a933837558390dc40ef6fd14ba3558ee3406604cf0c33df28745fa16a34,2026-05,2026-06,21.93,20.83,20.86,,persistencia,21.93,,2026-05,,ab8d97cc1409e86e5c0f21d8e2a7758141c53b714c1a4646f99711cea4ff4ccb,cenario_proxima_competencia_sem_observacao
der_es,sem_desoneracao,190603,"Pintura sobre pisos, marcas de referência Novacor, Coral ou Suvinil, a duas demãos, Linha Premium",PINTURA / SOBRE PISOS,m2,9d7efd575c10dc676bc49f5acb5630fa9b3cd2b98449be07612e1891e8d213f6,326ac25189e0fb1c731893627e96475fee24a136a9c31af3ca373528ef24b2d5,2026-05,2026-06,25.89,24.35,24.36,,persistencia,25.89,,2026-05,,ab8d97cc1409e86e5c0f21d8e2a7758141c53b714c1a4646f99711cea4ff4ccb,cenario_proxima_competencia_sem_observacao
der_es,sem_desoneracao,190605,"Aplicação de tinta epóxi de alta espessura semibrilhante sobre piso de concreto a três demãos, inclusive selador epóxi a uma demão - Ref. Intergard 2005 e 2001 - Internacional ou equivalente",PINTURA / SOBRE PISOS,m2,9d7efd575c10dc676bc49f5acb5630fa9b3cd2b98449be07612e1891e8d213f6,1b0840cc9b589e8bcd01b21bd664678c62720c946ca1116141a1475a2cdff8e0,2026-05,2026-06,80.43,78.23,83.37,,persistencia,80.43,,2026-05,,ab8d97cc1409e86e5c0f21d8e2a7758141c53b714c1a4646f99711cea4ff4ccb,cenario_proxima_competencia_sem_observacao
der_es,sem_desoneracao,130202,"Piso cimentado liso com 1.5 cm de espessura, de argamassa de cimento e areia no traço 1:3 e juntas plásticas em quadros de 1 m",PISOS INTERNOS E EXTERNOS / ACABAMENTOS,m2,9d7efd575c10dc676bc49f5acb5630fa9b3cd2b98449be07612e1891e8d213f6,961ae1871d70a95ca52486148b8bd7cc75c26b58a12f8fc4c955df199cdb8296,2026-05,2026-06,68.3,64.87,64.15,,linear_simples,68.75692212305093,,2026-05,7c39b431eccb5763.joblib,ab8d97cc1409e86e5c0f21d8e2a7758141c53b714c1a4646f99711cea4ff4ccb,cenario_proxima_competencia_sem_observacao
der_es,sem_desoneracao,130205,"Piso de tábuas corridas de Peroba de 15cm sobre caibros de 5x6cm espaçados de 50cm, fixados com argamassa de cimento e areia no traço 1:5",PISOS INTERNOS E EXTERNOS / ACABAMENTOS,m2,9d7efd575c10dc676bc49f5acb5630fa9b3cd2b98449be07612e1891e8d213f6,3a5caa850c9309ca2717e14adae5d8e72e9254c6d21f543332ebaada90356e18,2026-05,2026-06,443.81,437.68,451.76,,linear_simples,444.14258944688805,,2026-05,7c39b431eccb5763.joblib,ab8d97cc1409e86e5c0f21d8e2a7758141c53b714c1a4646f99711cea4ff4ccb,cenario_proxima_competencia_sem_observacao
der_es,sem_desoneracao,130209,"Piso de cimentado camurçado executado com argamassa de cimento e areia no traço 1:3, esp. 3.0cm",PISOS INTERNOS E EXTERNOS / ACABAMENTOS,m2,9d7efd575c10dc676bc49f5acb5630fa9b3cd2b98449be07612e1891e8d213f6,8434daf263489e3429222f24356321ab1439eda74da7553149b8b9f47f4cc5c4,2026-05,2026-06,96.95,93.31,102.6,,linear_simples,97.39743600770896,,2026-05,7c39b431eccb5763.joblib,ab8d97cc1409e86e5c0f21d8e2a7758141c53b714c1a4646f99711cea4ff4ccb,cenario_proxima_competencia_sem_observacao
der_es,sem_desoneracao,130210,"Piso cimentado liso com 1.5 cm de espessura, em argamassa de cimento e areia no traço 1:3 e juntas plásticas em quadros de 1 m colorido com corante tipo Xadrez ou equivalente",PISOS INTERNOS E EXTERNOS / ACABAMENTOS,m2,9d7efd575c10dc676bc49f5acb5630fa9b3cd2b98449be07612e1891e8d213f6,ee68196dcca10f846850450ef9f7c005a65904f20dad52b39d6167b897862d30,2026-05,2026-06,81.84,78.41,77.4,,linear_simples,82.29243898162929,,2026-05,7c39b431eccb5763.joblib,ab8d97cc1409e86e5c0f21d8e2a7758141c53b714c1a4646f99711cea4ff4ccb,cenario_proxima_competencia_sem_observacao
der_es,sem_desoneracao,130211,"Fornecimento e instalação de Piso Paviflex dim. 30x30cm, esp. 2mm linha Chroma Concept ref. Fademac ou equivalente",PISOS INTERNOS E EXTERNOS / ACABAMENTOS,m2,9d7efd575c10dc676bc49f5acb5630fa9b3cd2b98449be07612e1891e8d213f6,e592a18e6408019c900f34a070a3d609864d5c28db0ebd8f850b3d3641fe104a,2026-05,2026-06,269.0,269.0,269.0,,linear_simples,269.3904696501317,,2026-05,7c39b431eccb5763.joblib,ab8d97cc1409e86e5c0f21d8e2a7758141c53b714c1a4646f99711cea4ff4ccb,cenario_proxima_competencia_sem_observacao
der_es,sem_desoneracao,130222,"Revestimento de piso com placas de borracha plurigoma preto pastilhado ou equivalente, inclusive arremate",PISOS INTERNOS E EXTERNOS / ACABAMENTOS,m2,9d7efd575c10dc676bc49f5acb5630fa9b3cd2b98449be07612e1891e8d213f6,42ceb5bc3940fc3dcb9ca95606cc8c530081006991a2010fcb43a236deea8ed0,2026-05,2026-06,198.1,198.1,198.1,,linear_simples,198.5139448884475,,2026-05,7c39b431eccb5763.joblib,ab8d97cc1409e86e5c0f21d8e2a7758141c53b714c1a4646f99711cea4ff4ccb,cenario_proxima_competencia_sem_observacao
der_es,sem_desoneracao,130223,"Assentamento de piso cerâmico, com utilização de cimento colante, excl. rejuntamento e cerâmica",PISOS INTERNOS E EXTERNOS / ACABAMENTOS,m2,9d7efd575c10dc676bc49f5acb5630fa9b3cd2b98449be07612e1891e8d213f6,c71ca4c13d67ff73486887c424db7c22a35f151947f18a880cb7e32b961a1029,2026-05,2026-06,17.21,16.35,15.58,,linear_simples,17.683838200985374,,2026-05,7c39b431eccb5763.joblib,ab8d97cc1409e86e5c0f21d8e2a7758141c53b714c1a4646f99711cea4ff4ccb,cenario_proxima_competencia_sem_observacao
der_es,sem_desoneracao,130225,"Rejuntamento de piso cerâmico, usando cimento branco, para juntas de no máximo 3mm de espessura",PISOS INTERNOS E EXTERNOS / ACABAMENTOS,m2,9d7efd575c10dc676bc49f5acb5630fa9b3cd2b98449be07612e1891e8d213f6,304a9f3fbe69f637038e4a1508ea0bd951af17b10343bf234ed6de53b00fde7e,2026-05,2026-06,12.38,11.64,11.55,,linear_simples,12.855437430901667,,2026-05,7c39b431eccb5763.joblib,ab8d97cc1409e86e5c0f21d8e2a7758141c53b714c1a4646f99711cea4ff4ccb,cenario_proxima_competencia_sem_observacao
der_es,sem_desoneracao,130226,"Rejuntamento empregando argamassa para rejunte, esp. 5mm",PISOS INTERNOS E EXTERNOS / ACABAMENTOS,m2,9d7efd575c10dc676bc49f5acb5630fa9b3cd2b98449be07612e1891e8d213f6,c3fee0dbe744f97cfd35994dd48ca7e5ee711ea726b73149c60cc636f2988e48,2026-05,2026-06,19.42,18.68,18.68,,linear_simples,19.89310646224521,,2026-05,7c39b431eccb5763.joblib,ab8d97cc1409e86e5c0f21d8e2a7758141c53b714c1a4646f99711cea4ff4ccb,cenario_proxima_competencia_sem_observacao
der_es,sem_desoneracao,130228,"Assentamento e rejuntamento de piso em porcelanato (dimensões superiores a 30x30cm) utilizando dupla colagem de argamassa colante para porcelanato tipo ACIII, exclusive fornecimento do porcelanato e do rejunte",PISOS INTERNOS E EXTERNOS / ACABAMENTOS,m2,9d7efd575c10dc676bc49f5acb5630fa9b3cd2b98449be07612e1891e8d213f6,70b91fa0150f202763c74ae720659efbcf1bc4f21d95b6ce0a074d0039fa8295,2026-05,2026-06,58.19,55.29,55.29,,linear_simples,58.65026957945957,,2026-05,7c39b431eccb5763.joblib,ab8d97cc1409e86e5c0f21d8e2a7758141c53b714c1a4646f99711cea4ff4ccb,cenario_proxima_competencia_sem_observacao
der_es,sem_desoneracao,130230,"Piso argamassa alta resistência tipo granilite ou equiv de qualidade comprovada, esp de 10mm, com juntas plástica em quadros de 1m, na cor natural, com acabamento anti-derrapante mecanizado, inclusive regularização e=3.0cm",PISOS INTERNOS E EXTERNOS / ACABAMENTOS,m2,9d7efd575c10dc676bc49f5acb5630fa9b3cd2b98449be07612e1891e8d213f6,34f30609ea2e764f788b3c716d4fcbd8e30a3714c3cf5f3bcf504da70540679f,2026-05,2026-06,153.29,146.95,146.87,,linear_simples,153.71878163638723,,2026-05,7c39b431eccb5763.joblib,ab8d97cc1409e86e5c0f21d8e2a7758141c53b714c1a4646f99711cea4ff4ccb,cenario_proxima_competencia_sem_observacao
der_es,sem_desoneracao,130231,"Piso argamassa alta resistência tipo granilite ou equiv de qualidade comprovada, esp de 10mm, com juntas plástica em quadros de 1m, na cor natural, com acabamento polido mecanizado, inclusive regularização e=3.0cm",PISOS INTERNOS E EXTERNOS / ACABAMENTOS,m2,9d7efd575c10dc676bc49f5acb5630fa9b3cd2b98449be07612e1891e8d213f6,401c93c635077fecf165e6becdb0f2aa3c2647118bdd948d82fa1c2375ba0368,2026-05,2026-06,169.23,162.12,162.04,,linear_simples,169.65350384656,,2026-05,7c39b431eccb5763.joblib,ab8d97cc1409e86e5c0f21d8e2a7758141c53b714c1a4646f99711cea4ff4ccb,cenario_proxima_competencia_sem_observacao
der_es,sem_desoneracao,130233,"Porcelanato esmaltado, acabamento acetinado, dim. 60x60cm, ref. de cor CIMENTO CINZA BOLD Portobello/equiv, utilizando dupla colagem de argamassa colante para porcelanato tipo ACIII e rejunte 3mm para porcelanato",PISOS INTERNOS E EXTERNOS / ACABAMENTOS,m2,9d7efd575c10dc676bc49f5acb5630fa9b3cd2b98449be07612e1891e8d213f6,0e65256e183bdad3e7ea6aba1b012ee7a2fe0e7f2ba74ea2b30f0c568c99fd0c,2026-05,2026-06,142.59,139.69,139.69,,linear_simples,143.02232444386226,,2026-05,7c39b431eccb5763.joblib,ab8d97cc1409e86e5c0f21d8e2a7758141c53b714c1a4646f99711cea4ff4ccb,cenario_proxima_competencia_sem_observacao
der_es,sem_desoneracao,130234,"Porcelanato natural retificado, acabamento acetinado, dim. 60x60cm, ref. PLATINA NA Eliane/equiv, utilizando dupla colagem de argamassa colante para porcelanato tipo ACIII e rejunte e rejunte 3mm para porcelanato",PISOS INTERNOS E EXTERNOS / ACABAMENTOS,m2,9d7efd575c10dc676bc49f5acb5630fa9b3cd2b98449be07612e1891e8d213f6,ac6ba01e3058e7d0fb18fcdb5797a48ab393083eddb55304932a3c94f26d3621,2026-05,2026-06,221.45,218.55,218.55,,linear_simples,221.8562136216679,,2026-05,7c39b431eccb5763.joblib,ab8d97cc1409e86e5c0f21d8e2a7758141c53b714c1a4646f99711cea4ff4ccb,cenario_proxima_competencia_sem_observacao
der_es,sem_desoneracao,130236,"Piso cerâmico esmaltado, PEI 5, acabamento semibrilho, dim. 45x45cm, ref. de cor CARGO PLUS WHITE Eliane/equiv. assentado com argamassa de cimento colante, inclusive rejuntamento",PISOS INTERNOS E EXTERNOS / ACABAMENTOS,m2,9d7efd575c10dc676bc49f5acb5630fa9b3cd2b98449be07612e1891e8d213f6,2bf825decb658a7cec73f841c7e43304c2eae3d8a227a97fbb078dd518a93954,2026-05,2026-06,92.43,90.84,89.98,,linear_simples,92.87893259553954,,2026-05,7c39b431eccb5763.joblib,ab8d97cc1409e86e5c0f21d8e2a7758141c53b714c1a4646f99711cea4ff4ccb,cenario_proxima_competencia_sem_observacao
der_es,sem_desoneracao,130237,"Assentamento e rejuntamento de piso em porcelanato (dimensões superiores a 30x30cm) utilizando dupla colagem de argamassa colante para porcelanato tipo ACII/ACIII, exclusive fornecimento do porcelanato e do rejunte",PISOS INTERNOS E EXTERNOS / ACABAMENTOS,m2,9d7efd575c10dc676bc49f5acb5630fa9b3cd2b98449be07612e1891e8d213f6,507a1c1ddb28bfefb5bc7cc3a289186288d2bb73839fc8e2e8b91ad28356af94,2026-05,2026-06,58.19,55.29,55.29,,linear_simples,58.65026957945957,,2026-05,7c39b431eccb5763.joblib,ab8d97cc1409e86e5c0f21d8e2a7758141c53b714c1a4646f99711cea4ff4ccb,cenario_proxima_competencia_sem_observacao
der_es,sem_desoneracao,130202,"Piso cimentado liso com 1.5 cm de espessura, de argamassa de cimento e areia no traço 1:3 e juntas plásticas em quadros de 1 m",PISOS INTERNOS E EXTERNOS / ACABAMENTOS,m2,9d7efd575c10dc676bc49f5acb5630fa9b3cd2b98449be07612e1891e8d213f6,961ae1871d70a95ca52486148b8bd7cc75c26b58a12f8fc4c955df199cdb8296,2026-05,2026-06,68.3,64.87,64.15,,persistencia,68.3,,2026-05,,ab8d97cc1409e86e5c0f21d8e2a7758141c53b714c1a4646f99711cea4ff4ccb,cenario_proxima_competencia_sem_observacao
der_es,sem_desoneracao,130205,"Piso de tábuas corridas de Peroba de 15cm sobre caibros de 5x6cm espaçados de 50cm, fixados com argamassa de cimento e areia no traço 1:5",PISOS INTERNOS E EXTERNOS / ACABAMENTOS,m2,9d7efd575c10dc676bc49f5acb5630fa9b3cd2b98449be07612e1891e8d213f6,3a5caa850c9309ca2717e14adae5d8e72e9254c6d21f543332ebaada90356e18,2026-05,2026-06,443.81,437.68,451.76,,persistencia,443.81,,2026-05,,ab8d97cc1409e86e5c0f21d8e2a7758141c53b714c1a4646f99711cea4ff4ccb,cenario_proxima_competencia_sem_observacao
der_es,sem_desoneracao,130209,"Piso de cimentado camurçado executado com argamassa de cimento e areia no traço 1:3, esp. 3.0cm",PISOS INTERNOS E EXTERNOS / ACABAMENTOS,m2,9d7efd575c10dc676bc49f5acb5630fa9b3cd2b98449be07612e1891e8d213f6,8434daf263489e3429222f24356321ab1439eda74da7553149b8b9f47f4cc5c4,2026-05,2026-06,96.95,93.31,102.6,,persistencia,96.95,,2026-05,,ab8d97cc1409e86e5c0f21d8e2a7758141c53b714c1a4646f99711cea4ff4ccb,cenario_proxima_competencia_sem_observacao
der_es,sem_desoneracao,130210,"Piso cimentado liso com 1.5 cm de espessura, em argamassa de cimento e areia no traço 1:3 e juntas plásticas em quadros de 1 m colorido com corante tipo Xadrez ou equivalente",PISOS INTERNOS E EXTERNOS / ACABAMENTOS,m2,9d7efd575c10dc676bc49f5acb5630fa9b3cd2b98449be07612e1891e8d213f6,ee68196dcca10f846850450ef9f7c005a65904f20dad52b39d6167b897862d30,2026-05,2026-06,81.84,78.41,77.4,,persistencia,81.84,,2026-05,,ab8d97cc1409e86e5c0f21d8e2a7758141c53b714c1a4646f99711cea4ff4ccb,cenario_proxima_competencia_sem_observacao
der_es,sem_desoneracao,130211,"Fornecimento e instalação de Piso Paviflex dim. 30x30cm, esp. 2mm linha Chroma Concept ref. Fademac ou equivalente",PISOS INTERNOS E EXTERNOS / ACABAMENTOS,m2,9d7efd575c10dc676bc49f5acb5630fa9b3cd2b98449be07612e1891e8d213f6,e592a18e6408019c900f34a070a3d609864d5c28db0ebd8f850b3d3641fe104a,2026-05,2026-06,269.0,269.0,269.0,,persistencia,269.0,,2026-05,,ab8d97cc1409e86e5c0f21d8e2a7758141c53b714c1a4646f99711cea4ff4ccb,cenario_proxima_competencia_sem_observacao
der_es,sem_desoneracao,130222,"Revestimento de piso com placas de borracha plurigoma preto pastilhado ou equivalente, inclusive arremate",PISOS INTERNOS E EXTERNOS / ACABAMENTOS,m2,9d7efd575c10dc676bc49f5acb5630fa9b3cd2b98449be07612e1891e8d213f6,42ceb5bc3940fc3dcb9ca95606cc8c530081006991a2010fcb43a236deea8ed0,2026-05,2026-06,198.1,198.1,198.1,,persistencia,198.1,,2026-05,,ab8d97cc1409e86e5c0f21d8e2a7758141c53b714c1a4646f99711cea4ff4ccb,cenario_proxima_competencia_sem_observacao
der_es,sem_desoneracao,130223,"Assentamento de piso cerâmico, com utilização de cimento colante, excl. rejuntamento e cerâmica",PISOS INTERNOS E EXTERNOS / ACABAMENTOS,m2,9d7efd575c10dc676bc49f5acb5630fa9b3cd2b98449be07612e1891e8d213f6,c71ca4c13d67ff73486887c424db7c22a35f151947f18a880cb7e32b961a1029,2026-05,2026-06,17.21,16.35,15.58,,persistencia,17.21,,2026-05,,ab8d97cc1409e86e5c0f21d8e2a7758141c53b714c1a4646f99711cea4ff4ccb,cenario_proxima_competencia_sem_observacao
der_es,sem_desoneracao,130225,"Rejuntamento de piso cerâmico, usando cimento branco, para juntas de no máximo 3mm de espessura",PISOS INTERNOS E EXTERNOS / ACABAMENTOS,m2,9d7efd575c10dc676bc49f5acb5630fa9b3cd2b98449be07612e1891e8d213f6,304a9f3fbe69f637038e4a1508ea0bd951af17b10343bf234ed6de53b00fde7e,2026-05,2026-06,12.38,11.64,11.55,,persistencia,12.38,,2026-05,,ab8d97cc1409e86e5c0f21d8e2a7758141c53b714c1a4646f99711cea4ff4ccb,cenario_proxima_competencia_sem_observacao
der_es,sem_desoneracao,130226,"Rejuntamento empregando argamassa para rejunte, esp. 5mm",PISOS INTERNOS E EXTERNOS / ACABAMENTOS,m2,9d7efd575c10dc676bc49f5acb5630fa9b3cd2b98449be07612e1891e8d213f6,c3fee0dbe744f97cfd35994dd48ca7e5ee711ea726b73149c60cc636f2988e48,2026-05,2026-06,19.42,18.68,18.68,,persistencia,19.42,,2026-05,,ab8d97cc1409e86e5c0f21d8e2a7758141c53b714c1a4646f99711cea4ff4ccb,cenario_proxima_competencia_sem_observacao
der_es,sem_desoneracao,130228,"Assentamento e rejuntamento de piso em porcelanato (dimensões superiores a 30x30cm) utilizando dupla colagem de argamassa colante para porcelanato tipo ACIII, exclusive fornecimento do porcelanato e do rejunte",PISOS INTERNOS E EXTERNOS / ACABAMENTOS,m2,9d7efd575c10dc676bc49f5acb5630fa9b3cd2b98449be07612e1891e8d213f6,70b91fa0150f202763c74ae720659efbcf1bc4f21d95b6ce0a074d0039fa8295,2026-05,2026-06,58.19,55.29,55.29,,persistencia,58.19,,2026-05,,ab8d97cc1409e86e5c0f21d8e2a7758141c53b714c1a4646f99711cea4ff4ccb,cenario_proxima_competencia_sem_observacao
der_es,sem_desoneracao,130230,"Piso argamassa alta resistência tipo granilite ou equiv de qualidade comprovada, esp de 10mm, com juntas plástica em quadros de 1m, na cor natural, com acabamento anti-derrapante mecanizado, inclusive regularização e=3.0cm",PISOS INTERNOS E EXTERNOS / ACABAMENTOS,m2,9d7efd575c10dc676bc49f5acb5630fa9b3cd2b98449be07612e1891e8d213f6,34f30609ea2e764f788b3c716d4fcbd8e30a3714c3cf5f3bcf504da70540679f,2026-05,2026-06,153.29,146.95,146.87,,persistencia,153.29,,2026-05,,ab8d97cc1409e86e5c0f21d8e2a7758141c53b714c1a4646f99711cea4ff4ccb,cenario_proxima_competencia_sem_observacao
der_es,sem_desoneracao,130231,"Piso argamassa alta resistência tipo granilite ou equiv de qualidade comprovada, esp de 10mm, com juntas plástica em quadros de 1m, na cor natural, com acabamento polido mecanizado, inclusive regularização e=3.0cm",PISOS INTERNOS E EXTERNOS / ACABAMENTOS,m2,9d7efd575c10dc676bc49f5acb5630fa9b3cd2b98449be07612e1891e8d213f6,401c93c635077fecf165e6becdb0f2aa3c2647118bdd948d82fa1c2375ba0368,2026-05,2026-06,169.23,162.12,162.04,,persistencia,169.23,,2026-05,,ab8d97cc1409e86e5c0f21d8e2a7758141c53b714c1a4646f99711cea4ff4ccb,cenario_proxima_competencia_sem_observacao
der_es,sem_desoneracao,130233,"Porcelanato esmaltado, acabamento acetinado, dim. 60x60cm, ref. de cor CIMENTO CINZA BOLD Portobello/equiv, utilizando dupla colagem de argamassa colante para porcelanato tipo ACIII e rejunte 3mm para porcelanato",PISOS INTERNOS E EXTERNOS / ACABAMENTOS,m2,9d7efd575c10dc676bc49f5acb5630fa9b3cd2b98449be07612e1891e8d213f6,0e65256e183bdad3e7ea6aba1b012ee7a2fe0e7f2ba74ea2b30f0c568c99fd0c,2026-05,2026-06,142.59,139.69,139.69,,persistencia,142.59,,2026-05,,ab8d97cc1409e86e5c0f21d8e2a7758141c53b714c1a4646f99711cea4ff4ccb,cenario_proxima_competencia_sem_observacao
der_es,sem_desoneracao,130234,"Porcelanato natural retificado, acabamento acetinado, dim. 60x60cm, ref. PLATINA NA Eliane/equiv, utilizando dupla colagem de argamassa colante para porcelanato tipo ACIII e rejunte e rejunte 3mm para porcelanato",PISOS INTERNOS E EXTERNOS / ACABAMENTOS,m2,9d7efd575c10dc676bc49f5acb5630fa9b3cd2b98449be07612e1891e8d213f6,ac6ba01e3058e7d0fb18fcdb5797a48ab393083eddb55304932a3c94f26d3621,2026-05,2026-06,221.45,218.55,218.55,,persistencia,221.45,,2026-05,,ab8d97cc1409e86e5c0f21d8e2a7758141c53b714c1a4646f99711cea4ff4ccb,cenario_proxima_competencia_sem_observacao
der_es,sem_desoneracao,130236,"Piso cerâmico esmaltado, PEI 5, acabamento semibrilho, dim. 45x45cm, ref. de cor CARGO PLUS WHITE Eliane/equiv. assentado com argamassa de cimento colante, inclusive rejuntamento",PISOS INTERNOS E EXTERNOS / ACABAMENTOS,m2,9d7efd575c10dc676bc49f5acb5630fa9b3cd2b98449be07612e1891e8d213f6,2bf825decb658a7cec73f841c7e43304c2eae3d8a227a97fbb078dd518a93954,2026-05,2026-06,92.43,90.84,89.98,,persistencia,92.43,,2026-05,,ab8d97cc1409e86e5c0f21d8e2a7758141c53b714c1a4646f99711cea4ff4ccb,cenario_proxima_competencia_sem_observacao
der_es,sem_desoneracao,130237,"Assentamento e rejuntamento de piso em porcelanato (dimensões superiores a 30x30cm) utilizando dupla colagem de argamassa colante para porcelanato tipo ACII/ACIII, exclusive fornecimento do porcelanato e do rejunte",PISOS INTERNOS E EXTERNOS / ACABAMENTOS,m2,9d7efd575c10dc676bc49f5acb5630fa9b3cd2b98449be07612e1891e8d213f6,507a1c1ddb28bfefb5bc7cc3a289186288d2bb73839fc8e2e8b91ad28356af94,2026-05,2026-06,58.19,55.29,55.29,,persistencia,58.19,,2026-05,,ab8d97cc1409e86e5c0f21d8e2a7758141c53b714c1a4646f99711cea4ff4ccb,cenario_proxima_competencia_sem_observacao
der_es,sem_desoneracao,130103,"Regularização de base para revestimento cerâmico, com argamassa de cimento e areia no traço 1:5, espessura: 3 cm",PISOS INTERNOS E EXTERNOS / LASTRO DE CONTRAPISO,m2,9d7efd575c10dc676bc49f5acb5630fa9b3cd2b98449be07612e1891e8d213f6,a33314a4cea8ee57350f8042f61721df13602afb631ea3219d03d15be62333fb,2026-05,2026-06,29.15,27.93,27.85,,linear_multipla,29.554015286842052,,2026-05,cb7c88f2c955fb61.joblib,ab8d97cc1409e86e5c0f21d8e2a7758141c53b714c1a4646f99711cea4ff4ccb,cenario_proxima_competencia_sem_observacao
der_es,sem_desoneracao,130104,"Regularização de base p/ revestimento cerâmico, com argamassa de cimento e areia no traço 1:5, espessura 5cm",PISOS INTERNOS E EXTERNOS / LASTRO DE CONTRAPISO,m2,9d7efd575c10dc676bc49f5acb5630fa9b3cd2b98449be07612e1891e8d213f6,47f104b3f4bd1457c65938d737ffa872a22db73f912ac33731019441a77f77e5,2026-05,2026-06,45.33,43.51,43.39,,linear_multipla,45.8610008383272,,2026-05,cb7c88f2c955fb61.joblib,ab8d97cc1409e86e5c0f21d8e2a7758141c53b714c1a4646f99711cea4ff4ccb,cenario_proxima_competencia_sem_observacao
der_es,sem_desoneracao,130109,"Lastro regularizado e impermeabilizado de concreto não estrutural, espessura de 8 cm",PISOS INTERNOS E EXTERNOS / LASTRO DE CONTRAPISO,m2,9d7efd575c10dc676bc49f5acb5630fa9b3cd2b98449be07612e1891e8d213f6,f50936ab4f0ea400afb082e5aef83407de65a4ac0a27024addeca6d3a679bccd,2026-05,2026-06,90.57,87.59,87.66,,linear_multipla,91.48067722921078,,2026-05,cb7c88f2c955fb61.joblib,ab8d97cc1409e86e5c0f21d8e2a7758141c53b714c1a4646f99711cea4ff4ccb,cenario_proxima_competencia_sem_observacao
der_es,sem_desoneracao,130110,"Lastro regularizado de concreto não estrutural, espessura de 8 cm",PISOS INTERNOS E EXTERNOS / LASTRO DE CONTRAPISO,m2,9d7efd575c10dc676bc49f5acb5630fa9b3cd2b98449be07612e1891e8d213f6,3ae9964f6b197b523b714b0fce6a41babc9e9e018268af41f355fc0fe2f6e4fa,2026-05,2026-06,78.53,75.55,75.62,,linear_multipla,79.37535495237614,,2026-05,cb7c88f2c955fb61.joblib,ab8d97cc1409e86e5c0f21d8e2a7758141c53b714c1a4646f99711cea4ff4ccb,cenario_proxima_competencia_sem_observacao
der_es,sem_desoneracao,130111,"Lastro impermeabilizado de concreto não estrutural, espessura de 6 cm",PISOS INTERNOS E EXTERNOS / LASTRO DE CONTRAPISO,m2,9d7efd575c10dc676bc49f5acb5630fa9b3cd2b98449be07612e1891e8d213f6,805e5ce2138542fe39a084592b8d93644cc569318cd88e1d83590cb02825151b,2026-05,2026-06,68.6,66.33,66.4,,linear_multipla,69.3347442902793,,2026-05,cb7c88f2c955fb61.joblib,ab8d97cc1409e86e5c0f21d8e2a7758141c53b714c1a4646f99711cea4ff4ccb,cenario_proxima_competencia_sem_observacao
der_es,sem_desoneracao,130112,"Lastro de concreto não estrutural, espessura de 6 cm",PISOS INTERNOS E EXTERNOS / LASTRO DE CONTRAPISO,m2,9d7efd575c10dc676bc49f5acb5630fa9b3cd2b98449be07612e1891e8d213f6,e29037a39ee31b07b5b04b64def3620b40ff7b58047ccf52bae7f27c7a48fa5e,2026-05,2026-06,59.57,57.3,57.37,,linear_multipla,60.25575258265333,,2026-05,cb7c88f2c955fb61.joblib,ab8d97cc1409e86e5c0f21d8e2a7758141c53b714c1a4646f99711cea4ff4ccb,cenario_proxima_competencia_sem_observacao
der_es,sem_desoneracao,130113,"Lastro impermeabilizado de concreto não estrutural, espessura de 8cm",PISOS INTERNOS E EXTERNOS / LASTRO DE CONTRAPISO,m2,9d7efd575c10dc676bc49f5acb5630fa9b3cd2b98449be07612e1891e8d213f6,47a0a9d32fabfb9b2ba7b7fded3a42a412efe0363de7ed1c1e0b316714b1bc98,2026-05,2026-06,91.25,88.22,88.3,,linear_multipla,92.17054802592921,,2026-05,cb7c88f2c955fb61.joblib,ab8d97cc1409e86e5c0f21d8e2a7758141c53b714c1a4646f99711cea4ff4ccb,cenario_proxima_competencia_sem_observacao
der_es,sem_desoneracao,130103,"Regularização de base para revestimento cerâmico, com argamassa de cimento e areia no traço 1:5, espessura: 3 cm",PISOS INTERNOS E EXTERNOS / LASTRO DE CONTRAPISO,m2,9d7efd575c10dc676bc49f5acb5630fa9b3cd2b98449be07612e1891e8d213f6,a33314a4cea8ee57350f8042f61721df13602afb631ea3219d03d15be62333fb,2026-05,2026-06,29.15,27.93,27.85,,persistencia,29.15,,2026-05,,ab8d97cc1409e86e5c0f21d8e2a7758141c53b714c1a4646f99711cea4ff4ccb,cenario_proxima_competencia_sem_observacao
der_es,sem_desoneracao,130104,"Regularização de base p/ revestimento cerâmico, com argamassa de cimento e areia no traço 1:5, espessura 5cm",PISOS INTERNOS E EXTERNOS / LASTRO DE CONTRAPISO,m2,9d7efd575c10dc676bc49f5acb5630fa9b3cd2b98449be07612e1891e8d213f6,47f104b3f4bd1457c65938d737ffa872a22db73f912ac33731019441a77f77e5,2026-05,2026-06,45.33,43.51,43.39,,persistencia,45.33,,2026-05,,ab8d97cc1409e86e5c0f21d8e2a7758141c53b714c1a4646f99711cea4ff4ccb,cenario_proxima_competencia_sem_observacao
der_es,sem_desoneracao,130109,"Lastro regularizado e impermeabilizado de concreto não estrutural, espessura de 8 cm",PISOS INTERNOS E EXTERNOS / LASTRO DE CONTRAPISO,m2,9d7efd575c10dc676bc49f5acb5630fa9b3cd2b98449be07612e1891e8d213f6,f50936ab4f0ea400afb082e5aef83407de65a4ac0a27024addeca6d3a679bccd,2026-05,2026-06,90.57,87.59,87.66,,persistencia,90.57,,2026-05,,ab8d97cc1409e86e5c0f21d8e2a7758141c53b714c1a4646f99711cea4ff4ccb,cenario_proxima_competencia_sem_observacao
der_es,sem_desoneracao,130110,"Lastro regularizado de concreto não estrutural, espessura de 8 cm",PISOS INTERNOS E EXTERNOS / LASTRO DE CONTRAPISO,m2,9d7efd575c10dc676bc49f5acb5630fa9b3cd2b98449be07612e1891e8d213f6,3ae9964f6b197b523b714b0fce6a41babc9e9e018268af41f355fc0fe2f6e4fa,2026-05,2026-06,78.53,75.55,75.62,,persistencia,78.53,,2026-05,,ab8d97cc1409e86e5c0f21d8e2a7758141c53b714c1a4646f99711cea4ff4ccb,cenario_proxima_competencia_sem_observacao
der_es,sem_desoneracao,130111,"Lastro impermeabilizado de concreto não estrutural, espessura de 6 cm",PISOS INTERNOS E EXTERNOS / LASTRO DE CONTRAPISO,m2,9d7efd575c10dc676bc49f5acb5630fa9b3cd2b98449be07612e1891e8d213f6,805e5ce2138542fe39a084592b8d93644cc569318cd88e1d83590cb02825151b,2026-05,2026-06,68.6,66.33,66.4,,persistencia,68.6,,2026-05,,ab8d97cc1409e86e5c0f21d8e2a7758141c53b714c1a4646f99711cea4ff4ccb,cenario_proxima_competencia_sem_observacao
der_es,sem_desoneracao,130112,"Lastro de concreto não estrutural, espessura de 6 cm",PISOS INTERNOS E EXTERNOS / LASTRO DE CONTRAPISO,m2,9d7efd575c10dc676bc49f5acb5630fa9b3cd2b98449be07612e1891e8d213f6,e29037a39ee31b07b5b04b64def3620b40ff7b58047ccf52bae7f27c7a48fa5e,2026-05,2026-06,59.57,57.3,57.37,,persistencia,59.57,,2026-05,,ab8d97cc1409e86e5c0f21d8e2a7758141c53b714c1a4646f99711cea4ff4ccb,cenario_proxima_competencia_sem_observacao
der_es,sem_desoneracao,130113,"Lastro impermeabilizado de concreto não estrutural, espessura de 8cm",PISOS INTERNOS E EXTERNOS / LASTRO DE CONTRAPISO,m2,9d7efd575c10dc676bc49f5acb5630fa9b3cd2b98449be07612e1891e8d213f6,47a0a9d32fabfb9b2ba7b7fded3a42a412efe0363de7ed1c1e0b316714b1bc98,2026-05,2026-06,91.25,88.22,88.3,,persistencia,91.25,,2026-05,,ab8d97cc1409e86e5c0f21d8e2a7758141c53b714c1a4646f99711cea4ff4ccb,cenario_proxima_competencia_sem_observacao
der_es,sem_desoneracao,120201,"Azulejo branco 15 x 15 cm, juntas a prumo, assentado com argamassa de cimento colante, inclusive rejuntamento com cimento branco, marcas de referência Eliane, Cecrisa ou Portobello",REVESTIMENTO DE PAREDES / ACABAMENTOS,m2,9d7efd575c10dc676bc49f5acb5630fa9b3cd2b98449be07612e1891e8d213f6,2c7438c22caa4579e8d01d354007bc7d1021c8c36b7b45aba0f4fe97dbce3b0e,2026-05,2026-06,121.22,119.48,118.62,,linear_simples,121.42674065982372,,2026-05,664b6452edfc2136.joblib,ab8d97cc1409e86e5c0f21d8e2a7758141c53b714c1a4646f99711cea4ff4ccb,cenario_proxima_competencia_sem_observacao
der_es,sem_desoneracao,120221,"Pastilha cerâmica branca 5 x 5 cm, assentada com argamassa de cimento colante e rejunte pré-fabricado, marcas de referência Atlas, Jatobá, NGK ou equivalentwe",REVESTIMENTO DE PAREDES / ACABAMENTOS,m2,9d7efd575c10dc676bc49f5acb5630fa9b3cd2b98449be07612e1891e8d213f6,77a8eb90f6e0cab72b8e7922330e30a752b5941ea129636063b58d687d5ad6e2,2026-05,2026-06,243.88,241.47,241.47,,linear_simples,242.52757640035588,,2026-05,664b6452edfc2136.joblib,ab8d97cc1409e86e5c0f21d8e2a7758141c53b714c1a4646f99711cea4ff4ccb,cenario_proxima_competencia_sem_observacao
der_es,sem_desoneracao,120224,"Assentamento de revestimento cerâmico com cimento colante, excl. rejuntamento e cerâmica",REVESTIMENTO DE PAREDES / ACABAMENTOS,m2,9d7efd575c10dc676bc49f5acb5630fa9b3cd2b98449be07612e1891e8d213f6,a98dcf2eec77bec1544530e7be0fcd279da7253e5953f7ff18a3a9afa7bc14eb,2026-05,2026-06,19.3,18.32,17.55,,linear_simples,20.802273199567427,,2026-05,664b6452edfc2136.joblib,ab8d97cc1409e86e5c0f21d8e2a7758141c53b714c1a4646f99711cea4ff4ccb,cenario_proxima_competencia_sem_observacao
der_es,sem_desoneracao,120232,"Cerâmica 10 x 10 cm, branco brilhante ref Galeria Mesh BR telada, ELIANE, STRUFALDI, CERAL, empregando argamassa colante, inclusive rejuntamento junta plus cinza claro esp. 3 mm",REVESTIMENTO DE PAREDES / ACABAMENTOS,m2,9d7efd575c10dc676bc49f5acb5630fa9b3cd2b98449be07612e1891e8d213f6,3c5a0ea9be3760410f59f86908f1f3f913fb62377234ced828b536021c6c78cd,2026-05,2026-06,121.67,120.62,119.85,,linear_simples,121.87102058875932,,2026-05,664b6452edfc2136.joblib,ab8d97cc1409e86e5c0f21d8e2a7758141c53b714c1a4646f99711cea4ff4ccb,cenario_proxima_competencia_sem_observacao
der_es,sem_desoneracao,120241,"Cerâmica retificada, acabamento brilhante, dim. 32x60cm, ref. TRADIZIONALLE BIANCO Biancogres/equiv. assentado com argamassa de cimento colante, inclusive rejuntamento com argamassapre-fabricada para rejunte",REVESTIMENTO DE PAREDES / ACABAMENTOS,m2,9d7efd575c10dc676bc49f5acb5630fa9b3cd2b98449be07612e1891e8d213f6,9cc0879fde016776c6601d69c18a619000a84838bdd8ecd73c59d2f798988510,2026-05,2026-06,90.92,89.18,88.41,,linear_simples,91.511892111494,,2026-05,664b6452edfc2136.joblib,ab8d97cc1409e86e5c0f21d8e2a7758141c53b714c1a4646f99711cea4ff4ccb,cenario_proxima_competencia_sem_observacao
der_es,sem_desoneracao,120201,"Azulejo branco 15 x 15 cm, juntas a prumo, assentado com argamassa de cimento colante, inclusive rejuntamento com cimento branco, marcas de referência Eliane, Cecrisa ou Portobello",REVESTIMENTO DE PAREDES / ACABAMENTOS,m2,9d7efd575c10dc676bc49f5acb5630fa9b3cd2b98449be07612e1891e8d213f6,2c7438c22caa4579e8d01d354007bc7d1021c8c36b7b45aba0f4fe97dbce3b0e,2026-05,2026-06,121.22,119.48,118.62,,persistencia,121.22,,2026-05,,ab8d97cc1409e86e5c0f21d8e2a7758141c53b714c1a4646f99711cea4ff4ccb,cenario_proxima_competencia_sem_observacao
der_es,sem_desoneracao,120221,"Pastilha cerâmica branca 5 x 5 cm, assentada com argamassa de cimento colante e rejunte pré-fabricado, marcas de referência Atlas, Jatobá, NGK ou equivalentwe",REVESTIMENTO DE PAREDES / ACABAMENTOS,m2,9d7efd575c10dc676bc49f5acb5630fa9b3cd2b98449be07612e1891e8d213f6,77a8eb90f6e0cab72b8e7922330e30a752b5941ea129636063b58d687d5ad6e2,2026-05,2026-06,243.88,241.47,241.47,,persistencia,243.88,,2026-05,,ab8d97cc1409e86e5c0f21d8e2a7758141c53b714c1a4646f99711cea4ff4ccb,cenario_proxima_competencia_sem_observacao
der_es,sem_desoneracao,120224,"Assentamento de revestimento cerâmico com cimento colante, excl. rejuntamento e cerâmica",REVESTIMENTO DE PAREDES / ACABAMENTOS,m2,9d7efd575c10dc676bc49f5acb5630fa9b3cd2b98449be07612e1891e8d213f6,a98dcf2eec77bec1544530e7be0fcd279da7253e5953f7ff18a3a9afa7bc14eb,2026-05,2026-06,19.3,18.32,17.55,,persistencia,19.3,,2026-05,,ab8d97cc1409e86e5c0f21d8e2a7758141c53b714c1a4646f99711cea4ff4ccb,cenario_proxima_competencia_sem_observacao
der_es,sem_desoneracao,120232,"Cerâmica 10 x 10 cm, branco brilhante ref Galeria Mesh BR telada, ELIANE, STRUFALDI, CERAL, empregando argamassa colante, inclusive rejuntamento junta plus cinza claro esp. 3 mm",REVESTIMENTO DE PAREDES / ACABAMENTOS,m2,9d7efd575c10dc676bc49f5acb5630fa9b3cd2b98449be07612e1891e8d213f6,3c5a0ea9be3760410f59f86908f1f3f913fb62377234ced828b536021c6c78cd,2026-05,2026-06,121.67,120.62,119.85,,persistencia,121.67,,2026-05,,ab8d97cc1409e86e5c0f21d8e2a7758141c53b714c1a4646f99711cea4ff4ccb,cenario_proxima_competencia_sem_observacao
der_es,sem_desoneracao,120241,"Cerâmica retificada, acabamento brilhante, dim. 32x60cm, ref. TRADIZIONALLE BIANCO Biancogres/equiv. assentado com argamassa de cimento colante, inclusive rejuntamento com argamassapre-fabricada para rejunte",REVESTIMENTO DE PAREDES / ACABAMENTOS,m2,9d7efd575c10dc676bc49f5acb5630fa9b3cd2b98449be07612e1891e8d213f6,9cc0879fde016776c6601d69c18a619000a84838bdd8ecd73c59d2f798988510,2026-05,2026-06,90.92,89.18,88.41,,persistencia,90.92,,2026-05,,ab8d97cc1409e86e5c0f21d8e2a7758141c53b714c1a4646f99711cea4ff4ccb,cenario_proxima_competencia_sem_observacao
der_es,sem_desoneracao,120301,"Emboço de argamassa de cimento, cal hidratada CH1 e areia média ou grossa lavada no traço 1:0.5:6, espessura 20 mm","REVESTIMENTO DE PAREDES / REVESTIMENTO EMPREGANDO ARGAMASSA DE CIMENTO, CAL E AREIA",m2,9d7efd575c10dc676bc49f5acb5630fa9b3cd2b98449be07612e1891e8d213f6,8c522e85972302031bb2e1b93dd51a26a48b46f7affcda58dc6c7f035214464e,2026-05,2026-06,40.92,38.71,38.67,,linear_simples,41.32991903902096,,2026-05,c14bff884072e3b5.joblib,ab8d97cc1409e86e5c0f21d8e2a7758141c53b714c1a4646f99711cea4ff4ccb,cenario_proxima_competencia_sem_observacao
der_es,sem_desoneracao,120302,"Reboco de argamassa de cimento, cal hidratada CH1 e areia média ou grossa lavada no traço 1:0.5:6, espessura 5mm","REVESTIMENTO DE PAREDES / REVESTIMENTO EMPREGANDO ARGAMASSA DE CIMENTO, CAL E AREIA",m2,9d7efd575c10dc676bc49f5acb5630fa9b3cd2b98449be07612e1891e8d213f6,cdf6b5993269e9335fbc321d01dceea050877e4ff35eed6fb19f48c5c5902f0f,2026-05,2026-06,29.03,27.23,27.22,,linear_simples,29.334894832951733,,2026-05,c14bff884072e3b5.joblib,ab8d97cc1409e86e5c0f21d8e2a7758141c53b714c1a4646f99711cea4ff4ccb,cenario_proxima_competencia_sem_observacao
der_es,sem_desoneracao,120303,"Reboco tipo paulista de argamassa de cimento, cal hidratada CH1 e areia média ou grossa lavada no traço 1:0.5:6, espessura 25 mm","REVESTIMENTO DE PAREDES / REVESTIMENTO EMPREGANDO ARGAMASSA DE CIMENTO, CAL E AREIA",m2,9d7efd575c10dc676bc49f5acb5630fa9b3cd2b98449be07612e1891e8d213f6,bd29d4f3bd7433c2c014fe33aaae91f10ebd7f460f7631a247cd8459c61bb8b2,2026-05,2026-06,70.02,66.01,65.96,,linear_simples,70.68695893781106,,2026-05,c14bff884072e3b5.joblib,ab8d97cc1409e86e5c0f21d8e2a7758141c53b714c1a4646f99711cea4ff4ccb,cenario_proxima_competencia_sem_observacao
der_es,sem_desoneracao,120304,"Reboco de argamassa de cimento, cal hidratada CH1 e areia média ou grossa lavada no traço 1:0.5:6, com impermeabilizante para revestimentos (caixas, fossas, filtros, cisternas, etc...)","REVESTIMENTO DE PAREDES / REVESTIMENTO EMPREGANDO ARGAMASSA DE CIMENTO, CAL E AREIA",m2,9d7efd575c10dc676bc49f5acb5630fa9b3cd2b98449be07612e1891e8d213f6,00ebf3d3830ba5d4d838131bc88f627fb7305728c856cfbe8998517f79c76fae,2026-05,2026-06,76.22,72.05,72.0,,linear_simples,76.94172345232991,,2026-05,c14bff884072e3b5.joblib,ab8d97cc1409e86e5c0f21d8e2a7758141c53b714c1a4646f99711cea4ff4ccb,cenario_proxima_competencia_sem_observacao
der_es,sem_desoneracao,120308,"Chapisco de argamassa de cimento e areia média ou grossa lavada no traço 1:3, espessura 5mm, com utilização de impermeabilizante","REVESTIMENTO DE PAREDES / REVESTIMENTO EMPREGANDO ARGAMASSA DE CIMENTO, CAL E AREIA",m2,9d7efd575c10dc676bc49f5acb5630fa9b3cd2b98449be07612e1891e8d213f6,1dc7e48bce2d1639c3c0b9e5fd612783ce654a581c24ff3a0bb6f92d398148ac,2026-05,2026-06,9.07,8.68,8.67,,linear_simples,9.198588428145873,,2026-05,c14bff884072e3b5.joblib,ab8d97cc1409e86e5c0f21d8e2a7758141c53b714c1a4646f99711cea4ff4ccb,cenario_proxima_competencia_sem_observacao
der_es,sem_desoneracao,120301,"Emboço de argamassa de cimento, cal hidratada CH1 e areia média ou grossa lavada no traço 1:0.5:6, espessura 20 mm","REVESTIMENTO DE PAREDES / REVESTIMENTO EMPREGANDO ARGAMASSA DE CIMENTO, CAL E AREIA",m2,9d7efd575c10dc676bc49f5acb5630fa9b3cd2b98449be07612e1891e8d213f6,8c522e85972302031bb2e1b93dd51a26a48b46f7affcda58dc6c7f035214464e,2026-05,2026-06,40.92,38.71,38.67,,persistencia,40.92,,2026-05,,ab8d97cc1409e86e5c0f21d8e2a7758141c53b714c1a4646f99711cea4ff4ccb,cenario_proxima_competencia_sem_observacao
der_es,sem_desoneracao,120302,"Reboco de argamassa de cimento, cal hidratada CH1 e areia média ou grossa lavada no traço 1:0.5:6, espessura 5mm","REVESTIMENTO DE PAREDES / REVESTIMENTO EMPREGANDO ARGAMASSA DE CIMENTO, CAL E AREIA",m2,9d7efd575c10dc676bc49f5acb5630fa9b3cd2b98449be07612e1891e8d213f6,cdf6b5993269e9335fbc321d01dceea050877e4ff35eed6fb19f48c5c5902f0f,2026-05,2026-06,29.03,27.23,27.22,,persistencia,29.03,,2026-05,,ab8d97cc1409e86e5c0f21d8e2a7758141c53b714c1a4646f99711cea4ff4ccb,cenario_proxima_competencia_sem_observacao
der_es,sem_desoneracao,120303,"Reboco tipo paulista de argamassa de cimento, cal hidratada CH1 e areia média ou grossa lavada no traço 1:0.5:6, espessura 25 mm","REVESTIMENTO DE PAREDES / REVESTIMENTO EMPREGANDO ARGAMASSA DE CIMENTO, CAL E AREIA",m2,9d7efd575c10dc676bc49f5acb5630fa9b3cd2b98449be07612e1891e8d213f6,bd29d4f3bd7433c2c014fe33aaae91f10ebd7f460f7631a247cd8459c61bb8b2,2026-05,2026-06,70.02,66.01,65.96,,persistencia,70.02,,2026-05,,ab8d97cc1409e86e5c0f21d8e2a7758141c53b714c1a4646f99711cea4ff4ccb,cenario_proxima_competencia_sem_observacao
der_es,sem_desoneracao,120304,"Reboco de argamassa de cimento, cal hidratada CH1 e areia média ou grossa lavada no traço 1:0.5:6, com impermeabilizante para revestimentos (caixas, fossas, filtros, cisternas, etc...)","REVESTIMENTO DE PAREDES / REVESTIMENTO EMPREGANDO ARGAMASSA DE CIMENTO, CAL E AREIA",m2,9d7efd575c10dc676bc49f5acb5630fa9b3cd2b98449be07612e1891e8d213f6,00ebf3d3830ba5d4d838131bc88f627fb7305728c856cfbe8998517f79c76fae,2026-05,2026-06,76.22,72.05,72.0,,persistencia,76.22,,2026-05,,ab8d97cc1409e86e5c0f21d8e2a7758141c53b714c1a4646f99711cea4ff4ccb,cenario_proxima_competencia_sem_observacao
der_es,sem_desoneracao,120308,"Chapisco de argamassa de cimento e areia média ou grossa lavada no traço 1:3, espessura 5mm, com utilização de impermeabilizante","REVESTIMENTO DE PAREDES / REVESTIMENTO EMPREGANDO ARGAMASSA DE CIMENTO, CAL E AREIA",m2,9d7efd575c10dc676bc49f5acb5630fa9b3cd2b98449be07612e1891e8d213f6,1dc7e48bce2d1639c3c0b9e5fd612783ce654a581c24ff3a0bb6f92d398148ac,2026-05,2026-06,9.07,8.68,8.67,,persistencia,9.07,,2026-05,,ab8d97cc1409e86e5c0f21d8e2a7758141c53b714c1a4646f99711cea4ff4ccb,cenario_proxima_competencia_sem_observacao
