tipo,semente,n_ajuste,ari,status
semente,7,514,1.0,calculado
semente,21,514,1.0,calculado
semente,84,514,1.0,calculado
subamostra_80pct,100,411,1.0,calculado
subamostra_80pct,101,411,1.0,calculado
subamostra_80pct,102,411,1.0,calculado
subamostra_80pct,103,411,1.0,calculado
subamostra_80pct,104,411,1.0,calculado
subamostra_80pct,105,411,1.0,calculado
subamostra_80pct,106,411,1.0,calculado
subamostra_80pct,107,411,1.0,calculado
subamostra_80pct,108,411,1.0,calculado
subamostra_80pct,109,411,1.0,calculado
subamostra_80pct,110,411,1.0,calculado
subamostra_80pct,111,411,1.0,calculado
subamostra_80pct,112,411,1.0,calculado
subamostra_80pct,113,411,1.0,calculado
subamostra_80pct,114,411,1.0,calculado
subamostra_80pct,115,411,1.0,calculado
subamostra_80pct,116,411,1.0,calculado
subamostra_80pct,117,411,1.0,calculado
subamostra_80pct,118,411,1.0,calculado
subamostra_80pct,119,411,1.0,calculado
