semente,codigo
100,100716
100,100719
100,100720
100,100721
100,100722
100,100723
100,100725
100,100728
100,100729
100,100730
100,100734
100,100736
100,100739
100,100740
100,100741
100,100742
100,100744
100,100749
100,100750
100,100751
100,100752
100,100753
100,100754
100,100757
100,100759
100,100760
100,100762
100,101725
100,101726
100,101727
100,101729
100,101732
100,101733
100,101734
100,101735
100,101736
100,101746
100,101748
100,101750
100,101751
100,102194
100,102197
100,102200
100,102203
100,102204
100,102205
100,102207
100,102208
100,102209
100,102210
100,102213
100,102214
100,102215
100,102217
100,102218
100,102219
100,102220
100,102223
100,102224
100,102227
100,102229
100,102233
100,102234
100,102488
100,102489
100,102491
100,102520
100,102803
100,104162
100,104203
100,104204
100,104205
100,104206
100,104207
100,104208
100,104209
100,104212
100,104213
100,104214
100,104215
100,104216
100,104217
100,104218
100,104219
100,104220
100,104221
100,104222
100,104223
100,104225
100,104226
100,104227
100,104228
100,104229
100,104230
100,104231
100,104232
100,104233
100,104235
100,104236
100,104238
100,104239
100,104240
100,104241
100,104245
100,104248
100,104249
100,104250
100,104251
100,104252
100,104253
100,104254
100,104255
100,104256
100,104257
100,104259
100,104260
100,104262
100,104263
100,104264
100,104410
100,104411
100,104414
100,104416
100,104417
100,104418
100,104419
100,104421
100,104422
100,104423
100,104588
100,104589
100,104591
100,104593
100,104594
100,104595
100,104597
100,104598
100,104599
100,104603
100,104605
100,104606
100,104607
100,104611
100,104612
100,104613
100,104614
100,104615
100,104616
100,104618
100,104627
100,104629
100,104630
100,104632
100,104633
100,104635
100,104636
100,104639
100,104640
100,104641
100,104642
100,104757
100,104951
100,104952
100,104953
100,104954
100,104957
100,104958
100,104959
100,104960
100,104962
100,104963
100,104964
100,104965
100,104966
100,104967
100,104968
100,104969
100,104970
100,104971
100,104972
100,104973
100,104975
100,104976
100,104977
100,104978
100,105185
100,105186
100,105187
100,105188
100,105817
100,105818
100,105819
100,105820
100,105821
100,105822
100,105823
100,105824
100,105825
100,105826
100,105827
100,105828
100,105829
100,106788
100,106789
100,106790
100,106791
100,106792
100,87246
100,87248
100,87249
100,87250
100,87255
100,87256
100,87261
100,87262
100,87263
100,87265
100,87267
100,87269
100,87273
100,87275
100,87411
100,87413
100,87414
100,87415
100,87416
100,87418
100,87421
100,87424
100,87427
100,87433
100,87436
100,87439
100,87527
100,87528
100,87529
100,87530
100,87532
100,87535
100,87536
100,87539
100,87543
100,87545
100,87546
100,87547
100,87548
100,87549
100,87550
100,87553
100,87554
100,87557
100,87561
100,87620
100,87622
100,87623
100,87624
100,87634
100,87640
100,87642
100,87644
100,87680
100,87682
100,87683
100,87684
100,87690
100,87692
100,87693
100,87694
100,87700
100,87702
100,87703
100,87704
100,87735
100,87737
100,87739
100,87745
100,87747
100,87748
100,87749
100,87755
100,87757
100,87759
100,87767
100,87768
100,87769
100,87775
100,87777
100,87778
100,87779
100,87781
100,87783
100,87784
100,87786
100,87787
100,87791
100,87792
100,87794
100,87795
100,87799
100,87800
100,87801
100,87803
100,87804
100,87805
100,87807
100,87808
100,87809
100,87811
100,87812
100,87813
100,87815
100,87817
100,87819
100,87820
100,87821
100,87823
100,87824
100,87825
100,87827
100,87828
100,87831
100,87832
100,87838
100,87839
100,87840
100,87841
100,87850
100,87851
100,87853
100,87879
100,87882
100,87884
100,87886
100,87887
100,87888
100,87892
100,87893
100,87896
100,87897
100,87899
100,87902
100,87903
100,87904
100,87907
100,87908
100,87910
100,87911
100,88411
100,88412
100,88413
100,88414
100,88417
100,88420
100,88421
100,88423
100,88424
100,88426
100,88431
100,88432
100,88470
100,88471
100,88472
100,88478
100,88485
100,88488
100,88489
100,88494
100,88495
100,88788
100,88789
100,90408
100,90930
100,90932
100,90934
100,90940
100,90943
100,90944
100,90950
100,90952
100,90954
100,91515
100,91520
100,91522
100,91525
100,95306
100,95622
100,95623
100,95624
100,95625
100,96109
100,96110
100,96114
100,96116
100,96126
100,96127
100,96128
100,96129
100,96130
100,96131
100,96132
100,96133
100,96134
100,96135
100,96485
100,96486
100,98671
100,98672
100,98679
100,98680
100,98681
100,99054
101,100716
101,100721
101,100722
101,100724
101,100725
101,100727
101,100729
101,100733
101,100734
101,100735
101,100736
101,100739
101,100741
101,100742
101,100745
101,100746
101,100748
101,100749
101,100750
101,100752
101,100753
101,100754
101,100757
101,100758
101,100759
101,100760
101,100761
101,101725
101,101726
101,101727
101,101729
101,101731
101,101734
101,101735
101,101736
101,101737
101,101746
101,101749
101,101750
101,101751
101,102193
101,102194
101,102197
101,102200
101,102201
101,102202
101,102203
101,102204
101,102207
101,102208
101,102209
101,102213
101,102214
101,102217
101,102218
101,102219
101,102224
101,102228
101,102229
101,102230
101,102234
101,102488
101,102489
101,102491
101,102492
101,102494
101,102499
101,102520
101,102803
101,104203
101,104204
101,104205
101,104206
101,104207
101,104208
101,104209
101,104210
101,104211
101,104213
101,104214
101,104215
101,104216
101,104217
101,104218
101,104220
101,104221
101,104222
101,104224
101,104225
101,104226
101,104227
101,104228
101,104229
101,104231
101,104232
101,104233
101,104235
101,104236
101,104237
101,104238
101,104239
101,104240
101,104241
101,104242
101,104243
101,104244
101,104245
101,104246
101,104247
101,104248
101,104249
101,104251
101,104252
101,104253
101,104254
101,104255
101,104257
101,104258
101,104260
101,104261
101,104264
101,104410
101,104415
101,104417
101,104418
101,104419
101,104421
101,104423
101,104425
101,104588
101,104589
101,104590
101,104591
101,104593
101,104594
101,104595
101,104597
101,104598
101,104599
101,104601
101,104603
101,104605
101,104606
101,104607
101,104612
101,104613
101,104614
101,104615
101,104616
101,104617
101,104618
101,104627
101,104629
101,104632
101,104633
101,104634
101,104636
101,104640
101,104641
101,104642
101,104756
101,104951
101,104952
101,104953
101,104954
101,104955
101,104956
101,104958
101,104959
101,104960
101,104961
101,104962
101,104963
101,104964
101,104965
101,104966
101,104967
101,104968
101,104969
101,104971
101,104973
101,104974
101,104975
101,104976
101,104977
101,104978
101,105185
101,105186
101,105187
101,105188
101,105816
101,105817
101,105818
101,105819
101,105820
101,105821
101,105823
101,105825
101,106788
101,106789
101,106790
101,106791
101,87244
101,87245
101,87247
101,87249
101,87250
101,87251
101,87255
101,87261
101,87262
101,87263
101,87265
101,87267
101,87271
101,87273
101,87275
101,87411
101,87412
101,87414
101,87415
101,87416
101,87418
101,87424
101,87433
101,87436
101,87439
101,87527
101,87528
101,87530
101,87532
101,87535
101,87536
101,87539
101,87545
101,87546
101,87547
101,87548
101,87549
101,87550
101,87553
101,87554
101,87557
101,87561
101,87622
101,87623
101,87630
101,87632
101,87633
101,87634
101,87640
101,87642
101,87643
101,87644
101,87680
101,87682
101,87683
101,87684
101,87694
101,87700
101,87702
101,87703
101,87704
101,87735
101,87737
101,87738
101,87739
101,87747
101,87749
101,87755
101,87757
101,87758
101,87759
101,87765
101,87767
101,87768
101,87769
101,87778
101,87779
101,87781
101,87783
101,87784
101,87786
101,87788
101,87791
101,87792
101,87794
101,87795
101,87797
101,87799
101,87800
101,87801
101,87803
101,87804
101,87805
101,87807
101,87808
101,87809
101,87811
101,87812
101,87813
101,87815
101,87819
101,87820
101,87823
101,87824
101,87825
101,87827
101,87828
101,87829
101,87832
101,87838
101,87839
101,87840
101,87841
101,87850
101,87851
101,87853
101,87878
101,87879
101,87882
101,87884
101,87885
101,87888
101,87892
101,87893
101,87894
101,87896
101,87897
101,87899
101,87900
101,87902
101,87903
101,87904
101,87905
101,87907
101,87908
101,87910
101,87911
101,88411
101,88412
101,88413
101,88414
101,88415
101,88416
101,88417
101,88420
101,88421
101,88423
101,88424
101,88426
101,88428
101,88429
101,88432
101,88470
101,88471
101,88476
101,88477
101,88484
101,88488
101,88489
101,88494
101,88495
101,88496
101,88497
101,88788
101,88789
101,90406
101,90408
101,90930
101,90932
101,90933
101,90934
101,90940
101,90942
101,90944
101,90952
101,90953
101,90954
101,91515
101,91520
101,91522
101,91525
101,95305
101,95306
101,95622
101,95623
101,95624
101,95625
101,95626
101,96109
101,96111
101,96112
101,96114
101,96116
101,96126
101,96127
101,96128
101,96129
101,96131
101,96132
101,96135
101,96485
101,96486
101,98671
101,98672
101,98679
101,98680
101,98681
101,98682
101,99054
102,100719
102,100721
102,100722
102,100723
102,100725
102,100726
102,100727
102,100728
102,100729
102,100730
102,100733
102,100735
102,100736
102,100739
102,100740
102,100741
102,100742
102,100743
102,100744
102,100746
102,100747
102,100748
102,100749
102,100750
102,100752
102,100753
102,100754
102,100758
102,100761
102,100762
102,101725
102,101726
102,101727
102,101729
102,101732
102,101733
102,101734
102,101735
102,101736
102,101737
102,101746
102,101748
102,101749
102,101751
102,102194
102,102197
102,102201
102,102202
102,102203
102,102204
102,102205
102,102207
102,102209
102,102210
102,102213
102,102214
102,102218
102,102220
102,102223
102,102224
102,102227
102,102228
102,102229
102,102230
102,102233
102,102234
102,102491
102,102492
102,102494
102,102520
102,104162
102,104203
102,104205
102,104206
102,104207
102,104208
102,104209
102,104210
102,104211
102,104212
102,104213
102,104214
102,104215
102,104216
102,104218
102,104219
102,104220
102,104221
102,104222
102,104224
102,104225
102,104227
102,104228
102,104229
102,104231
102,104232
102,104233
102,104234
102,104235
102,104236
102,104237
102,104239
102,104241
102,104242
102,104243
102,104244
102,104245
102,104246
102,104248
102,104250
102,104252
102,104253
102,104254
102,104255
102,104257
102,104258
102,104259
102,104260
102,104261
102,104263
102,104410
102,104411
102,104412
102,104413
102,104414
102,104415
102,104417
102,104418
102,104419
102,104422
102,104425
102,104588
102,104589
102,104590
102,104591
102,104594
102,104596
102,104597
102,104598
102,104599
102,104601
102,104605
102,104606
102,104607
102,104611
102,104612
102,104614
102,104615
102,104616
102,104617
102,104627
102,104628
102,104629
102,104630
102,104631
102,104632
102,104633
102,104635
102,104636
102,104640
102,104641
102,104642
102,104951
102,104952
102,104953
102,104954
102,104955
102,104956
102,104957
102,104958
102,104959
102,104960
102,104961
102,104962
102,104963
102,104966
102,104967
102,104968
102,104969
102,104970
102,104972
102,104973
102,104974
102,104975
102,104976
102,104977
102,105185
102,105187
102,105188
102,105817
102,105818
102,105819
102,105820
102,105821
102,105822
102,105823
102,105826
102,105827
102,105828
102,105829
102,106788
102,106789
102,106790
102,106791
102,106792
102,87245
102,87246
102,87248
102,87249
102,87250
102,87251
102,87255
102,87256
102,87257
102,87261
102,87263
102,87265
102,87269
102,87271
102,87273
102,87275
102,87412
102,87413
102,87414
102,87415
102,87416
102,87418
102,87421
102,87424
102,87427
102,87430
102,87433
102,87436
102,87439
102,87527
102,87529
102,87530
102,87531
102,87532
102,87535
102,87536
102,87539
102,87545
102,87546
102,87547
102,87548
102,87549
102,87553
102,87554
102,87557
102,87620
102,87622
102,87623
102,87624
102,87630
102,87632
102,87634
102,87640
102,87642
102,87643
102,87644
102,87680
102,87683
102,87684
102,87692
102,87693
102,87694
102,87700
102,87702
102,87703
102,87704
102,87735
102,87738
102,87739
102,87747
102,87749
102,87755
102,87757
102,87758
102,87759
102,87765
102,87767
102,87768
102,87769
102,87775
102,87777
102,87778
102,87779
102,87781
102,87783
102,87784
102,87787
102,87788
102,87791
102,87792
102,87794
102,87795
102,87797
102,87799
102,87805
102,87807
102,87808
102,87809
102,87811
102,87813
102,87817
102,87819
102,87820
102,87821
102,87824
102,87825
102,87827
102,87828
102,87829
102,87831
102,87832
102,87838
102,87839
102,87840
102,87841
102,87850
102,87851
102,87852
102,87853
102,87878
102,87881
102,87882
102,87885
102,87886
102,87887
102,87891
102,87892
102,87893
102,87894
102,87896
102,87897
102,87899
102,87900
102,87902
102,87903
102,87904
102,87905
102,87908
102,87910
102,88411
102,88413
102,88414
102,88415
102,88416
102,88417
102,88420
102,88421
102,88423
102,88424
102,88426
102,88428
102,88429
102,88431
102,88432
102,88470
102,88471
102,88472
102,88476
102,88478
102,88484
102,88485
102,88494
102,88495
102,88496
102,88497
102,88789
102,90406
102,90408
102,90930
102,90933
102,90940
102,90942
102,90943
102,90944
102,90952
102,90953
102,90954
102,91515
102,91519
102,91520
102,95305
102,95306
102,95623
102,95624
102,95625
102,95626
102,96109
102,96110
102,96111
102,96113
102,96114
102,96116
102,96126
102,96127
102,96128
102,96131
102,96132
102,96135
102,96485
102,96486
102,98671
102,98672
102,98679
102,98680
102,98681
102,99054
103,100716
103,100717
103,100719
103,100720
103,100721
103,100722
103,100723
103,100724
103,100725
103,100726
103,100728
103,100730
103,100733
103,100734
103,100735
103,100736
103,100739
103,100740
103,100741
103,100742
103,100743
103,100744
103,100745
103,100746
103,100747
103,100749
103,100750
103,100751
103,100752
103,100753
103,100754
103,100757
103,100758
103,100759
103,100760
103,100761
103,100762
103,101725
103,101726
103,101727
103,101729
103,101733
103,101735
103,101737
103,101746
103,101748
103,101749
103,101750
103,101751
103,102193
103,102194
103,102197
103,102200
103,102201
103,102202
103,102203
103,102204
103,102207
103,102208
103,102209
103,102210
103,102213
103,102214
103,102215
103,102217
103,102218
103,102223
103,102224
103,102225
103,102230
103,102234
103,102491
103,102492
103,102494
103,102499
103,102520
103,102803
103,104162
103,104203
103,104204
103,104205
103,104206
103,104207
103,104209
103,104210
103,104211
103,104212
103,104213
103,104214
103,104216
103,104218
103,104219
103,104220
103,104221
103,104222
103,104223
103,104224
103,104225
103,104226
103,104227
103,104228
103,104229
103,104231
103,104232
103,104234
103,104235
103,104238
103,104239
103,104240
103,104241
103,104242
103,104243
103,104244
103,104246
103,104249
103,104250
103,104251
103,104253
103,104254
103,104255
103,104257
103,104259
103,104260
103,104261
103,104262
103,104263
103,104410
103,104412
103,104413
103,104414
103,104416
103,104417
103,104418
103,104419
103,104421
103,104422
103,104423
103,104425
103,104588
103,104589
103,104591
103,104594
103,104596
103,104598
103,104601
103,104603
103,104605
103,104606
103,104611
103,104612
103,104613
103,104614
103,104615
103,104618
103,104627
103,104628
103,104630
103,104631
103,104632
103,104633
103,104634
103,104635
103,104636
103,104639
103,104640
103,104641
103,104756
103,104951
103,104952
103,104953
103,104955
103,104956
103,104957
103,104960
103,104961
103,104962
103,104963
103,104964
103,104965
103,104966
103,104967
103,104968
103,104969
103,104970
103,104972
103,104974
103,104975
103,104976
103,104977
103,104978
103,105185
103,105186
103,105188
103,105816
103,105817
103,105818
103,105819
103,105821
103,105822
103,105823
103,105824
103,105825
103,105827
103,105828
103,105829
103,106789
103,106791
103,106792
103,87244
103,87245
103,87246
103,87247
103,87248
103,87250
103,87257
103,87261
103,87262
103,87263
103,87267
103,87269
103,87271
103,87273
103,87275
103,87411
103,87412
103,87413
103,87414
103,87415
103,87416
103,87418
103,87421
103,87427
103,87430
103,87433
103,87436
103,87439
103,87527
103,87529
103,87530
103,87532
103,87536
103,87543
103,87545
103,87547
103,87548
103,87549
103,87550
103,87553
103,87554
103,87557
103,87620
103,87622
103,87623
103,87624
103,87630
103,87632
103,87633
103,87634
103,87640
103,87642
103,87643
103,87644
103,87680
103,87682
103,87683
103,87690
103,87692
103,87693
103,87694
103,87702
103,87704
103,87735
103,87737
103,87738
103,87739
103,87745
103,87747
103,87748
103,87749
103,87755
103,87758
103,87759
103,87765
103,87767
103,87768
103,87769
103,87775
103,87778
103,87779
103,87783
103,87784
103,87787
103,87788
103,87791
103,87792
103,87794
103,87795
103,87797
103,87799
103,87800
103,87801
103,87803
103,87804
103,87807
103,87808
103,87809
103,87813
103,87815
103,87816
103,87817
103,87820
103,87821
103,87823
103,87824
103,87825
103,87828
103,87831
103,87832
103,87838
103,87839
103,87840
103,87850
103,87851
103,87853
103,87878
103,87879
103,87881
103,87882
103,87884
103,87886
103,87888
103,87889
103,87892
103,87893
103,87894
103,87896
103,87897
103,87902
103,87904
103,87905
103,87907
103,87908
103,87910
103,87911
103,88411
103,88412
103,88413
103,88414
103,88416
103,88417
103,88420
103,88421
103,88424
103,88426
103,88428
103,88429
103,88431
103,88432
103,88470
103,88472
103,88476
103,88478
103,88484
103,88489
103,88494
103,88495
103,88496
103,88497
103,88788
103,88789
103,90406
103,90408
103,90932
103,90933
103,90934
103,90942
103,90944
103,90950
103,90952
103,90953
103,90954
103,91515
103,91520
103,91522
103,91525
103,95305
103,95623
103,95624
103,95625
103,95626
103,96109
103,96110
103,96111
103,96114
103,96126
103,96128
103,96129
103,96130
103,96131
103,96133
103,96134
103,96135
103,96485
103,96486
103,98671
103,98672
103,98679
103,98680
103,98681
103,98682
103,99054
104,100717
104,100721
104,100722
104,100723
104,100724
104,100725
104,100726
104,100727
104,100730
104,100733
104,100734
104,100735
104,100736
104,100740
104,100741
104,100742
104,100743
104,100744
104,100745
104,100746
104,100747
104,100749
104,100750
104,100751
104,100753
104,100754
104,100758
104,100759
104,100760
104,100761
104,100762
104,101726
104,101727
104,101729
104,101731
104,101732
104,101733
104,101735
104,101736
104,101737
104,101746
104,101748
104,101749
104,101750
104,101751
104,102197
104,102200
104,102201
104,102202
104,102203
104,102204
104,102205
104,102207
104,102208
104,102209
104,102210
104,102213
104,102214
104,102215
104,102217
104,102218
104,102219
104,102223
104,102224
104,102225
104,102227
104,102228
104,102229
104,102230
104,102233
104,102488
104,102489
104,102491
104,102492
104,102494
104,102499
104,102520
104,102803
104,104162
104,104204
104,104205
104,104206
104,104207
104,104208
104,104210
104,104211
104,104212
104,104213
104,104214
104,104215
104,104216
104,104217
104,104218
104,104220
104,104221
104,104222
104,104223
104,104224
104,104225
104,104228
104,104229
104,104230
104,104231
104,104232
104,104233
104,104236
104,104237
104,104238
104,104239
104,104240
104,104241
104,104243
104,104244
104,104245
104,104246
104,104247
104,104248
104,104249
104,104250
104,104251
104,104252
104,104253
104,104254
104,104256
104,104257
104,104258
104,104259
104,104260
104,104261
104,104262
104,104263
104,104264
104,104410
104,104412
104,104413
104,104414
104,104416
104,104417
104,104418
104,104419
104,104421
104,104422
104,104423
104,104425
104,104588
104,104589
104,104590
104,104591
104,104593
104,104595
104,104596
104,104597
104,104599
104,104601
104,104603
104,104605
104,104606
104,104607
104,104611
104,104612
104,104613
104,104614
104,104615
104,104616
104,104617
104,104618
104,104627
104,104628
104,104629
104,104631
104,104633
104,104635
104,104639
104,104640
104,104641
104,104642
104,104757
104,104951
104,104952
104,104953
104,104954
104,104955
104,104957
104,104959
104,104960
104,104962
104,104963
104,104964
104,104965
104,104967
104,104968
104,104970
104,104971
104,104974
104,104976
104,104977
104,104978
104,105185
104,105186
104,105188
104,105816
104,105817
104,105819
104,105821
104,105822
104,105823
104,105824
104,105826
104,105827
104,105828
104,105829
104,106789
104,106790
104,106791
104,106792
104,87244
104,87245
104,87247
104,87249
104,87250
104,87251
104,87255
104,87256
104,87257
104,87261
104,87262
104,87263
104,87265
104,87267
104,87269
104,87271
104,87273
104,87275
104,87411
104,87412
104,87413
104,87414
104,87415
104,87416
104,87424
104,87427
104,87433
104,87436
104,87527
104,87528
104,87530
104,87535
104,87536
104,87539
104,87543
104,87545
104,87546
104,87547
104,87548
104,87549
104,87550
104,87553
104,87554
104,87557
104,87561
104,87622
104,87623
104,87624
104,87630
104,87633
104,87634
104,87640
104,87642
104,87644
104,87680
104,87683
104,87684
104,87692
104,87693
104,87694
104,87702
104,87703
104,87735
104,87737
104,87738
104,87739
104,87745
104,87747
104,87748
104,87749
104,87755
104,87757
104,87765
104,87769
104,87777
104,87778
104,87779
104,87784
104,87786
104,87787
104,87788
104,87791
104,87795
104,87797
104,87801
104,87803
104,87805
104,87807
104,87808
104,87809
104,87811
104,87812
104,87813
104,87815
104,87817
104,87819
104,87820
104,87821
104,87823
104,87824
104,87825
104,87827
104,87828
104,87829
104,87831
104,87838
104,87839
104,87841
104,87850
104,87851
104,87852
104,87853
104,87878
104,87879
104,87881
104,87882
104,87884
104,87885
104,87886
104,87887
104,87888
104,87889
104,87891
104,87892
104,87893
104,87894
104,87896
104,87899
104,87904
104,87905
104,87907
104,87908
104,87910
104,87911
104,88411
104,88413
104,88415
104,88416
104,88417
104,88423
104,88424
104,88428
104,88429
104,88432
104,88470
104,88472
104,88476
104,88477
104,88484
104,88485
104,88488
104,88489
104,88494
104,88495
104,88496
104,88497
104,88788
104,90406
104,90408
104,90930
104,90932
104,90933
104,90943
104,90944
104,90950
104,90952
104,90953
104,90954
104,91515
104,91519
104,91520
104,91522
104,91525
104,95305
104,95622
104,95623
104,95625
104,95626
104,96109
104,96110
104,96112
104,96113
104,96114
104,96116
104,96127
104,96128
104,96131
104,96132
104,96135
104,96485
104,96486
104,98672
104,98679
104,98680
104,98682
104,99054
105,100716
105,100717
105,100719
105,100721
105,100722
105,100723
105,100724
105,100725
105,100727
105,100729
105,100730
105,100733
105,100736
105,100739
105,100740
105,100741
105,100742
105,100743
105,100744
105,100745
105,100746
105,100748
105,100749
105,100750
105,100751
105,100752
105,100753
105,100754
105,100757
105,100758
105,100759
105,100760
105,100761
105,101725
105,101726
105,101729
105,101731
105,101732
105,101733
105,101734
105,101736
105,101737
105,101746
105,101748
105,101749
105,101750
105,101751
105,102193
105,102194
105,102200
105,102201
105,102202
105,102203
105,102204
105,102205
105,102207
105,102208
105,102209
105,102210
105,102213
105,102214
105,102215
105,102217
105,102218
105,102219
105,102220
105,102223
105,102225
105,102227
105,102228
105,102229
105,102230
105,102234
105,102488
105,102489
105,102494
105,102520
105,102803
105,104162
105,104204
105,104205
105,104207
105,104208
105,104210
105,104211
105,104212
105,104213
105,104214
105,104215
105,104217
105,104218
105,104219
105,104220
105,104221
105,104222
105,104223
105,104224
105,104225
105,104226
105,104227
105,104228
105,104229
105,104230
105,104231
105,104232
105,104233
105,104234
105,104235
105,104237
105,104238
105,104239
105,104241
105,104242
105,104243
105,104244
105,104245
105,104246
105,104247
105,104248
105,104249
105,104250
105,104252
105,104253
105,104254
105,104255
105,104256
105,104257
105,104258
105,104259
105,104260
105,104261
105,104262
105,104263
105,104264
105,104410
105,104411
105,104412
105,104413
105,104415
105,104416
105,104418
105,104419
105,104421
105,104422
105,104423
105,104425
105,104588
105,104589
105,104591
105,104593
105,104594
105,104595
105,104596
105,104597
105,104598
105,104599
105,104601
105,104603
105,104605
105,104606
105,104607
105,104612
105,104613
105,104614
105,104615
105,104616
105,104617
105,104618
105,104627
105,104628
105,104629
105,104630
105,104631
105,104632
105,104633
105,104634
105,104635
105,104636
105,104639
105,104640
105,104641
105,104642
105,104757
105,104952
105,104953
105,104954
105,104955
105,104956
105,104958
105,104959
105,104960
105,104961
105,104963
105,104965
105,104966
105,104968
105,104970
105,104972
105,104973
105,104974
105,104976
105,104977
105,104978
105,105187
105,105188
105,105816
105,105817
105,105820
105,105821
105,105822
105,105823
105,105824
105,105826
105,105828
105,106788
105,106789
105,106790
105,106791
105,106792
105,87245
105,87246
105,87248
105,87249
105,87251
105,87255
105,87256
105,87257
105,87261
105,87263
105,87267
105,87269
105,87273
105,87275
105,87411
105,87412
105,87414
105,87415
105,87416
105,87418
105,87421
105,87424
105,87430
105,87436
105,87439
105,87527
105,87528
105,87529
105,87531
105,87532
105,87535
105,87536
105,87539
105,87543
105,87545
105,87546
105,87547
105,87548
105,87550
105,87553
105,87554
105,87557
105,87561
105,87620
105,87622
105,87624
105,87630
105,87632
105,87633
105,87634
105,87640
105,87644
105,87680
105,87682
105,87690
105,87694
105,87702
105,87703
105,87704
105,87735
105,87737
105,87739
105,87747
105,87748
105,87755
105,87757
105,87759
105,87765
105,87767
105,87768
105,87775
105,87779
105,87781
105,87783
105,87784
105,87787
105,87791
105,87792
105,87795
105,87797
105,87799
105,87800
105,87801
105,87804
105,87805
105,87807
105,87808
105,87811
105,87812
105,87813
105,87819
105,87820
105,87825
105,87828
105,87829
105,87832
105,87839
105,87840
105,87841
105,87851
105,87852
105,87853
105,87879
105,87881
105,87882
105,87884
105,87885
105,87886
105,87887
105,87888
105,87889
105,87891
105,87892
105,87893
105,87894
105,87896
105,87897
105,87899
105,87900
105,87902
105,87903
105,87904
105,87905
105,87907
105,87910
105,88411
105,88412
105,88413
105,88414
105,88415
105,88416
105,88417
105,88420
105,88421
105,88423
105,88426
105,88429
105,88431
105,88432
105,88470
105,88471
105,88472
105,88476
105,88477
105,88478
105,88484
105,88488
105,88489
105,88496
105,88497
105,88788
105,88789
105,90408
105,90930
105,90932
105,90933
105,90940
105,90943
105,90944
105,90950
105,90952
105,90953
105,90954
105,91515
105,91520
105,91522
105,95305
105,95306
105,95622
105,95623
105,95624
105,95625
105,96109
105,96110
105,96111
105,96112
105,96113
105,96114
105,96116
105,96127
105,96129
105,96131
105,96132
105,96133
105,96134
105,96135
105,96485
105,98672
105,98679
105,98680
105,98682
105,99054
106,100716
106,100719
106,100720
106,100721
106,100722
106,100723
106,100724
106,100725
106,100727
106,100728
106,100729
106,100730
106,100733
106,100734
106,100735
106,100736
106,100739
106,100740
106,100741
106,100743
106,100744
106,100745
106,100746
106,100747
106,100748
106,100750
106,100751
106,100752
106,100753
106,100754
106,100757
106,100758
106,100759
106,100760
106,100761
106,100762
106,101729
106,101731
106,101732
106,101734
106,101735
106,101736
106,101737
106,101746
106,101748
106,101749
106,101750
106,101751
106,102193
106,102194
106,102197
106,102200
106,102202
106,102203
106,102204
106,102205
106,102207
106,102209
106,102210
106,102213
106,102214
106,102215
106,102218
106,102219
106,102220
106,102223
106,102224
106,102225
106,102227
106,102229
106,102230
106,102233
106,102234
106,102489
106,102491
106,102492
106,102494
106,102499
106,102520
106,104162
106,104203
106,104204
106,104205
106,104206
106,104207
106,104208
106,104209
106,104211
106,104212
106,104213
106,104214
106,104215
106,104216
106,104217
106,104218
106,104220
106,104222
106,104225
106,104226
106,104227
106,104228
106,104229
106,104230
106,104231
106,104234
106,104235
106,104236
106,104237
106,104238
106,104240
106,104241
106,104242
106,104243
106,104244
106,104245
106,104246
106,104247
106,104248
106,104249
106,104250
106,104251
106,104252
106,104253
106,104254
106,104255
106,104257
106,104258
106,104259
106,104260
106,104261
106,104262
106,104264
106,104410
106,104411
106,104413
106,104414
106,104415
106,104416
106,104417
106,104418
106,104419
106,104421
106,104422
106,104423
106,104425
106,104588
106,104589
106,104591
106,104593
106,104594
106,104597
106,104598
106,104599
106,104601
106,104603
106,104605
106,104607
106,104612
106,104613
106,104614
106,104615
106,104616
106,104617
106,104629
106,104630
106,104631
106,104632
106,104633
106,104634
106,104639
106,104640
106,104641
106,104642
106,104756
106,104757
106,104951
106,104952
106,104954
106,104955
106,104956
106,104957
106,104958
106,104959
106,104960
106,104961
106,104962
106,104963
106,104964
106,104965
106,104966
106,104967
106,104968
106,104970
106,104971
106,104972
106,104973
106,104974
106,104975
106,104976
106,104977
106,105185
106,105187
106,105188
106,105817
106,105818
106,105820
106,105822
106,105823
106,105824
106,105826
106,105827
106,105828
106,105829
106,106788
106,106789
106,106790
106,106791
106,106792
106,87244
106,87246
106,87248
106,87249
106,87251
106,87255
106,87256
106,87257
106,87261
106,87262
106,87263
106,87265
106,87267
106,87271
106,87273
106,87275
106,87411
106,87412
106,87413
106,87415
106,87416
106,87418
106,87421
106,87424
106,87430
106,87433
106,87436
106,87439
106,87527
106,87528
106,87529
106,87531
106,87532
106,87535
106,87536
106,87543
106,87546
106,87547
106,87548
106,87550
106,87553
106,87554
106,87561
106,87622
106,87623
106,87624
106,87630
106,87632
106,87633
106,87634
106,87642
106,87643
106,87680
106,87683
106,87690
106,87692
106,87693
106,87694
106,87700
106,87702
106,87735
106,87738
106,87739
106,87745
106,87748
106,87749
106,87755
106,87757
106,87758
106,87759
106,87765
106,87767
106,87768
106,87769
106,87777
106,87778
106,87779
106,87781
106,87783
106,87784
106,87786
106,87787
106,87788
106,87791
106,87792
106,87794
106,87795
106,87797
106,87800
106,87801
106,87803
106,87804
106,87805
106,87807
106,87808
106,87809
106,87811
106,87812
106,87813
106,87815
106,87817
106,87819
106,87821
106,87824
106,87828
106,87831
106,87832
106,87838
106,87839
106,87840
106,87850
106,87852
106,87878
106,87879
106,87881
106,87882
106,87884
106,87885
106,87886
106,87887
106,87888
106,87891
106,87893
106,87894
106,87897
106,87903
106,87904
106,87905
106,87908
106,87910
106,87911
106,88412
106,88413
106,88415
106,88416
106,88420
106,88421
106,88428
106,88429
106,88431
106,88432
106,88470
106,88472
106,88476
106,88477
106,88478
106,88484
106,88485
106,88488
106,88489
106,88495
106,88496
106,88497
106,88789
106,90406
106,90408
106,90930
106,90933
106,90934
106,90940
106,90942
106,90943
106,90950
106,90952
106,90953
106,91515
106,91519
106,91520
106,91522
106,91525
106,95305
106,95306
106,95622
106,95624
106,95625
106,95626
106,96109
106,96110
106,96111
106,96112
106,96114
106,96116
106,96128
106,96130
106,96131
106,96134
106,96135
106,96485
106,96486
106,98671
106,98679
106,98680
106,99054
107,100716
107,100717
107,100719
107,100721
107,100722
107,100723
107,100725
107,100726
107,100727
107,100728
107,100729
107,100733
107,100734
107,100735
107,100736
107,100740
107,100741
107,100742
107,100743
107,100744
107,100745
107,100746
107,100747
107,100748
107,100749
107,100750
107,100751
107,100752
107,100753
107,100757
107,100759
107,100761
107,100762
107,101726
107,101729
107,101731
107,101732
107,101733
107,101735
107,101736
107,101737
107,101746
107,101748
107,101749
107,101750
107,101751
107,102193
107,102197
107,102200
107,102201
107,102202
107,102203
107,102204
107,102205
107,102207
107,102208
107,102210
107,102215
107,102218
107,102219
107,102220
107,102224
107,102225
107,102228
107,102229
107,102234
107,102488
107,102489
107,102492
107,102494
107,102499
107,102803
107,104162
107,104203
107,104204
107,104205
107,104206
107,104207
107,104208
107,104209
107,104210
107,104211
107,104212
107,104213
107,104216
107,104218
107,104219
107,104220
107,104222
107,104223
107,104225
107,104226
107,104227
107,104228
107,104229
107,104230
107,104232
107,104235
107,104239
107,104240
107,104242
107,104243
107,104244
107,104245
107,104246
107,104247
107,104248
107,104249
107,104250
107,104251
107,104252
107,104253
107,104254
107,104256
107,104258
107,104259
107,104260
107,104264
107,104410
107,104411
107,104412
107,104414
107,104415
107,104417
107,104422
107,104423
107,104425
107,104588
107,104589
107,104591
107,104594
107,104595
107,104596
107,104597
107,104598
107,104599
107,104601
107,104603
107,104605
107,104606
107,104607
107,104611
107,104612
107,104613
107,104614
107,104615
107,104617
107,104627
107,104628
107,104629
107,104630
107,104631
107,104632
107,104634
107,104639
107,104640
107,104642
107,104756
107,104757
107,104951
107,104952
107,104953
107,104956
107,104957
107,104958
107,104960
107,104961
107,104962
107,104963
107,104964
107,104965
107,104967
107,104968
107,104969
107,104970
107,104971
107,104972
107,104973
107,104976
107,104977
107,104978
107,105185
107,105186
107,105816
107,105817
107,105818
107,105819
107,105820
107,105821
107,105822
107,105823
107,105824
107,105826
107,105827
107,105828
107,106788
107,106789
107,106790
107,106791
107,87244
107,87245
107,87246
107,87248
107,87249
107,87250
107,87251
107,87255
107,87256
107,87257
107,87261
107,87262
107,87263
107,87265
107,87267
107,87269
107,87271
107,87273
107,87275
107,87411
107,87412
107,87413
107,87414
107,87415
107,87416
107,87418
107,87421
107,87427
107,87430
107,87436
107,87439
107,87527
107,87528
107,87529
107,87530
107,87531
107,87532
107,87535
107,87536
107,87539
107,87543
107,87546
107,87547
107,87548
107,87549
107,87550
107,87553
107,87554
107,87561
107,87623
107,87624
107,87633
107,87634
107,87640
107,87642
107,87643
107,87644
107,87680
107,87682
107,87683
107,87684
107,87690
107,87692
107,87693
107,87694
107,87700
107,87702
107,87703
107,87704
107,87735
107,87737
107,87738
107,87745
107,87748
107,87749
107,87755
107,87758
107,87759
107,87765
107,87767
107,87768
107,87769
107,87778
107,87779
107,87781
107,87783
107,87784
107,87786
107,87787
107,87788
107,87791
107,87792
107,87794
107,87795
107,87797
107,87799
107,87800
107,87801
107,87803
107,87804
107,87805
107,87807
107,87808
107,87809
107,87812
107,87813
107,87816
107,87817
107,87819
107,87821
107,87823
107,87824
107,87825
107,87828
107,87829
107,87831
107,87838
107,87841
107,87850
107,87851
107,87852
107,87853
107,87878
107,87879
107,87882
107,87885
107,87887
107,87889
107,87891
107,87892
107,87893
107,87894
107,87896
107,87897
107,87900
107,87902
107,87903
107,87904
107,87905
107,87908
107,87910
107,87911
107,88411
107,88412
107,88413
107,88414
107,88415
107,88416
107,88417
107,88423
107,88424
107,88426
107,88428
107,88429
107,88431
107,88432
107,88470
107,88471
107,88472
107,88477
107,88488
107,88489
107,88495
107,88496
107,88497
107,88788
107,88789
107,90406
107,90408
107,90930
107,90932
107,90934
107,90940
107,90943
107,90950
107,90953
107,91515
107,91519
107,91520
107,91522
107,91525
107,95305
107,95306
107,95622
107,95623
107,95624
107,95625
107,95626
107,96110
107,96111
107,96113
107,96114
107,96116
107,96126
107,96127
107,96128
107,96129
107,96130
107,96131
107,96132
107,96133
107,96134
107,96135
107,96485
107,96486
107,98671
107,98672
107,98679
107,98680
107,98681
107,98682
107,99054
108,100716
108,100720
108,100721
108,100723
108,100724
108,100725
108,100727
108,100729
108,100733
108,100734
108,100735
108,100736
108,100739
108,100740
108,100741
108,100742
108,100743
108,100745
108,100746
108,100747
108,100748
108,100749
108,100751
108,100759
108,100761
108,100762
108,101725
108,101726
108,101729
108,101733
108,101734
108,101735
108,101737
108,101746
108,101748
108,101749
108,101750
108,101751
108,102193
108,102194
108,102197
108,102200
108,102202
108,102203
108,102204
108,102205
108,102208
108,102209
108,102210
108,102213
108,102214
108,102215
108,102217
108,102218
108,102220
108,102223
108,102225
108,102227
108,102228
108,102229
108,102230
108,102233
108,102234
108,102488
108,102491
108,102492
108,102494
108,102499
108,102520
108,104162
108,104203
108,104204
108,104205
108,104206
108,104208
108,104209
108,104210
108,104211
108,104212
108,104213
108,104214
108,104215
108,104216
108,104217
108,104218
108,104219
108,104220
108,104221
108,104222
108,104223
108,104224
108,104225
108,104226
108,104227
108,104228
108,104229
108,104230
108,104232
108,104233
108,104234
108,104235
108,104236
108,104237
108,104238
108,104240
108,104241
108,104243
108,104244
108,104245
108,104247
108,104248
108,104250
108,104251
108,104252
108,104253
108,104255
108,104258
108,104259
108,104260
108,104261
108,104262
108,104263
108,104264
108,104410
108,104412
108,104413
108,104414
108,104415
108,104416
108,104417
108,104419
108,104422
108,104425
108,104588
108,104589
108,104590
108,104591
108,104593
108,104594
108,104595
108,104596
108,104597
108,104599
108,104601
108,104603
108,104605
108,104606
108,104607
108,104611
108,104612
108,104613
108,104614
108,104615
108,104616
108,104617
108,104618
108,104627
108,104629
108,104630
108,104631
108,104632
108,104633
108,104634
108,104635
108,104636
108,104639
108,104640
108,104641
108,104642
108,104756
108,104757
108,104952
108,104953
108,104954
108,104955
108,104956
108,104958
108,104959
108,104960
108,104961
108,104963
108,104964
108,104965
108,104966
108,104967
108,104968
108,104970
108,104971
108,104972
108,104974
108,104975
108,104976
108,104978
108,105185
108,105186
108,105187
108,105188
108,105816
108,105818
108,105819
108,105820
108,105822
108,105823
108,105824
108,105825
108,105826
108,105827
108,105829
108,106788
108,106789
108,106791
108,87244
108,87247
108,87248
108,87249
108,87250
108,87251
108,87255
108,87256
108,87257
108,87261
108,87263
108,87265
108,87269
108,87271
108,87273
108,87275
108,87411
108,87412
108,87413
108,87414
108,87424
108,87427
108,87433
108,87436
108,87439
108,87527
108,87528
108,87529
108,87530
108,87531
108,87532
108,87536
108,87539
108,87543
108,87545
108,87546
108,87547
108,87548
108,87549
108,87550
108,87553
108,87554
108,87557
108,87561
108,87620
108,87622
108,87623
108,87630
108,87633
108,87640
108,87643
108,87644
108,87680
108,87683
108,87684
108,87690
108,87692
108,87693
108,87700
108,87702
108,87703
108,87704
108,87735
108,87737
108,87738
108,87739
108,87749
108,87755
108,87757
108,87759
108,87765
108,87767
108,87768
108,87769
108,87775
108,87777
108,87778
108,87779
108,87781
108,87783
108,87784
108,87786
108,87787
108,87788
108,87791
108,87792
108,87797
108,87799
108,87801
108,87803
108,87804
108,87807
108,87808
108,87809
108,87811
108,87812
108,87813
108,87815
108,87816
108,87817
108,87819
108,87820
108,87821
108,87823
108,87824
108,87825
108,87827
108,87828
108,87829
108,87831
108,87832
108,87838
108,87839
108,87840
108,87850
108,87851
108,87852
108,87853
108,87878
108,87879
108,87884
108,87886
108,87889
108,87892
108,87893
108,87894
108,87897
108,87899
108,87900
108,87902
108,87903
108,87904
108,87907
108,87908
108,87911
108,88411
108,88413
108,88414
108,88415
108,88416
108,88417
108,88420
108,88421
108,88423
108,88424
108,88426
108,88428
108,88429
108,88431
108,88470
108,88471
108,88472
108,88476
108,88477
108,88478
108,88484
108,88485
108,88494
108,88495
108,88496
108,88497
108,88788
108,88789
108,90406
108,90408
108,90930
108,90932
108,90933
108,90934
108,90940
108,90943
108,90944
108,90950
108,91515
108,91519
108,91522
108,95305
108,95306
108,95622
108,95624
108,95625
108,95626
108,96109
108,96110
108,96111
108,96112
108,96114
108,96126
108,96127
108,96128
108,96129
108,96130
108,96133
108,96135
108,96485
108,98671
108,98679
108,98680
108,98681
108,99054
109,100716
109,100717
109,100719
109,100720
109,100721
109,100722
109,100723
109,100727
109,100728
109,100729
109,100733
109,100734
109,100735
109,100736
109,100739
109,100740
109,100741
109,100743
109,100745
109,100746
109,100747
109,100748
109,100749
109,100750
109,100751
109,100752
109,100757
109,100758
109,100759
109,100760
109,100761
109,101725
109,101726
109,101727
109,101729
109,101731
109,101732
109,101733
109,101734
109,101735
109,101736
109,101737
109,101746
109,101749
109,101750
109,102193
109,102194
109,102197
109,102200
109,102201
109,102202
109,102203
109,102204
109,102205
109,102207
109,102208
109,102209
109,102210
109,102213
109,102215
109,102217
109,102219
109,102224
109,102225
109,102227
109,102228
109,102229
109,102230
109,102234
109,102488
109,102491
109,102492
109,102494
109,102499
109,102520
109,102803
109,104203
109,104205
109,104206
109,104208
109,104210
109,104211
109,104213
109,104214
109,104215
109,104216
109,104217
109,104219
109,104221
109,104223
109,104224
109,104225
109,104226
109,104228
109,104229
109,104231
109,104232
109,104233
109,104234
109,104235
109,104236
109,104238
109,104239
109,104240
109,104241
109,104242
109,104243
109,104244
109,104245
109,104248
109,104249
109,104251
109,104252
109,104253
109,104255
109,104256
109,104258
109,104259
109,104260
109,104261
109,104262
109,104264
109,104410
109,104411
109,104413
109,104414
109,104415
109,104416
109,104417
109,104419
109,104421
109,104423
109,104425
109,104588
109,104590
109,104591
109,104593
109,104594
109,104595
109,104596
109,104598
109,104599
109,104601
109,104603
109,104605
109,104606
109,104607
109,104611
109,104612
109,104613
109,104614
109,104615
109,104616
109,104617
109,104618
109,104628
109,104629
109,104631
109,104632
109,104633
109,104634
109,104635
109,104639
109,104640
109,104641
109,104642
109,104756
109,104757
109,104951
109,104952
109,104953
109,104954
109,104955
109,104956
109,104957
109,104958
109,104959
109,104960
109,104961
109,104963
109,104964
109,104965
109,104967
109,104968
109,104969
109,104970
109,104971
109,104972
109,104974
109,104975
109,104977
109,104978
109,105185
109,105188
109,105816
109,105817
109,105818
109,105820
109,105821
109,105823
109,105824
109,105825
109,105828
109,105829
109,106788
109,106789
109,106791
109,87245
109,87246
109,87247
109,87248
109,87249
109,87250
109,87251
109,87255
109,87256
109,87257
109,87261
109,87262
109,87265
109,87267
109,87269
109,87271
109,87411
109,87412
109,87413
109,87414
109,87415
109,87416
109,87418
109,87421
109,87427
109,87430
109,87433
109,87436
109,87439
109,87527
109,87528
109,87529
109,87530
109,87531
109,87532
109,87536
109,87545
109,87546
109,87548
109,87549
109,87550
109,87553
109,87561
109,87620
109,87622
109,87623
109,87624
109,87630
109,87632
109,87633
109,87642
109,87643
109,87644
109,87680
109,87682
109,87683
109,87690
109,87692
109,87694
109,87700
109,87702
109,87704
109,87739
109,87745
109,87747
109,87748
109,87749
109,87755
109,87758
109,87759
109,87765
109,87767
109,87768
109,87769
109,87777
109,87778
109,87779
109,87781
109,87783
109,87784
109,87786
109,87787
109,87788
109,87792
109,87794
109,87795
109,87799
109,87800
109,87801
109,87803
109,87805
109,87807
109,87808
109,87809
109,87812
109,87813
109,87815
109,87816
109,87817
109,87819
109,87820
109,87821
109,87823
109,87825
109,87827
109,87828
109,87829
109,87831
109,87832
109,87838
109,87839
109,87840
109,87841
109,87851
109,87852
109,87853
109,87878
109,87881
109,87884
109,87885
109,87887
109,87888
109,87891
109,87892
109,87894
109,87896
109,87897
109,87899
109,87900
109,87902
109,87903
109,87904
109,87905
109,87907
109,87908
109,87910
109,87911
109,88411
109,88413
109,88416
109,88417
109,88420
109,88421
109,88423
109,88424
109,88426
109,88429
109,88431
109,88432
109,88471
109,88472
109,88476
109,88477
109,88484
109,88485
109,88488
109,88489
109,88494
109,88495
109,88496
109,88497
109,88789
109,90406
109,90408
109,90930
109,90933
109,90934
109,90940
109,90943
109,90944
109,90950
109,90952
109,90953
109,90954
109,91515
109,91522
109,91525
109,95305
109,95306
109,95623
109,95624
109,95625
109,95626
109,96109
109,96110
109,96111
109,96112
109,96114
109,96116
109,96127
109,96128
109,96130
109,96131
109,96132
109,96134
109,96135
109,96485
109,96486
109,98671
109,98672
109,98680
109,98681
109,98682
109,99054
110,100716
110,100717
110,100719
110,100721
110,100722
110,100724
110,100725
110,100726
110,100727
110,100728
110,100730
110,100733
110,100734
110,100735
110,100736
110,100740
110,100742
110,100744
110,100745
110,100746
110,100747
110,100748
110,100749
110,100751
110,100752
110,100753
110,100754
110,100757
110,100758
110,100759
110,100761
110,100762
110,101729
110,101733
110,101735
110,101736
110,101737
110,101746
110,101748
110,101749
110,101750
110,101751
110,102193
110,102194
110,102197
110,102200
110,102201
110,102202
110,102203
110,102204
110,102205
110,102207
110,102208
110,102209
110,102210
110,102213
110,102214
110,102217
110,102218
110,102220
110,102224
110,102227
110,102228
110,102230
110,102233
110,102234
110,102489
110,102492
110,102494
110,102520
110,104204
110,104205
110,104206
110,104207
110,104208
110,104209
110,104210
110,104211
110,104212
110,104213
110,104214
110,104215
110,104216
110,104217
110,104218
110,104219
110,104220
110,104222
110,104224
110,104225
110,104228
110,104229
110,104230
110,104231
110,104232
110,104233
110,104234
110,104235
110,104237
110,104238
110,104239
110,104240
110,104241
110,104242
110,104243
110,104244
110,104245
110,104246
110,104247
110,104249
110,104250
110,104251
110,104252
110,104254
110,104255
110,104256
110,104257
110,104258
110,104259
110,104260
110,104262
110,104264
110,104410
110,104411
110,104412
110,104413
110,104414
110,104415
110,104416
110,104417
110,104418
110,104419
110,104423
110,104425
110,104590
110,104591
110,104593
110,104594
110,104595
110,104596
110,104597
110,104598
110,104601
110,104603
110,104605
110,104606
110,104611
110,104612
110,104614
110,104615
110,104617
110,104627
110,104629
110,104630
110,104631
110,104632
110,104634
110,104635
110,104636
110,104639
110,104640
110,104641
110,104642
110,104756
110,104757
110,104951
110,104952
110,104954
110,104955
110,104957
110,104958
110,104959
110,104960
110,104961
110,104962
110,104963
110,104965
110,104967
110,104969
110,104971
110,104972
110,104973
110,104974
110,104975
110,104976
110,104977
110,105187
110,105188
110,105816
110,105817
110,105818
110,105819
110,105821
110,105822
110,105823
110,105825
110,105826
110,105827
110,105828
110,105829
110,106792
110,87244
110,87245
110,87249
110,87250
110,87251
110,87255
110,87257
110,87261
110,87262
110,87263
110,87265
110,87267
110,87269
110,87271
110,87273
110,87275
110,87411
110,87412
110,87414
110,87415
110,87416
110,87418
110,87421
110,87424
110,87427
110,87430
110,87436
110,87439
110,87527
110,87528
110,87529
110,87530
110,87531
110,87532
110,87535
110,87536
110,87543
110,87545
110,87546
110,87547
110,87548
110,87549
110,87553
110,87557
110,87561
110,87620
110,87622
110,87623
110,87624
110,87630
110,87632
110,87633
110,87640
110,87642
110,87643
110,87644
110,87680
110,87682
110,87683
110,87684
110,87690
110,87692
110,87693
110,87694
110,87700
110,87702
110,87704
110,87737
110,87738
110,87745
110,87747
110,87748
110,87749
110,87758
110,87759
110,87767
110,87768
110,87775
110,87777
110,87778
110,87779
110,87781
110,87783
110,87784
110,87786
110,87787
110,87791
110,87792
110,87794
110,87795
110,87797
110,87799
110,87800
110,87801
110,87804
110,87805
110,87807
110,87808
110,87809
110,87811
110,87812
110,87813
110,87815
110,87819
110,87820
110,87823
110,87824
110,87825
110,87827
110,87828
110,87829
110,87831
110,87832
110,87838
110,87839
110,87841
110,87852
110,87878
110,87879
110,87881
110,87882
110,87884
110,87885
110,87886
110,87887
110,87888
110,87889
110,87891
110,87892
110,87893
110,87894
110,87896
110,87897
110,87899
110,87900
110,87903
110,87904
110,87905
110,87907
110,87908
110,87911
110,88411
110,88412
110,88413
110,88414
110,88415
110,88416
110,88417
110,88420
110,88421
110,88423
110,88424
110,88428
110,88429
110,88431
110,88432
110,88470
110,88471
110,88472
110,88476
110,88478
110,88484
110,88485
110,88488
110,88489
110,88494
110,88495
110,88497
110,88788
110,90408
110,90930
110,90932
110,90933
110,90934
110,90940
110,90942
110,90943
110,90944
110,90950
110,90952
110,90953
110,90954
110,91519
110,91520
110,91522
110,91525
110,95305
110,95622
110,95623
110,95624
110,95625
110,95626
110,96109
110,96110
110,96111
110,96112
110,96113
110,96126
110,96128
110,96130
110,96131
110,96132
110,96133
110,96134
110,96135
110,96485
110,96486
110,98679
110,98681
110,98682
111,100716
111,100719
111,100722
111,100723
111,100724
111,100726
111,100727
111,100728
111,100729
111,100733
111,100734
111,100735
111,100736
111,100739
111,100740
111,100741
111,100742
111,100744
111,100745
111,100746
111,100747
111,100749
111,100750
111,100751
111,100753
111,100757
111,100758
111,100761
111,100762
111,101725
111,101726
111,101727
111,101729
111,101731
111,101732
111,101733
111,101734
111,101735
111,101736
111,101746
111,101748
111,101749
111,101750
111,101751
111,102193
111,102197
111,102201
111,102202
111,102203
111,102207
111,102208
111,102209
111,102210
111,102213
111,102214
111,102218
111,102219
111,102220
111,102223
111,102224
111,102225
111,102227
111,102229
111,102230
111,102233
111,102234
111,102488
111,102489
111,102491
111,102492
111,102494
111,102499
111,102520
111,102803
111,104162
111,104203
111,104204
111,104205
111,104208
111,104209
111,104210
111,104211
111,104212
111,104213
111,104215
111,104217
111,104218
111,104219
111,104220
111,104221
111,104222
111,104223
111,104224
111,104225
111,104226
111,104227
111,104229
111,104230
111,104231
111,104232
111,104233
111,104234
111,104235
111,104237
111,104238
111,104239
111,104240
111,104242
111,104243
111,104244
111,104245
111,104246
111,104247
111,104248
111,104249
111,104250
111,104251
111,104253
111,104254
111,104255
111,104257
111,104258
111,104259
111,104260
111,104262
111,104263
111,104410
111,104412
111,104413
111,104414
111,104415
111,104416
111,104417
111,104418
111,104423
111,104425
111,104588
111,104589
111,104590
111,104591
111,104593
111,104594
111,104597
111,104598
111,104599
111,104601
111,104603
111,104605
111,104606
111,104607
111,104613
111,104614
111,104615
111,104616
111,104617
111,104618
111,104628
111,104629
111,104630
111,104631
111,104632
111,104634
111,104635
111,104639
111,104640
111,104756
111,104757
111,104951
111,104953
111,104954
111,104955
111,104956
111,104957
111,104959
111,104960
111,104961
111,104962
111,104963
111,104964
111,104967
111,104968
111,104969
111,104971
111,104973
111,104974
111,104975
111,104977
111,104978
111,105185
111,105186
111,105187
111,105188
111,105816
111,105817
111,105818
111,105820
111,105821
111,105822
111,105823
111,105824
111,105825
111,105826
111,105827
111,105828
111,105829
111,106788
111,106789
111,106792
111,87244
111,87245
111,87246
111,87247
111,87248
111,87251
111,87255
111,87256
111,87257
111,87261
111,87262
111,87263
111,87265
111,87267
111,87269
111,87271
111,87273
111,87275
111,87411
111,87412
111,87413
111,87414
111,87415
111,87416
111,87418
111,87421
111,87424
111,87430
111,87433
111,87436
111,87439
111,87527
111,87528
111,87529
111,87530
111,87531
111,87532
111,87535
111,87536
111,87539
111,87543
111,87545
111,87546
111,87547
111,87549
111,87553
111,87554
111,87557
111,87561
111,87620
111,87622
111,87623
111,87630
111,87632
111,87634
111,87640
111,87680
111,87683
111,87684
111,87690
111,87692
111,87693
111,87694
111,87700
111,87702
111,87704
111,87737
111,87738
111,87745
111,87747
111,87748
111,87749
111,87755
111,87757
111,87758
111,87765
111,87768
111,87775
111,87777
111,87778
111,87779
111,87781
111,87783
111,87786
111,87787
111,87791
111,87794
111,87795
111,87797
111,87799
111,87800
111,87801
111,87803
111,87804
111,87807
111,87808
111,87809
111,87813
111,87816
111,87817
111,87819
111,87820
111,87821
111,87823
111,87825
111,87829
111,87831
111,87832
111,87838
111,87839
111,87840
111,87841
111,87850
111,87852
111,87853
111,87878
111,87879
111,87881
111,87882
111,87884
111,87885
111,87886
111,87887
111,87889
111,87891
111,87892
111,87893
111,87894
111,87896
111,87897
111,87902
111,87903
111,87905
111,87907
111,87908
111,87910
111,87911
111,88411
111,88412
111,88413
111,88414
111,88415
111,88416
111,88417
111,88421
111,88423
111,88424
111,88426
111,88428
111,88429
111,88431
111,88432
111,88470
111,88471
111,88472
111,88476
111,88477
111,88478
111,88484
111,88485
111,88488
111,88489
111,88494
111,88495
111,88496
111,88789
111,90406
111,90408
111,90930
111,90932
111,90933
111,90934
111,90940
111,90942
111,90943
111,90944
111,90950
111,90953
111,90954
111,91522
111,91525
111,95305
111,95622
111,95624
111,95625
111,95626
111,96111
111,96112
111,96113
111,96114
111,96126
111,96127
111,96128
111,96133
111,96135
111,96485
111,96486
111,98671
111,98672
111,98679
111,98680
111,98681
111,98682
112,100717
112,100720
112,100721
112,100722
112,100723
112,100724
112,100725
112,100727
112,100728
112,100729
112,100730
112,100733
112,100734
112,100735
112,100736
112,100740
112,100741
112,100742
112,100744
112,100746
112,100747
112,100749
112,100750
112,100751
112,100752
112,100754
112,100759
112,100760
112,101725
112,101726
112,101727
112,101732
112,101733
112,101734
112,101736
112,101737
112,101746
112,101748
112,101749
112,101750
112,101751
112,102194
112,102197
112,102200
112,102202
112,102203
112,102204
112,102205
112,102207
112,102208
112,102209
112,102210
112,102213
112,102214
112,102215
112,102217
112,102218
112,102219
112,102220
112,102223
112,102225
112,102228
112,102230
112,102233
112,102234
112,102488
112,102489
112,102491
112,102492
112,102494
112,102499
112,102520
112,102803
112,104162
112,104203
112,104204
112,104205
112,104206
112,104207
112,104208
112,104209
112,104210
112,104211
112,104212
112,104213
112,104214
112,104215
112,104216
112,104218
112,104220
112,104221
112,104222
112,104223
112,104224
112,104225
112,104226
112,104227
112,104228
112,104229
112,104231
112,104232
112,104233
112,104234
112,104235
112,104236
112,104237
112,104238
112,104239
112,104240
112,104241
112,104244
112,104247
112,104249
112,104250
112,104251
112,104252
112,104255
112,104256
112,104257
112,104260
112,104261
112,104262
112,104263
112,104264
112,104410
112,104411
112,104412
112,104413
112,104414
112,104415
112,104416
112,104417
112,104418
112,104419
112,104421
112,104423
112,104425
112,104588
112,104589
112,104590
112,104591
112,104593
112,104594
112,104595
112,104596
112,104597
112,104598
112,104599
112,104601
112,104603
112,104607
112,104611
112,104612
112,104613
112,104614
112,104615
112,104617
112,104618
112,104627
112,104629
112,104631
112,104632
112,104633
112,104635
112,104636
112,104639
112,104640
112,104756
112,104757
112,104951
112,104952
112,104953
112,104954
112,104956
112,104958
112,104959
112,104962
112,104963
112,104964
112,104966
112,104967
112,104969
112,104970
112,104971
112,104972
112,104973
112,104974
112,104975
112,104976
112,104977
112,105186
112,105187
112,105188
112,105816
112,105818
112,105819
112,105821
112,105822
112,105823
112,105824
112,105825
112,105826
112,105827
112,105828
112,105829
112,106788
112,106789
112,106790
112,106791
112,106792
112,87244
112,87245
112,87246
112,87247
112,87248
112,87250
112,87251
112,87255
112,87257
112,87261
112,87262
112,87265
112,87267
112,87269
112,87273
112,87275
112,87411
112,87412
112,87414
112,87415
112,87416
112,87418
112,87427
112,87433
112,87439
112,87528
112,87531
112,87532
112,87535
112,87539
112,87543
112,87545
112,87546
112,87548
112,87550
112,87553
112,87554
112,87557
112,87561
112,87620
112,87622
112,87623
112,87624
112,87630
112,87632
112,87633
112,87634
112,87640
112,87642
112,87643
112,87644
112,87680
112,87682
112,87684
112,87690
112,87692
112,87693
112,87694
112,87700
112,87702
112,87703
112,87704
112,87737
112,87738
112,87739
112,87745
112,87747
112,87748
112,87749
112,87755
112,87757
112,87765
112,87768
112,87769
112,87777
112,87778
112,87779
112,87781
112,87783
112,87784
112,87786
112,87787
112,87788
112,87792
112,87794
112,87795
112,87797
112,87800
112,87803
112,87804
112,87805
112,87807
112,87808
112,87809
112,87812
112,87813
112,87816
112,87819
112,87820
112,87821
112,87823
112,87827
112,87828
112,87829
112,87831
112,87839
112,87840
112,87841
112,87850
112,87851
112,87853
112,87878
112,87881
112,87882
112,87884
112,87886
112,87887
112,87889
112,87891
112,87892
112,87893
112,87896
112,87897
112,87900
112,87902
112,87903
112,87905
112,87907
112,87908
112,87910
112,87911
112,88411
112,88412
112,88413
112,88414
112,88415
112,88416
112,88417
112,88421
112,88423
112,88424
112,88426
112,88428
112,88431
112,88432
112,88471
112,88472
112,88476
112,88477
112,88478
112,88484
112,88488
112,88489
112,88495
112,88496
112,88497
112,88788
112,88789
112,90406
112,90408
112,90930
112,90932
112,90933
112,90934
112,90940
112,90942
112,90943
112,90944
112,90950
112,90952
112,90953
112,91519
112,91520
112,91522
112,91525
112,95305
112,95306
112,95623
112,95624
112,95626
112,96110
112,96111
112,96112
112,96113
112,96116
112,96126
112,96127
112,96128
112,96129
112,96130
112,96131
112,96132
112,96133
112,96134
112,96135
112,96485
112,96486
112,98679
112,98680
112,98682
112,99054
113,100716
113,100719
113,100720
113,100722
113,100723
113,100724
113,100725
113,100726
113,100728
113,100729
113,100733
113,100734
113,100735
113,100736
113,100740
113,100741
113,100742
113,100743
113,100744
113,100745
113,100746
113,100747
113,100749
113,100750
113,100751
113,100752
113,100753
113,100754
113,100757
113,100758
113,100760
113,100762
113,101725
113,101726
113,101731
113,101732
113,101733
113,101734
113,101736
113,101746
113,101748
113,101749
113,101750
113,102193
113,102197
113,102200
113,102201
113,102202
113,102205
113,102207
113,102208
113,102209
113,102214
113,102220
113,102223
113,102224
113,102227
113,102228
113,102229
113,102233
113,102234
113,102488
113,102491
113,102492
113,102494
113,102499
113,102520
113,102803
113,104162
113,104204
113,104206
113,104207
113,104208
113,104209
113,104210
113,104211
113,104212
113,104213
113,104214
113,104216
113,104217
113,104218
113,104220
113,104221
113,104222
113,104223
113,104224
113,104226
113,104227
113,104228
113,104230
113,104231
113,104232
113,104233
113,104234
113,104235
113,104236
113,104238
113,104239
113,104240
113,104241
113,104242
113,104245
113,104246
113,104247
113,104248
113,104251
113,104252
113,104253
113,104254
113,104255
113,104256
113,104258
113,104259
113,104260
113,104261
113,104262
113,104263
113,104410
113,104411
113,104412
113,104413
113,104414
113,104415
113,104416
113,104417
113,104421
113,104422
113,104425
113,104588
113,104589
113,104590
113,104593
113,104595
113,104596
113,104597
113,104598
113,104599
113,104601
113,104603
113,104607
113,104611
113,104614
113,104615
113,104616
113,104617
113,104618
113,104627
113,104628
113,104629
113,104630
113,104631
113,104632
113,104633
113,104634
113,104635
113,104636
113,104639
113,104640
113,104641
113,104642
113,104756
113,104951
113,104952
113,104953
113,104954
113,104955
113,104956
113,104959
113,104960
113,104961
113,104962
113,104964
113,104965
113,104966
113,104967
113,104969
113,104970
113,104971
113,104972
113,104973
113,104974
113,104975
113,104977
113,104978
113,105185
113,105186
113,105187
113,105816
113,105817
113,105818
113,105820
113,105821
113,105822
113,105823
113,105825
113,105827
113,105828
113,105829
113,106788
113,106789
113,106790
113,106791
113,106792
113,87244
113,87246
113,87247
113,87248
113,87249
113,87250
113,87251
113,87255
113,87256
113,87257
113,87261
113,87262
113,87263
113,87265
113,87267
113,87269
113,87275
113,87411
113,87412
113,87413
113,87414
113,87415
113,87416
113,87418
113,87421
113,87424
113,87427
113,87430
113,87433
113,87436
113,87527
113,87528
113,87529
113,87532
113,87535
113,87536
113,87543
113,87545
113,87546
113,87547
113,87548
113,87549
113,87550
113,87553
113,87554
113,87557
113,87561
113,87622
113,87623
113,87624
113,87630
113,87632
113,87633
113,87634
113,87640
113,87642
113,87643
113,87644
113,87682
113,87683
113,87684
113,87690
113,87692
113,87693
113,87694
113,87700
113,87702
113,87703
113,87735
113,87737
113,87745
113,87747
113,87748
113,87749
113,87755
113,87757
113,87765
113,87767
113,87768
113,87769
113,87777
113,87778
113,87781
113,87783
113,87784
113,87786
113,87787
113,87788
113,87792
113,87795
113,87797
113,87799
113,87800
113,87801
113,87803
113,87804
113,87805
113,87807
113,87808
113,87811
113,87812
113,87813
113,87815
113,87816
113,87817
113,87821
113,87823
113,87824
113,87825
113,87827
113,87828
113,87831
113,87832
113,87838
113,87839
113,87840
113,87841
113,87851
113,87852
113,87853
113,87878
113,87879
113,87881
113,87882
113,87884
113,87885
113,87887
113,87888
113,87889
113,87891
113,87893
113,87894
113,87896
113,87899
113,87900
113,87902
113,87903
113,87904
113,87908
113,87910
113,87911
113,88411
113,88412
113,88413
113,88414
113,88420
113,88421
113,88423
113,88424
113,88426
113,88428
113,88431
113,88432
113,88470
113,88471
113,88472
113,88477
113,88478
113,88485
113,88488
113,88489
113,88495
113,88497
113,88788
113,88789
113,90408
113,90930
113,90932
113,90933
113,90934
113,90942
113,90943
113,90944
113,90950
113,90952
113,90954
113,91515
113,91519
113,91520
113,91522
113,91525
113,95305
113,95306
113,95622
113,95623
113,95624
113,95625
113,95626
113,96109
113,96110
113,96111
113,96112
113,96113
113,96114
113,96116
113,96126
113,96127
113,96129
113,96130
113,96133
113,96135
113,96485
113,98671
113,98679
113,98681
113,98682
113,99054
114,100716
114,100717
114,100719
114,100720
114,100721
114,100723
114,100724
114,100725
114,100726
114,100727
114,100728
114,100729
114,100730
114,100733
114,100734
114,100735
114,100736
114,100739
114,100741
114,100742
114,100744
114,100745
114,100746
114,100747
114,100749
114,100751
114,100752
114,100753
114,100754
114,100758
114,100759
114,100760
114,100761
114,101727
114,101729
114,101731
114,101732
114,101733
114,101734
114,101735
114,101737
114,101746
114,101748
114,101749
114,101750
114,102193
114,102194
114,102197
114,102200
114,102201
114,102202
114,102203
114,102205
114,102208
114,102209
114,102210
114,102214
114,102215
114,102217
114,102218
114,102219
114,102223
114,102224
114,102225
114,102228
114,102233
114,102234
114,102491
114,102492
114,102494
114,102499
114,102520
114,102803
114,104162
114,104203
114,104204
114,104206
114,104207
114,104208
114,104209
114,104210
114,104211
114,104212
114,104213
114,104214
114,104215
114,104216
114,104217
114,104218
114,104219
114,104221
114,104222
114,104225
114,104226
114,104227
114,104228
114,104229
114,104230
114,104231
114,104232
114,104234
114,104235
114,104236
114,104238
114,104240
114,104241
114,104242
114,104243
114,104244
114,104245
114,104246
114,104247
114,104249
114,104250
114,104251
114,104252
114,104254
114,104255
114,104259
114,104260
114,104261
114,104262
114,104263
114,104410
114,104412
114,104414
114,104415
114,104416
114,104417
114,104418
114,104419
114,104421
114,104422
114,104423
114,104425
114,104588
114,104589
114,104590
114,104591
114,104594
114,104595
114,104596
114,104601
114,104603
114,104605
114,104606
114,104607
114,104611
114,104612
114,104614
114,104615
114,104616
114,104617
114,104618
114,104627
114,104628
114,104629
114,104630
114,104632
114,104633
114,104634
114,104635
114,104636
114,104639
114,104640
114,104641
114,104642
114,104756
114,104757
114,104951
114,104954
114,104956
114,104957
114,104958
114,104959
114,104960
114,104961
114,104962
114,104963
114,104966
114,104967
114,104968
114,104971
114,104972
114,104973
114,104974
114,104975
114,104976
114,104977
114,105186
114,105188
114,105816
114,105817
114,105818
114,105819
114,105820
114,105821
114,105822
114,105824
114,105827
114,105828
114,106788
114,106790
114,106791
114,106792
114,87246
114,87247
114,87249
114,87250
114,87251
114,87255
114,87257
114,87261
114,87262
114,87265
114,87267
114,87269
114,87271
114,87273
114,87275
114,87411
114,87412
114,87413
114,87414
114,87415
114,87416
114,87418
114,87421
114,87424
114,87427
114,87430
114,87436
114,87527
114,87528
114,87529
114,87530
114,87532
114,87535
114,87536
114,87539
114,87543
114,87546
114,87547
114,87548
114,87550
114,87553
114,87554
114,87557
114,87561
114,87620
114,87622
114,87623
114,87624
114,87632
114,87633
114,87634
114,87640
114,87642
114,87643
114,87680
114,87682
114,87683
114,87684
114,87690
114,87692
114,87693
114,87694
114,87702
114,87703
114,87704
114,87735
114,87737
114,87739
114,87745
114,87748
114,87749
114,87755
114,87757
114,87758
114,87759
114,87768
114,87777
114,87778
114,87779
114,87783
114,87784
114,87786
114,87787
114,87788
114,87791
114,87792
114,87794
114,87795
114,87797
114,87801
114,87804
114,87805
114,87807
114,87808
114,87812
114,87813
114,87815
114,87816
114,87817
114,87819
114,87820
114,87821
114,87823
114,87824
114,87825
114,87827
114,87829
114,87831
114,87832
114,87838
114,87839
114,87840
114,87841
114,87850
114,87851
114,87852
114,87853
114,87878
114,87879
114,87881
114,87882
114,87884
114,87885
114,87887
114,87889
114,87891
114,87893
114,87894
114,87896
114,87897
114,87899
114,87900
114,87904
114,87905
114,87907
114,87908
114,87910
114,87911
114,88411
114,88412
114,88413
114,88414
114,88415
114,88417
114,88420
114,88421
114,88423
114,88424
114,88426
114,88428
114,88431
114,88432
114,88470
114,88471
114,88472
114,88476
114,88477
114,88478
114,88484
114,88485
114,88488
114,88489
114,88494
114,88496
114,88497
114,88788
114,90406
114,90408
114,90930
114,90933
114,90934
114,90940
114,90942
114,90943
114,90944
114,90952
114,90953
114,90954
114,91515
114,91519
114,91520
114,91525
114,95305
114,95306
114,95622
114,95626
114,96109
114,96110
114,96111
114,96113
114,96114
114,96116
114,96126
114,96127
114,96129
114,96130
114,96132
114,96133
114,96134
114,96135
114,96486
114,98672
114,98679
114,98680
114,98682
114,99054
115,100716
115,100717
115,100719
115,100721
115,100722
115,100723
115,100724
115,100725
115,100726
115,100727
115,100728
115,100729
115,100730
115,100734
115,100735
115,100736
115,100739
115,100740
115,100742
115,100743
115,100744
115,100745
115,100746
115,100747
115,100748
115,100749
115,100750
115,100751
115,100753
115,100754
115,100757
115,100758
115,100760
115,100762
115,101726
115,101727
115,101729
115,101732
115,101734
115,101735
115,101736
115,101737
115,101748
115,101749
115,101750
115,101751
115,102193
115,102194
115,102197
115,102200
115,102201
115,102203
115,102204
115,102205
115,102207
115,102209
115,102210
115,102213
115,102214
115,102215
115,102217
115,102218
115,102219
115,102223
115,102224
115,102225
115,102227
115,102228
115,102229
115,102230
115,102233
115,102488
115,102489
115,102491
115,102492
115,102499
115,102520
115,102803
115,104162
115,104203
115,104204
115,104205
115,104206
115,104208
115,104209
115,104210
115,104212
115,104213
115,104215
115,104220
115,104222
115,104223
115,104224
115,104225
115,104226
115,104227
115,104228
115,104229
115,104230
115,104231
115,104232
115,104233
115,104234
115,104235
115,104236
115,104237
115,104238
115,104239
115,104240
115,104241
115,104242
115,104243
115,104244
115,104245
115,104251
115,104252
115,104253
115,104254
115,104255
115,104256
115,104257
115,104258
115,104259
115,104260
115,104261
115,104262
115,104264
115,104410
115,104412
115,104413
115,104414
115,104415
115,104416
115,104417
115,104418
115,104419
115,104422
115,104423
115,104425
115,104588
115,104590
115,104593
115,104594
115,104595
115,104596
115,104597
115,104598
115,104599
115,104601
115,104605
115,104606
115,104607
115,104611
115,104612
115,104614
115,104615
115,104616
115,104617
115,104618
115,104629
115,104630
115,104631
115,104632
115,104633
115,104635
115,104636
115,104639
115,104640
115,104641
115,104756
115,104757
115,104952
115,104953
115,104954
115,104955
115,104957
115,104959
115,104960
115,104961
115,104962
115,104963
115,104964
115,104965
115,104968
115,104969
115,104970
115,104971
115,104972
115,104973
115,104974
115,104975
115,104976
115,104977
115,104978
115,105185
115,105186
115,105187
115,105188
115,105816
115,105817
115,105818
115,105819
115,105820
115,105821
115,105822
115,105826
115,105828
115,105829
115,106788
115,106789
115,106791
115,106792
115,87244
115,87245
115,87246
115,87247
115,87248
115,87249
115,87250
115,87251
115,87255
115,87256
115,87257
115,87261
115,87263
115,87269
115,87271
115,87273
115,87275
115,87411
115,87412
115,87413
115,87414
115,87415
115,87416
115,87421
115,87424
115,87427
115,87433
115,87436
115,87439
115,87528
115,87529
115,87530
115,87531
115,87536
115,87539
115,87543
115,87546
115,87548
115,87549
115,87550
115,87553
115,87554
115,87557
115,87561
115,87620
115,87622
115,87623
115,87624
115,87630
115,87633
115,87640
115,87642
115,87643
115,87680
115,87682
115,87683
115,87690
115,87692
115,87693
115,87694
115,87702
115,87703
115,87704
115,87735
115,87737
115,87738
115,87745
115,87747
115,87748
115,87755
115,87757
115,87758
115,87765
115,87767
115,87769
115,87777
115,87778
115,87779
115,87781
115,87783
115,87786
115,87791
115,87792
115,87794
115,87795
115,87797
115,87799
115,87800
115,87801
115,87803
115,87804
115,87805
115,87807
115,87809
115,87812
115,87813
115,87815
115,87816
115,87817
115,87820
115,87824
115,87825
115,87827
115,87831
115,87838
115,87839
115,87840
115,87850
115,87851
115,87853
115,87878
115,87879
115,87881
115,87884
115,87885
115,87886
115,87887
115,87889
115,87891
115,87894
115,87896
115,87897
115,87899
115,87900
115,87902
115,87903
115,87905
115,87908
115,87911
115,88412
115,88413
115,88414
115,88415
115,88416
115,88421
115,88423
115,88424
115,88426
115,88429
115,88431
115,88432
115,88470
115,88471
115,88472
115,88476
115,88477
115,88478
115,88484
115,88488
115,88489
115,88494
115,88495
115,88496
115,88788
115,88789
115,90406
115,90930
115,90932
115,90933
115,90934
115,90940
115,90943
115,90944
115,90950
115,90952
115,90953
115,90954
115,91515
115,91519
115,91520
115,91522
115,91525
115,95305
115,95306
115,95622
115,95623
115,95624
115,95625
115,95626
115,96110
115,96111
115,96113
115,96116
115,96126
115,96127
115,96128
115,96129
115,96130
115,96131
115,96133
115,96135
115,96485
115,96486
115,98672
115,98679
115,98680
115,98681
115,98682
115,99054
116,100716
116,100717
116,100719
116,100720
116,100721
116,100722
116,100724
116,100725
116,100727
116,100728
116,100729
116,100730
116,100733
116,100734
116,100736
116,100739
116,100742
116,100743
116,100744
116,100745
116,100746
116,100747
116,100748
116,100750
116,100751
116,100752
116,100754
116,100758
116,100760
116,100761
116,100762
116,101725
116,101727
116,101729
116,101731
116,101732
116,101733
116,101734
116,101735
116,101736
116,101737
116,101746
116,101748
116,101749
116,101750
116,101751
116,102194
116,102197
116,102201
116,102202
116,102203
116,102205
116,102207
116,102208
116,102209
116,102210
116,102213
116,102214
116,102217
116,102218
116,102219
116,102220
116,102224
116,102225
116,102228
116,102229
116,102230
116,102234
116,102488
116,102489
116,102491
116,102492
116,102494
116,102499
116,102520
116,102803
116,104162
116,104203
116,104204
116,104205
116,104206
116,104207
116,104209
116,104210
116,104211
116,104212
116,104213
116,104214
116,104215
116,104216
116,104217
116,104218
116,104220
116,104222
116,104224
116,104225
116,104226
116,104228
116,104229
116,104230
116,104231
116,104232
116,104233
116,104234
116,104235
116,104236
116,104237
116,104238
116,104239
116,104241
116,104242
116,104243
116,104244
116,104245
116,104246
116,104247
116,104248
116,104249
116,104250
116,104251
116,104253
116,104254
116,104256
116,104259
116,104260
116,104261
116,104263
116,104264
116,104411
116,104412
116,104413
116,104414
116,104415
116,104416
116,104417
116,104418
116,104419
116,104421
116,104422
116,104423
116,104425
116,104588
116,104589
116,104590
116,104591
116,104593
116,104594
116,104595
116,104598
116,104599
116,104601
116,104603
116,104606
116,104607
116,104613
116,104614
116,104616
116,104617
116,104627
116,104628
116,104629
116,104633
116,104634
116,104635
116,104636
116,104639
116,104641
116,104642
116,104757
116,104951
116,104952
116,104953
116,104955
116,104956
116,104958
116,104959
116,104962
116,104963
116,104964
116,104965
116,104967
116,104968
116,104969
116,104970
116,104972
116,104974
116,104975
116,104976
116,104977
116,104978
116,105185
116,105187
116,105188
116,105816
116,105817
116,105818
116,105819
116,105820
116,105822
116,105824
116,105825
116,105826
116,105827
116,105828
116,105829
116,106788
116,106789
116,106790
116,106791
116,106792
116,87244
116,87245
116,87246
116,87248
116,87249
116,87256
116,87261
116,87262
116,87263
116,87265
116,87267
116,87271
116,87412
116,87413
116,87414
116,87415
116,87416
116,87418
116,87421
116,87427
116,87430
116,87436
116,87528
116,87529
116,87530
116,87531
116,87532
116,87535
116,87536
116,87543
116,87545
116,87546
116,87547
116,87548
116,87549
116,87550
116,87553
116,87557
116,87620
116,87622
116,87623
116,87624
116,87630
116,87632
116,87633
116,87634
116,87640
116,87642
116,87644
116,87680
116,87682
116,87684
116,87690
116,87692
116,87693
116,87694
116,87700
116,87702
116,87703
116,87704
116,87738
116,87739
116,87745
116,87747
116,87748
116,87749
116,87755
116,87757
116,87758
116,87759
116,87765
116,87767
116,87775
116,87777
116,87778
116,87779
116,87781
116,87783
116,87784
116,87786
116,87787
116,87788
116,87791
116,87794
116,87795
116,87797
116,87799
116,87800
116,87801
116,87803
116,87804
116,87805
116,87808
116,87809
116,87811
116,87812
116,87813
116,87815
116,87816
116,87817
116,87819
116,87820
116,87821
116,87823
116,87825
116,87828
116,87829
116,87832
116,87839
116,87840
116,87850
116,87851
116,87852
116,87853
116,87878
116,87879
116,87881
116,87882
116,87884
116,87887
116,87888
116,87889
116,87892
116,87893
116,87894
116,87896
116,87897
116,87899
116,87900
116,87902
116,87903
116,87905
116,87908
116,88411
116,88412
116,88413
116,88415
116,88416
116,88417
116,88420
116,88421
116,88423
116,88424
116,88426
116,88428
116,88429
116,88431
116,88471
116,88472
116,88478
116,88484
116,88485
116,88489
116,88494
116,88495
116,88497
116,88789
116,90406
116,90408
116,90930
116,90932
116,90934
116,90940
116,90942
116,90943
116,90944
116,90950
116,90952
116,90954
116,91515
116,91520
116,91522
116,91525
116,95305
116,95306
116,95623
116,95624
116,95625
116,95626
116,96109
116,96110
116,96111
116,96112
116,96114
116,96116
116,96126
116,96127
116,96128
116,96129
116,96130
116,96131
116,96132
116,96133
116,96134
116,96485
116,96486
116,98671
116,98672
116,98680
116,98682
116,99054
117,100716
117,100717
117,100719
117,100720
117,100721
117,100722
117,100723
117,100724
117,100725
117,100726
117,100727
117,100729
117,100730
117,100733
117,100735
117,100739
117,100740
117,100741
117,100742
117,100743
117,100744
117,100745
117,100746
117,100747
117,100748
117,100749
117,100750
117,100751
117,100752
117,100753
117,100754
117,100757
117,100758
117,100759
117,100760
117,100762
117,101725
117,101726
117,101727
117,101731
117,101732
117,101733
117,101734
117,101735
117,101736
117,101746
117,101748
117,101749
117,101750
117,102193
117,102194
117,102197
117,102200
117,102201
117,102203
117,102207
117,102208
117,102209
117,102210
117,102213
117,102214
117,102215
117,102223
117,102227
117,102228
117,102229
117,102233
117,102234
117,102488
117,102489
117,102491
117,102492
117,102494
117,102499
117,102520
117,102803
117,104203
117,104204
117,104205
117,104206
117,104207
117,104209
117,104213
117,104214
117,104216
117,104217
117,104219
117,104221
117,104222
117,104223
117,104224
117,104226
117,104228
117,104230
117,104233
117,104235
117,104237
117,104240
117,104241
117,104242
117,104243
117,104244
117,104245
117,104247
117,104248
117,104249
117,104251
117,104252
117,104253
117,104254
117,104255
117,104256
117,104257
117,104258
117,104259
117,104260
117,104261
117,104262
117,104263
117,104264
117,104410
117,104412
117,104413
117,104414
117,104415
117,104416
117,104419
117,104421
117,104422
117,104423
117,104425
117,104588
117,104589
117,104591
117,104593
117,104594
117,104595
117,104596
117,104597
117,104598
117,104599
117,104601
117,104603
117,104605
117,104606
117,104607
117,104611
117,104613
117,104615
117,104616
117,104617
117,104627
117,104628
117,104629
117,104630
117,104631
117,104632
117,104633
117,104634
117,104635
117,104636
117,104639
117,104641
117,104642
117,104756
117,104757
117,104951
117,104952
117,104953
117,104954
117,104955
117,104956
117,104957
117,104958
117,104959
117,104960
117,104962
117,104963
117,104965
117,104966
117,104967
117,104969
117,104970
117,104971
117,104972
117,104974
117,104975
117,104976
117,104978
117,105186
117,105187
117,105188
117,105817
117,105818
117,105819
117,105820
117,105821
117,105824
117,105825
117,105827
117,105829
117,106788
117,106789
117,106790
117,106791
117,106792
117,87244
117,87246
117,87249
117,87250
117,87251
117,87255
117,87256
117,87257
117,87261
117,87262
117,87263
117,87267
117,87271
117,87411
117,87412
117,87413
117,87414
117,87415
117,87416
117,87418
117,87421
117,87427
117,87430
117,87436
117,87439
117,87527
117,87528
117,87529
117,87530
117,87531
117,87532
117,87536
117,87539
117,87545
117,87547
117,87548
117,87550
117,87553
117,87554
117,87557
117,87561
117,87620
117,87622
117,87623
117,87632
117,87633
117,87634
117,87640
117,87644
117,87680
117,87682
117,87683
117,87684
117,87690
117,87692
117,87693
117,87694
117,87700
117,87702
117,87703
117,87735
117,87737
117,87738
117,87739
117,87747
117,87748
117,87749
117,87755
117,87757
117,87758
117,87765
117,87767
117,87768
117,87775
117,87777
117,87778
117,87779
117,87781
117,87784
117,87786
117,87787
117,87788
117,87792
117,87794
117,87797
117,87799
117,87800
117,87801
117,87803
117,87804
117,87807
117,87809
117,87811
117,87812
117,87813
117,87815
117,87816
117,87819
117,87820
117,87821
117,87823
117,87824
117,87825
117,87827
117,87828
117,87829
117,87831
117,87832
117,87838
117,87841
117,87851
117,87852
117,87853
117,87878
117,87879
117,87882
117,87884
117,87885
117,87886
117,87887
117,87888
117,87889
117,87892
117,87893
117,87894
117,87896
117,87897
117,87899
117,87900
117,87902
117,87905
117,87907
117,87908
117,87910
117,87911
117,88411
117,88412
117,88413
117,88414
117,88416
117,88417
117,88420
117,88421
117,88423
117,88424
117,88426
117,88428
117,88431
117,88432
117,88470
117,88471
117,88472
117,88476
117,88477
117,88478
117,88484
117,88485
117,88488
117,88489
117,88494
117,88495
117,88497
117,88788
117,88789
117,90406
117,90932
117,90933
117,90934
117,90940
117,90942
117,90943
117,90944
117,90950
117,90952
117,90953
117,90954
117,91515
117,91519
117,91525
117,95305
117,95306
117,95622
117,95623
117,95624
117,95625
117,95626
117,96109
117,96110
117,96112
117,96113
117,96114
117,96116
117,96126
117,96127
117,96128
117,96130
117,96131
117,96133
117,96134
117,96135
117,96485
117,96486
117,98679
117,98680
117,99054
118,100716
118,100717
118,100719
118,100721
118,100722
118,100723
118,100724
118,100725
118,100726
118,100727
118,100729
118,100730
118,100733
118,100734
118,100735
118,100736
118,100740
118,100741
118,100744
118,100745
118,100747
118,100748
118,100749
118,100750
118,100751
118,100757
118,100758
118,100760
118,100761
118,100762
118,101725
118,101726
118,101727
118,101731
118,101733
118,101734
118,101735
118,101737
118,101746
118,101748
118,101749
118,101750
118,101751
118,102194
118,102200
118,102201
118,102202
118,102203
118,102204
118,102205
118,102207
118,102209
118,102210
118,102213
118,102214
118,102215
118,102218
118,102219
118,102220
118,102223
118,102224
118,102225
118,102227
118,102228
118,102229
118,102230
118,102233
118,102234
118,102488
118,102489
118,102491
118,102492
118,102494
118,102499
118,102803
118,104162
118,104203
118,104205
118,104206
118,104207
118,104209
118,104210
118,104211
118,104212
118,104213
118,104214
118,104215
118,104216
118,104219
118,104220
118,104221
118,104222
118,104223
118,104225
118,104227
118,104228
118,104229
118,104230
118,104231
118,104232
118,104233
118,104234
118,104235
118,104236
118,104237
118,104238
118,104239
118,104242
118,104243
118,104245
118,104247
118,104248
118,104249
118,104250
118,104251
118,104252
118,104253
118,104254
118,104255
118,104256
118,104257
118,104258
118,104262
118,104263
118,104264
118,104410
118,104411
118,104413
118,104414
118,104415
118,104416
118,104417
118,104418
118,104419
118,104421
118,104422
118,104423
118,104425
118,104588
118,104589
118,104590
118,104593
118,104594
118,104595
118,104598
118,104601
118,104603
118,104606
118,104607
118,104613
118,104614
118,104615
118,104616
118,104618
118,104627
118,104628
118,104629
118,104630
118,104631
118,104632
118,104633
118,104634
118,104639
118,104640
118,104641
118,104642
118,104756
118,104757
118,104952
118,104953
118,104954
118,104956
118,104957
118,104959
118,104960
118,104964
118,104966
118,104967
118,104969
118,104970
118,104971
118,104972
118,104973
118,104974
118,104975
118,104976
118,104977
118,104978
118,105186
118,105187
118,105817
118,105818
118,105819
118,105820
118,105821
118,105822
118,105823
118,105824
118,105825
118,105826
118,105827
118,105829
118,106788
118,106789
118,106790
118,106791
118,106792
118,87244
118,87245
118,87246
118,87247
118,87248
118,87249
118,87250
118,87251
118,87256
118,87261
118,87262
118,87263
118,87265
118,87269
118,87271
118,87273
118,87411
118,87412
118,87414
118,87415
118,87416
118,87418
118,87421
118,87427
118,87433
118,87436
118,87528
118,87529
118,87530
118,87532
118,87535
118,87539
118,87545
118,87546
118,87547
118,87548
118,87553
118,87554
118,87557
118,87561
118,87620
118,87622
118,87623
118,87624
118,87630
118,87633
118,87634
118,87642
118,87643
118,87644
118,87680
118,87682
118,87684
118,87690
118,87692
118,87693
118,87694
118,87702
118,87703
118,87704
118,87735
118,87737
118,87738
118,87739
118,87745
118,87748
118,87749
118,87755
118,87758
118,87765
118,87767
118,87768
118,87769
118,87775
118,87777
118,87778
118,87779
118,87781
118,87783
118,87784
118,87786
118,87788
118,87791
118,87794
118,87795
118,87797
118,87800
118,87804
118,87805
118,87807
118,87808
118,87811
118,87812
118,87813
118,87815
118,87819
118,87820
118,87821
118,87823
118,87824
118,87825
118,87827
118,87828
118,87829
118,87832
118,87838
118,87839
118,87840
118,87841
118,87850
118,87851
118,87852
118,87853
118,87878
118,87879
118,87881
118,87882
118,87884
118,87885
118,87886
118,87888
118,87889
118,87891
118,87892
118,87893
118,87896
118,87897
118,87899
118,87900
118,87902
118,87904
118,87905
118,87907
118,87908
118,87910
118,87911
118,88411
118,88412
118,88413
118,88414
118,88415
118,88416
118,88417
118,88420
118,88423
118,88426
118,88428
118,88429
118,88431
118,88432
118,88470
118,88471
118,88472
118,88476
118,88477
118,88478
118,88489
118,88494
118,88495
118,88496
118,88497
118,88789
118,90406
118,90408
118,90930
118,90932
118,90933
118,90940
118,90942
118,90943
118,90944
118,90950
118,90952
118,90953
118,90954
118,91515
118,91519
118,91520
118,91525
118,95305
118,95306
118,95622
118,95623
118,95624
118,95625
118,95626
118,96111
118,96112
118,96113
118,96127
118,96129
118,96130
118,96132
118,96133
118,96134
118,96135
118,96485
118,96486
118,98671
118,98672
118,98679
118,98681
118,98682
118,99054
119,100717
119,100719
119,100720
119,100721
119,100722
119,100723
119,100724
119,100725
119,100727
119,100729
119,100730
119,100733
119,100734
119,100735
119,100736
119,100739
119,100740
119,100741
119,100742
119,100743
119,100744
119,100745
119,100746
119,100748
119,100749
119,100750
119,100751
119,100752
119,100753
119,100754
119,100757
119,100758
119,100760
119,100761
119,101725
119,101726
119,101731
119,101732
119,101734
119,101735
119,101746
119,101748
119,101749
119,102193
119,102194
119,102200
119,102201
119,102202
119,102203
119,102204
119,102207
119,102209
119,102213
119,102215
119,102217
119,102218
119,102219
119,102220
119,102223
119,102225
119,102227
119,102228
119,102229
119,102230
119,102234
119,102488
119,102489
119,102491
119,102492
119,102494
119,102520
119,104162
119,104203
119,104204
119,104205
119,104206
119,104207
119,104208
119,104209
119,104211
119,104212
119,104213
119,104215
119,104216
119,104217
119,104218
119,104219
119,104220
119,104221
119,104222
119,104226
119,104227
119,104228
119,104229
119,104230
119,104232
119,104233
119,104234
119,104235
119,104237
119,104238
119,104240
119,104241
119,104242
119,104243
119,104245
119,104246
119,104247
119,104248
119,104249
119,104250
119,104252
119,104253
119,104254
119,104255
119,104256
119,104257
119,104259
119,104260
119,104261
119,104262
119,104264
119,104410
119,104411
119,104413
119,104414
119,104415
119,104416
119,104417
119,104421
119,104588
119,104591
119,104593
119,104594
119,104595
119,104597
119,104598
119,104599
119,104601
119,104603
119,104605
119,104606
119,104607
119,104611
119,104612
119,104613
119,104614
119,104617
119,104618
119,104627
119,104629
119,104630
119,104631
119,104632
119,104633
119,104634
119,104635
119,104636
119,104639
119,104640
119,104642
119,104756
119,104757
119,104951
119,104952
119,104954
119,104955
119,104956
119,104957
119,104959
119,104960
119,104961
119,104962
119,104963
119,104964
119,104966
119,104967
119,104968
119,104969
119,104970
119,104971
119,104972
119,104973
119,104975
119,104976
119,104977
119,104978
119,105185
119,105188
119,105816
119,105819
119,105820
119,105821
119,105822
119,105824
119,105826
119,105828
119,105829
119,106788
119,106789
119,106790
119,106791
119,106792
119,87244
119,87245
119,87246
119,87247
119,87248
119,87250
119,87251
119,87255
119,87256
119,87257
119,87262
119,87265
119,87269
119,87271
119,87273
119,87275
119,87411
119,87413
119,87414
119,87416
119,87418
119,87421
119,87427
119,87430
119,87433
119,87436
119,87439
119,87528
119,87529
119,87530
119,87531
119,87532
119,87536
119,87539
119,87543
119,87546
119,87547
119,87548
119,87549
119,87550
119,87553
119,87554
119,87557
119,87561
119,87620
119,87622
119,87623
119,87624
119,87630
119,87632
119,87633
119,87634
119,87640
119,87642
119,87643
119,87644
119,87683
119,87684
119,87692
119,87693
119,87700
119,87704
119,87735
119,87737
119,87738
119,87739
119,87745
119,87747
119,87749
119,87755
119,87757
119,87758
119,87759
119,87767
119,87768
119,87769
119,87775
119,87777
119,87778
119,87781
119,87783
119,87786
119,87787
119,87788
119,87791
119,87792
119,87795
119,87797
119,87799
119,87800
119,87804
119,87805
119,87807
119,87808
119,87809
119,87811
119,87813
119,87815
119,87816
119,87817
119,87819
119,87820
119,87821
119,87823
119,87824
119,87825
119,87827
119,87828
119,87829
119,87831
119,87832
119,87838
119,87839
119,87840
119,87850
119,87851
119,87852
119,87853
119,87878
119,87879
119,87881
119,87882
119,87884
119,87885
119,87886
119,87887
119,87888
119,87889
119,87891
119,87893
119,87894
119,87896
119,87900
119,87902
119,87904
119,87905
119,87907
119,87908
119,87910
119,87911
119,88411
119,88412
119,88413
119,88414
119,88415
119,88416
119,88417
119,88421
119,88424
119,88428
119,88429
119,88431
119,88432
119,88470
119,88471
119,88472
119,88476
119,88477
119,88478
119,88484
119,88485
119,88488
119,88489
119,88494
119,88496
119,88497
119,88788
119,88789
119,90406
119,90408
119,90932
119,90933
119,90940
119,90942
119,90943
119,90944
119,90950
119,90953
119,91515
119,91519
119,91520
119,91522
119,91525
119,95305
119,95306
119,95624
119,95625
119,95626
119,96109
119,96110
119,96112
119,96113
119,96114
119,96116
119,96126
119,96127
119,96128
119,96129
119,96130
119,96131
119,96133
119,96134
119,96135
119,98671
119,98672
119,98679
119,98680
119,98681
