algoritmo,classe_real,classe_prevista,n
random_forest,pintura,pintura,5
random_forest,pintura,pisos,0
random_forest,pintura,revestimentos_forros,0
random_forest,pisos,pintura,1
random_forest,pisos,pisos,2
random_forest,pisos,revestimentos_forros,1
random_forest,revestimentos_forros,pintura,3
random_forest,revestimentos_forros,pisos,0
random_forest,revestimentos_forros,revestimentos_forros,2
arvore_decisao,pintura,pintura,4
arvore_decisao,pintura,pisos,1
arvore_decisao,pintura,revestimentos_forros,0
arvore_decisao,pisos,pintura,1
arvore_decisao,pisos,pisos,2
arvore_decisao,pisos,revestimentos_forros,1
arvore_decisao,revestimentos_forros,pintura,3
arvore_decisao,revestimentos_forros,pisos,0
arvore_decisao,revestimentos_forros,revestimentos_forros,2
knn,pintura,pintura,4
knn,pintura,pisos,1
knn,pintura,revestimentos_forros,0
knn,pisos,pintura,0
knn,pisos,pisos,3
knn,pisos,revestimentos_forros,1
knn,revestimentos_forros,pintura,4
knn,revestimentos_forros,pisos,1
knn,revestimentos_forros,revestimentos_forros,0
dummy_maioria,pintura,pintura,5
dummy_maioria,pintura,pisos,0
dummy_maioria,pintura,revestimentos_forros,0
dummy_maioria,pisos,pintura,4
dummy_maioria,pisos,pisos,0
dummy_maioria,pisos,revestimentos_forros,0
dummy_maioria,revestimentos_forros,pintura,5
dummy_maioria,revestimentos_forros,pisos,0
dummy_maioria,revestimentos_forros,revestimentos_forros,0
