fonte,codigo,classe,grupo_particao,particao,fold_validacao
der_es,110101,revestimentos_forros,v_a2c8ab32bb99749e,treino,1
der_es,110201,revestimentos_forros,v_d2a347430692cccd,treino,2
der_es,110210,revestimentos_forros,v_252342c7f49f80e6,treino,1
der_es,110301,revestimentos_forros,v_4c59f65b4cddf39b,teste,
der_es,110302,revestimentos_forros,v_4c59f65b4cddf39b,teste,
der_es,110401,revestimentos_forros,v_fe6416f493ddd855,treino,0
der_es,120101,revestimentos_forros,v_a2c8ab32bb99749e,treino,1
der_es,120201,revestimentos_forros,v_f642d35ec76032eb,treino,2
der_es,120221,revestimentos_forros,v_65fe89dd42f9233b,treino,2
der_es,120224,revestimentos_forros,v_6c1322bcdadbc4aa,treino,2
der_es,120232,revestimentos_forros,v_9e2c420e28f08f02,treino,0
der_es,120241,revestimentos_forros,v_17b10d9c9dcce781,treino,1
der_es,120301,revestimentos_forros,v_4c59f65b4cddf39b,teste,
der_es,120302,revestimentos_forros,v_4c59f65b4cddf39b,teste,
der_es,120303,revestimentos_forros,v_4c59f65b4cddf39b,teste,
der_es,120304,revestimentos_forros,v_cfc46a1e6fee449f,treino,0
der_es,120308,revestimentos_forros,v_a362869115671df5,treino,0
der_es,130103,pisos,v_a2c8ab32bb99749e,treino,1
der_es,130104,pisos,v_a2c8ab32bb99749e,treino,1
der_es,130109,pisos,v_33eecbd3c316d76e,treino,2
der_es,130110,pisos,v_7374736633a4f48d,teste,
der_es,130111,pisos,v_33eecbd3c316d76e,treino,2
der_es,130112,pisos,v_7374736633a4f48d,teste,
der_es,130113,pisos,v_33eecbd3c316d76e,treino,2
der_es,130202,pisos,v_e2e52cba3a2ef983,treino,0
der_es,130205,pisos,v_a0bae2d76326d8c8,treino,1
der_es,130209,pisos,v_4084768b50e6b216,teste,
der_es,130210,pisos,v_081d020777014708,treino,0
der_es,130211,pisos,v_69517c5e98ee3893,treino,0
der_es,130222,pisos,v_67238874b06f5313,treino,1
der_es,130223,pisos,v_8068b6772e214165,treino,0
der_es,130225,pisos,v_948103301b8dacda,treino,2
der_es,130226,pisos,v_aa2a63f981912262,treino,2
der_es,130228,pisos,v_daf99c12b1dacd5e,treino,1
der_es,130230,pisos,v_18b17ced41ec4192,treino,0
der_es,130231,pisos,v_18b17ced41ec4192,treino,0
der_es,130233,pisos,v_9d39b35ba93fa234,treino,0
der_es,130234,pisos,v_707677f9757aa1ea,treino,1
der_es,130236,pisos,v_41d7784f76cc4bf7,teste,
der_es,130237,pisos,v_daf99c12b1dacd5e,treino,1
der_es,130403,pisos,v_c6225bc81a0200b7,treino,2
der_es,190101,pintura,v_757a95c8a3cb40b3,teste,
der_es,190102,pintura,v_5f1fa37a37d0d251,treino,2
der_es,190103,pintura,v_f5f7fcbc7ffe43f8,treino,0
der_es,190104,pintura,v_d8aaef5ba56b0143,treino,1
der_es,190105,pintura,v_61253787c539a966,treino,2
der_es,190106,pintura,v_7772aff8ada6665c,treino,0
der_es,190107,pintura,v_c26285872c899de9,treino,1
der_es,190108,pintura,v_1ddc5f355b91f535,treino,1
der_es,190114,pintura,v_9591742a2e6b7c64,treino,2
der_es,190115,pintura,v_d8aaef5ba56b0143,treino,1
der_es,190116,pintura,v_61253787c539a966,treino,2
der_es,190117,pintura,v_7772aff8ada6665c,treino,0
der_es,190121,pintura,v_dfc2cd0a407647a1,treino,1
der_es,190201,pintura,v_42425ef1b6be46c9,treino,0
der_es,190202,pintura,v_75e4f5dfca1df21a,treino,1
der_es,190203,pintura,v_7772aff8ada6665c,treino,0
der_es,190204,pintura,v_7772aff8ada6665c,treino,0
der_es,190205,pintura,v_595768cdbb1e50d7,teste,
der_es,190211,pintura,v_d8aaef5ba56b0143,treino,1
der_es,190301,pintura,v_fa471d6fbc85cb1f,treino,0
der_es,190302,pintura,v_6822f94c8991cc97,treino,2
der_es,190303,pintura,v_0cc70a5c3843afef,teste,
der_es,190306,pintura,v_e9bc00073fb6ee06,teste,
der_es,190307,pintura,v_cb7a5527c7241bcc,treino,1
der_es,190417,pintura,v_86ab5625ffedec06,treino,2
der_es,190418,pintura,v_73f93b538ab65f9b,treino,0
der_es,190602,pintura,v_3baf6fc9b7674dd5,treino,2
der_es,190603,pintura,v_275690d2e0c703e6,teste,
der_es,190605,pintura,v_62d90b1f682f60e4,treino,2
