fonte,grupo,unidade,n,n_servicos,n_meses,modelos,competencia_inicio,competencia_fim,mape,mdape,p90,q1_ape,q3_ape,mape_persistencia,mdape_persistencia,p90_persistencia,ganho_mape_pct,dentro_5_pct,dentro_5_pct_persistencia,vies_pct,vies_pct_persistencia,mae,rmse,mse,r2,mae_persistencia,rmse_persistencia,mse_persistencia,r2_persistencia,ganho_mse_pct
sinapi_es,Chapisco,M2,84,28,3,linear_multipla,2026-03,2026-05,1.4716446057613903,0.8499686626517292,3.9495237798137657,0.28961424693250004,1.877457127153797,1.4733779605001658,0.789310904924015,3.2964138509998864,0.11764494822408163,91.66666666666666,94.04761904761905,-0.5409589876911318,-0.7260671913425126,0.12178747685762395,0.17526162977092044,0.030716638869959182,0.9987815235168588,0.1274999999999999,0.17232651731938578,0.02969642857142857,0.9988219935130026,-3.435464625238376
sinapi_es,Contrapiso,M2,177,59,3,linear_simples,2026-03,2026-05,1.125228085166745,0.8444902247535796,1.531457091552447,0.4621283838547475,1.1415857455879364,0.9759755211675445,0.887628111273791,1.8643931426469627,-15.292654453121127,98.30508474576271,100.0,0.035661195876604566,-0.6343866573732703,0.7156085181130665,0.9205823414683864,0.8474718474234166,0.9996103491111089,0.8014124293785309,0.9768868458549941,0.9543079096045191,0.9995612279907778,11.195135354728125
sinapi_es,Forros,M2,36,12,3,linear_multipla,2026-03,2026-05,1.2647680644996089,1.4000793019878017,2.2213923054745415,0.6792608310994814,1.7639724183784722,1.1678021165626982,1.239286762977964,2.1304165986924506,-8.303285853113515,100.0,100.0,-0.3233140729260389,-0.4731857063848222,1.2805933880785938,1.8081312990060565,3.2693387944453294,0.9988837941882328,1.28388888888889,1.956359998682361,3.8273444444444475,0.998693281919946,14.579446874949731
sinapi_es,Gesso,M2,72,24,3,linear_simples,2026-03,2026-05,1.199545819732761,1.1518573402669028,1.6468517943411947,1.0392403747119823,1.292999653808625,0.9669722758540354,0.5059448843890963,2.298486837667968,-24.05172823319214,100.0,100.0,0.2473827816229165,-0.4268073410277341,0.42833745972396814,0.4668710680464489,0.21796859417883194,0.9984362757525016,0.34652777777777716,0.492393530510798,0.24245138888888812,0.9982606342116692,10.09802204980409
sinapi_es,Massa Única Externa,M2,309,103,3,linear_multipla,2026-03,2026-05,0.7302113969982401,0.6736849644114329,1.4264212217590788,0.3109534292508073,1.1079762717079629,0.8577624264771878,0.5267470443638099,2.0994791635680294,14.870204795842724,100.0,100.0,-0.4018192753097017,-0.7483826481555415,0.7375731459741474,0.9415835031490942,0.8865794934025204,0.9990980714184107,0.8530097087378642,1.1431914675117139,1.306886731391586,0.9986704875256947,32.160953806724955
sinapi_es,Massa Única Interna,M2,150,50,3,linear_multipla,2026-03,2026-05,1.0765632409210142,1.0269514658883647,2.0362587255261144,0.4270534276946561,1.6729513656932606,1.02494189140196,0.5052483390597116,2.5162714902684957,-5.036514748016042,100.0,100.0,-0.8546070327651512,-0.9587397429304989,0.49005953165759014,0.5975846404406621,0.3571074024905954,0.9967812804650396,0.45693333333333347,0.6341713753657867,0.4021733333333335,0.996375087283512,11.205598956354986
sinapi_es,Monocapa,M2,36,12,3,linear_simples,2026-03,2026-05,0.8309583901650733,0.967016778201904,1.2481775764804253,0.34234984482595443,1.1868544323607835,0.8693801814296648,0.9500604444479201,1.3118097980147612,4.4194464154230175,100.0,100.0,0.13418925660330744,0.23506874595899355,1.3819427923483987,1.572705950305873,2.473404006127499,0.9964879588069976,1.4583333333333333,1.6151539314326115,2.6087222222222213,0.9962958174714491,5.18714545159402
sinapi_es,Paredes de Concreto - Estucamento,M2,93,31,3,linear_multipla,2026-03,2026-05,1.8125664603697316,1.876226785417179,3.0377399887964645,0.7914241308678919,2.844978361077441,1.3857162417809719,0.3084515731030272,3.860688374902178,-30.8035805397039,100.0,100.0,-1.5476334462482362,-1.3294089854287545,0.1686075743182167,0.21114290495264984,0.04458132631184373,0.9983500058968737,0.13903225806451608,0.22745199186234993,0.0517344086021505,0.9980852640290426,13.826546941544489
sinapi_es,Pintura Externa,M2,93,31,3,linear_multipla,2026-03,2026-05,1.0867776871678283,1.204978218230481,1.8516493262005358,0.548745147145242,1.5729302604901922,0.39628379941826836,0.44792833146695576,0.7362636354462003,-174.24227000023274,100.0,100.0,0.7817814712655934,0.031488324804865596,0.33843915279895354,0.4542310433491724,0.20632584074207774,0.9990986392619434,0.10161290322580649,0.14591572173505654,0.02129139784946245,0.9999069858142304,-869.0572793804936
sinapi_es,Pintura Interna,M2,42,14,3,linear_multipla,2026-03,2026-05,1.27770288788339,1.5377720522239513,1.995774463437881,0.6585204033746456,1.7834295026296458,0.2722369920677579,0.30303030303031003,0.5012942436180118,-369.33478003069416,100.0,100.0,1.1114750619336877,0.020414354769847855,0.23866705184169423,0.31617450899691735,0.09996632013944176,0.9988106691747819,0.04809523809523825,0.07040698017343792,0.00495714285714288,0.9999410233086825,-1916.6116454642336
sinapi_es,Pintura em Madeira,M2,87,29,3,linear_multipla,2026-03,2026-05,1.7738374893274202,1.469017348708094,2.6588178036480508,0.984230602431504,2.25347729469169,0.47540885044725567,0.22935779816513271,1.2834377394594563,-273.1183144063531,96.55172413793103,100.0,1.5135092451381746,-0.10592345722902807,0.3370577482711868,0.4229854986926918,0.1789167321043052,0.9989221850803314,0.128850574712644,0.29387032874202035,0.0863597701149431,0.9994797588375649,-107.17601710399491
sinapi_es,Pintura em Superfícies Metálicas,M2,120,40,3,linear_multipla,2026-03,2026-05,1.1619020924791728,1.2887342949159017,1.8852480251759645,0.4856127408038348,1.6982485980678403,0.4058524523180632,0.2404026866910186,1.0250312673313322,-186.28682316513382,100.0,100.0,1.152102292223862,-0.3375156910057351,0.38771081363852067,0.5122970146278819,0.26244823119664024,0.9991386637639394,0.11566666666666663,0.1876255135458216,0.03520333333333329,0.9998844651896038,-645.5209673230961
sinapi_es,Pintura para Pisos e para Sinalização Horizontal e Vertical,M2,29,11,3,linear_multipla,2026-03,2026-05,1.4433007623634855,1.3566314070161098,2.4642727435252048,0.600366683071093,1.7225720430486837,0.6052821467402862,0.14598540145985955,2.159021855989531,-138.45090593474507,100.0,100.0,0.18356108718297892,-0.423488897886489,0.4802978475013132,0.6892813213150802,0.4751087399138629,0.9995054385372898,0.15931034482758588,0.2943607919918495,0.08664827586206889,0.9999098040207397,-448.31874631892856
sinapi_es,Pisos,M2,28,28,1,linear_simples,2026-05,2026-05,1.8217397258797337,0.6352945723314534,3.10963247791758,0.301500328659432,1.7039924165521803,1.2039262518325509,1.0288215812829327,3.403412928480025,-51.3165547396928,92.85714285714286,100.0,0.4520843289006603,-1.1220379645332328,2.2366721727956005,3.9479943598002456,15.58665946501455,0.9991138740861915,2.389642857142859,4.403706636784193,19.39263214285715,0.9988974986001771,19.625869504488307
sinapi_es,Revestimentos Cerâmicos Externos,M2,24,8,3,linear_simples,2026-03,2026-05,2.1974284936904804,2.1611929394834704,3.9181040352934957,0.82374154880821,3.577619471651468,2.0369879034225917,2.7240254021680927,3.312793690008565,-7.876364410329238,100.0,100.0,-0.7458254242645316,-0.2150383802566785,6.293594680151311,7.518024137888755,56.52068693787796,0.9801845381961121,5.776666666666671,7.182118420076357,51.582825000000106,0.9819156922199553,-9.572686137057916
sinapi_es,Revestimentos Cerâmicos Internos,M2,114,38,3,linear_multipla,2026-03,2026-05,2.2710807165363414,0.8443044471273247,5.6752048994324795,0.3397564104753957,5.191878625114356,1.8127792093950006,2.0721356116427234,3.2945002752206727,-25.28170583412058,66.66666666666666,100.0,-1.5361836814274166,-0.4079108892797295,2.4693631733116312,4.882838061869627,23.84210753844274,0.9953024216071539,1.8895614035087722,2.9889487971995594,8.933814912280694,0.9982397824592499,-166.8748767748552
